-- phpMyAdmin SQL Dump
-- version 5.1.1
-- https://www.phpmyadmin.net/
--
-- Servidor: localhost:3307
-- Tiempo de generación: 31-03-2025 a las 21:58:35
-- Versión del servidor: 10.4.22-MariaDB
-- Versión de PHP: 8.1.1

SET SQL_MODE = "NO_AUTO_VALUE_ON_ZERO";
START TRANSACTION;
SET time_zone = "+00:00";


/*!40101 SET @OLD_CHARACTER_SET_CLIENT=@@CHARACTER_SET_CLIENT */;
/*!40101 SET @OLD_CHARACTER_SET_RESULTS=@@CHARACTER_SET_RESULTS */;
/*!40101 SET @OLD_COLLATION_CONNECTION=@@COLLATION_CONNECTION */;
/*!40101 SET NAMES utf8mb4 */;

--
-- Base de datos: `boutiqueblue`
--

-- --------------------------------------------------------

--
-- Estructura de tabla para la tabla `tbl_boutique_abonos`
--

CREATE TABLE `tbl_boutique_abonos` (
  `ab_id` int(11) NOT NULL,
  `ab_apartado` int(11) NOT NULL,
  `ab_tipoPago` int(11) NOT NULL,
  `ab_cantidad` varchar(5) COLLATE utf8_spanish_ci NOT NULL,
  `ab_hora` time NOT NULL,
  `ab_fecha` date NOT NULL,
  `ab_activo` int(11) NOT NULL,
  `ab_fregistro` timestamp NOT NULL DEFAULT current_timestamp() ON UPDATE current_timestamp()
) ENGINE=InnoDB DEFAULT CHARSET=utf8 COLLATE=utf8_spanish_ci;

--
-- Volcado de datos para la tabla `tbl_boutique_abonos`
--

INSERT INTO `tbl_boutique_abonos` (`ab_id`, `ab_apartado`, `ab_tipoPago`, `ab_cantidad`, `ab_hora`, `ab_fecha`, `ab_activo`, `ab_fregistro`) VALUES
(1, 1, 1, '100', '19:29:00', '2024-09-23', 1, '2025-01-28 07:30:05'),
(2, 2, 1, '100', '19:30:00', '2024-09-23', 1, '2025-01-28 08:38:58'),
(3, 3, 1, '100', '19:35:00', '2024-09-23', 1, '2025-01-28 08:39:00'),
(4, 4, 1, '100', '19:39:00', '2024-09-24', 1, '2025-01-28 08:39:03'),
(5, 5, 1, '100', '19:43:00', '2024-09-25', 1, '2025-01-28 08:39:05'),
(6, 6, 1, '100', '19:46:00', '2024-09-25', 1, '2025-01-28 08:39:07'),
(7, 7, 1, '100', '19:52:00', '2024-09-25', 1, '2025-01-28 08:39:09'),
(8, 8, 1, '200', '20:02:00', '2024-09-28', 1, '2025-01-28 08:39:10'),
(9, 9, 1, '200', '20:04:00', '2024-09-28', 1, '2025-01-28 08:39:12'),
(10, 10, 1, '100', '20:16:00', '2024-09-29', 1, '2025-01-28 08:39:13'),
(11, 11, 1, '50', '20:24:00', '2024-09-29', 1, '2025-01-28 09:35:01'),
(12, 12, 1, '100', '20:41:00', '2024-09-29', 1, '2025-01-28 08:41:48'),
(13, 13, 1, '100', '20:45:00', '2024-09-29', 1, '2025-01-28 08:45:54'),
(14, 14, 1, '100', '20:48:00', '2024-09-29', 1, '2025-01-28 08:48:32'),
(15, 5, 1, '250', '20:50:00', '2024-09-29', 1, '2025-01-28 08:50:31'),
(16, 7, 1, '250', '20:55:00', '2024-10-02', 1, '2025-01-28 08:55:41'),
(17, 8, 1, '390', '20:56:00', '2024-10-03', 1, '2025-01-28 08:56:43'),
(18, 15, 1, '100', '20:58:00', '2024-10-03', 1, '2025-01-28 08:59:23'),
(19, 11, 1, '50', '21:00:00', '2024-10-03', 1, '2025-01-28 09:00:13'),
(20, 3, 1, '100', '21:00:00', '2024-10-03', 1, '2025-01-28 09:00:49'),
(21, 4, 1, '180', '21:03:00', '2024-10-04', 1, '2025-01-28 09:03:18'),
(22, 9, 1, '250', '21:03:00', '2024-10-04', 1, '2025-01-28 09:03:48'),
(23, 16, 1, '100', '21:11:00', '2024-10-05', 1, '2025-01-28 09:11:34'),
(24, 14, 1, '160', '21:14:00', '2024-10-06', 1, '2025-01-28 09:14:37'),
(25, 17, 1, '150', '21:16:00', '2024-10-06', 1, '2025-01-28 09:17:03'),
(26, 18, 1, '150', '21:21:00', '2024-10-06', 1, '2025-01-28 09:21:15'),
(27, 19, 1, '200', '21:28:00', '2024-10-06', 1, '2025-01-28 09:28:52'),
(28, 20, 1, '200', '21:29:00', '2024-10-06', 1, '2025-01-28 09:29:58'),
(29, 21, 1, '100', '21:33:00', '2024-10-08', 1, '2025-01-28 09:34:00'),
(30, 22, 1, '100', '21:37:00', '2024-10-08', 1, '2025-01-28 09:38:01'),
(31, 23, 1, '100', '21:45:00', '2024-10-10', 1, '2025-01-28 09:45:24'),
(32, 6, 1, '250', '21:46:00', '2024-10-10', 1, '2025-01-28 09:46:13'),
(33, 2, 1, '50', '21:46:00', '2024-10-10', 1, '2025-01-28 09:47:03'),
(34, 1, 1, '250', '21:47:00', '2024-10-10', 1, '2025-01-28 09:47:25'),
(35, 3, 1, '90', '21:49:00', '2024-10-10', 1, '2025-01-28 09:49:07'),
(36, 24, 1, '100', '10:11:00', '2024-10-11', 1, '2025-01-28 22:12:02'),
(37, 19, 1, '250', '10:27:00', '2024-10-13', 1, '2025-01-28 22:27:31'),
(38, 20, 1, '200', '10:27:00', '2024-10-13', 1, '2025-01-28 22:27:49'),
(39, 25, 1, '100', '10:30:00', '2024-10-13', 1, '2025-01-28 22:30:32'),
(40, 12, 1, '200', '10:30:00', '2024-10-13', 1, '2025-01-28 22:30:56'),
(41, 13, 1, '170', '10:31:00', '2024-10-13', 1, '2025-01-28 22:31:55'),
(42, 23, 1, '100', '10:33:00', '2024-10-15', 1, '2025-01-28 22:33:09'),
(43, 26, 2, '200', '10:34:00', '2024-10-15', 1, '2025-01-28 22:34:47'),
(44, 18, 1, '200', '10:37:00', '2024-10-16', 1, '2025-01-28 22:38:36'),
(45, 16, 1, '270', '10:40:00', '2024-10-16', 1, '2025-01-28 22:40:56'),
(46, 27, 1, '100', '10:42:00', '2024-10-09', 1, '2025-01-28 22:42:26'),
(47, 27, 1, '150', '10:42:00', '2024-10-11', 1, '2025-01-28 22:42:55'),
(48, 27, 1, '150', '10:43:00', '2024-10-16', 1, '2025-01-28 22:43:12'),
(49, 23, 1, '50', '10:48:00', '2024-10-18', 1, '2025-01-28 22:48:29'),
(50, 28, 1, '100', '10:50:00', '2024-10-18', 1, '2025-01-28 22:50:48'),
(51, 21, 1, '160', '10:57:00', '2024-10-19', 1, '2025-01-28 22:57:30'),
(52, 26, 1, '390', '10:58:00', '2024-10-19', 1, '2025-01-28 22:58:48'),
(53, 29, 1, '200', '11:03:00', '2024-10-19', 1, '2025-01-28 23:03:30'),
(54, 10, 1, '200', '11:05:00', '2024-10-20', 1, '2025-01-28 23:05:54'),
(55, 17, 1, '150', '11:08:00', '2024-10-20', 1, '2025-01-28 23:08:13'),
(56, 30, 1, '100', '11:09:00', '2024-10-20', 1, '2025-01-28 23:09:52'),
(57, 25, 1, '200', '11:10:00', '2024-10-20', 1, '2025-01-28 23:10:45'),
(58, 28, 1, '290', '11:14:00', '2024-10-22', 1, '2025-01-28 23:14:28'),
(59, 22, 1, '350', '11:15:00', '2024-10-22', 1, '2025-01-28 23:16:05'),
(60, 23, 1, '130', '00:00:00', '2024-10-24', 1, '2025-01-29 22:13:58'),
(61, 31, 1, '100', '16:19:09', '2024-10-26', 1, '2025-01-29 22:19:09'),
(62, 30, 1, '180', '00:00:00', '2024-10-26', 1, '2025-01-29 22:20:39'),
(63, 32, 1, '200', '16:24:41', '2024-10-27', 1, '2025-01-29 22:24:41'),
(64, 33, 1, '300', '16:25:19', '2024-10-27', 1, '2025-01-29 22:25:19'),
(65, 34, 1, '100', '16:26:40', '2024-10-27', 1, '2025-01-29 22:26:40'),
(66, 35, 1, '100', '16:30:06', '2024-10-30', 1, '2025-01-29 22:30:06'),
(67, 36, 1, '50', '16:30:40', '2024-10-30', 1, '2025-01-29 22:30:40'),
(68, 10, 1, '100', '00:00:00', '2024-11-01', 1, '2025-01-29 22:32:21'),
(69, 15, 1, '100', '00:00:00', '2024-11-01', 1, '2025-01-29 22:33:03'),
(70, 37, 1, '100', '16:33:38', '2024-11-01', 1, '2025-01-29 22:33:38'),
(71, 38, 1, '100', '16:34:48', '2024-11-01', 1, '2025-01-29 22:34:48'),
(72, 34, 1, '370', '00:00:00', '2024-11-01', 1, '2025-01-29 22:37:12'),
(73, 39, 1, '100', '16:42:10', '2024-11-02', 1, '2025-01-29 22:42:10'),
(74, 38, 1, '100', '00:00:00', '2024-11-02', 1, '2025-01-29 22:42:31'),
(75, 29, 1, '150', '00:00:00', '2024-11-03', 1, '2025-01-29 22:45:17'),
(76, 40, 2, '100', '16:46:11', '2024-11-03', 1, '2025-01-29 22:46:11'),
(77, 41, 1, '100', '16:50:20', '2024-11-03', 1, '2025-01-29 22:50:20'),
(78, 42, 1, '100', '16:51:07', '2024-11-03', 1, '2025-01-29 22:51:07'),
(79, 37, 1, '150', '00:00:00', '2024-11-06', 1, '2025-01-29 22:54:35'),
(80, 43, 1, '50', '16:59:39', '2024-11-06', 1, '2025-01-29 22:59:39'),
(81, 44, 1, '100', '17:00:18', '2024-11-06', 1, '2025-01-29 23:00:18'),
(82, 24, 1, '490', '00:00:00', '2024-11-06', 1, '2025-01-29 23:01:25'),
(83, 45, 1, '200', '17:03:52', '2024-11-07', 1, '2025-01-29 23:03:52'),
(84, 31, 1, '280', '00:00:00', '2024-11-07', 1, '2025-01-29 23:05:34'),
(85, 39, 1, '195', '00:00:00', '2024-11-08', 1, '2025-01-29 23:07:24'),
(86, 45, 1, '95', '00:00:00', '2024-11-08', 1, '2025-01-29 23:08:52'),
(87, 42, 1, '180', '00:00:00', '2024-11-09', 1, '2025-01-29 23:10:40'),
(88, 46, 1, '200', '17:13:56', '2024-11-09', 1, '2025-01-29 23:13:56'),
(89, 47, 1, '200', '17:15:43', '2024-11-09', 1, '2025-01-29 23:15:43'),
(90, 35, 1, '290', '00:00:00', '2024-11-09', 1, '2025-01-29 23:16:23'),
(91, 33, 1, '200', '00:00:00', '2024-11-10', 1, '2025-01-29 23:17:53'),
(92, 48, 1, '200', '17:22:08', '2024-11-10', 1, '2025-01-29 23:22:08'),
(93, 38, 1, '100', '00:00:00', '2024-11-10', 1, '2025-01-29 23:22:41'),
(94, 41, 1, '100', '00:00:00', '2024-11-13', 1, '2025-01-29 23:24:00'),
(95, 38, 1, '190', '00:00:00', '2024-11-15', 1, '2025-01-29 23:26:58'),
(96, 47, 1, '250', '00:00:00', '2024-11-17', 1, '2025-01-29 23:28:34'),
(97, 49, 1, '100', '17:29:47', '2024-11-17', 1, '2025-01-29 23:29:47'),
(98, 32, 1, '260', '00:00:00', '2024-11-17', 1, '2025-01-29 23:30:09'),
(99, 36, 1, '90', '00:00:00', '2024-11-17', 1, '2025-01-29 23:30:30'),
(100, 50, 1, '200', '17:32:24', '2024-11-17', 1, '2025-01-29 23:32:24'),
(101, 43, 1, '50', '00:00:00', '2024-11-20', 1, '2025-01-29 23:34:56'),
(102, 51, 1, '260', '17:36:18', '2024-11-21', 1, '2025-01-29 23:36:18'),
(103, 15, 1, '180', '00:00:00', '2024-11-21', 1, '2025-01-29 23:36:48'),
(104, 52, 1, '80', '17:37:44', '2024-11-21', 1, '2025-01-29 23:37:44'),
(105, 50, 1, '100', '00:00:00', '2024-11-21', 1, '2025-01-29 23:38:10'),
(106, 52, 1, '480', '00:00:00', '2024-11-22', 1, '2025-01-29 23:38:43'),
(107, 53, 1, '130', '17:44:57', '2024-11-24', 1, '2025-01-29 23:44:57'),
(108, 48, 1, '100', '00:00:00', '2024-11-25', 1, '2025-01-29 23:45:23'),
(109, 43, 1, '50', '00:00:00', '2024-11-27', 1, '2025-01-29 23:46:47'),
(110, 54, 1, '150', '17:50:20', '2024-11-28', 1, '2025-01-29 23:50:20'),
(111, 41, 1, '150', '00:00:00', '2024-11-28', 1, '2025-01-29 23:51:19'),
(112, 41, 1, '200', '00:00:00', '2024-11-30', 1, '2025-01-29 23:52:35'),
(113, 50, 1, '150', '00:00:00', '2024-11-30', 1, '2025-01-29 23:53:35'),
(114, 55, 1, '100', '17:58:12', '2024-12-01', 1, '2025-01-29 23:58:12'),
(115, 56, 1, '150', '18:03:06', '2024-12-01', 1, '2025-01-30 00:03:06'),
(116, 57, 1, '200', '18:04:45', '2024-12-01', 1, '2025-01-30 00:04:45'),
(117, 54, 1, '140', '00:00:00', '2024-12-01', 1, '2025-01-30 00:07:33'),
(118, 40, 1, '460', '00:00:00', '2024-12-01', 1, '2025-01-30 00:08:07'),
(119, 43, 1, '100', '00:00:00', '2024-12-03', 1, '2025-01-30 00:09:44'),
(120, 58, 1, '310', '18:13:41', '2024-12-05', 1, '2025-01-30 00:13:41'),
(121, 44, 1, '200', '00:00:00', '2024-12-05', 1, '2025-01-30 00:14:10'),
(122, 59, 1, '400', '18:17:06', '2024-12-05', 1, '2025-01-30 00:17:06'),
(123, 44, 1, '150', '00:00:00', '2024-12-06', 1, '2025-01-30 00:19:22'),
(124, 60, 1, '100', '18:20:12', '2024-12-06', 1, '2025-01-30 00:20:12'),
(125, 53, 1, '160', '00:00:00', '2024-11-06', 1, '2025-01-30 00:21:28'),
(126, 55, 1, '100', '00:00:00', '2024-12-06', 1, '2025-01-30 00:22:03'),
(127, 61, 1, '170', '18:25:01', '2024-12-08', 1, '2025-01-30 00:25:01'),
(128, 62, 1, '100', '18:42:07', '2024-12-12', 1, '2025-01-30 00:42:07'),
(129, 59, 1, '190', '00:00:00', '2024-12-12', 1, '2025-01-30 00:43:05'),
(130, 58, 1, '240', '00:00:00', '2024-12-13', 1, '2025-01-30 00:44:40'),
(131, 63, 1, '100', '18:48:11', '2024-12-14', 1, '2025-01-30 00:48:11'),
(132, 56, 1, '100', '00:00:00', '2024-12-14', 1, '2025-01-30 00:49:10'),
(133, 64, 1, '120', '18:49:46', '2024-12-14', 1, '2025-01-30 00:49:46'),
(134, 65, 1, '100', '18:52:39', '2024-12-14', 1, '2025-01-30 00:52:39'),
(135, 66, 1, '50', '18:58:20', '2024-12-17', 1, '2025-01-30 00:58:20'),
(136, 66, 1, '380', '00:00:00', '2024-12-19', 1, '2025-01-30 00:59:43'),
(137, 67, 1, '200', '19:02:48', '2024-12-19', 1, '2025-01-30 01:02:48'),
(138, 68, 1, '200', '19:03:27', '2024-12-19', 1, '2025-01-30 01:03:27'),
(139, 69, 1, '100', '19:04:13', '2024-12-19', 1, '2025-01-30 01:04:13'),
(140, 70, 1, '50', '19:05:19', '2024-12-20', 1, '2025-01-30 01:05:19'),
(141, 56, 1, '210', '00:00:00', '2024-12-20', 1, '2025-01-30 01:06:03'),
(142, 61, 1, '200', '00:00:00', '2024-12-20', 1, '2025-01-30 01:08:18'),
(143, 69, 1, '350', '00:00:00', '2024-12-21', 1, '2025-01-30 01:09:30'),
(144, 67, 1, '350', '00:00:00', '2024-12-21', 1, '2025-01-30 01:09:51'),
(145, 71, 1, '200', '19:13:31', '2024-12-22', 1, '2025-01-30 01:13:31'),
(146, 57, 1, '350', '00:00:00', '2024-12-22', 1, '2025-01-30 01:13:59'),
(147, 65, 1, '220', '00:00:00', '2024-12-22', 1, '2025-01-30 01:15:15'),
(148, 60, 1, '100', '00:00:00', '2024-12-14', 1, '2025-01-30 01:15:59'),
(149, 60, 1, '260', '00:00:00', '2024-12-22', 1, '2025-01-30 01:16:12'),
(150, 72, 1, '200', '19:21:10', '2024-12-23', 1, '2025-01-30 01:21:10'),
(151, 62, 1, '220', '00:00:00', '2024-12-23', 1, '2025-01-30 01:21:43'),
(152, 71, 1, '490', '00:00:00', '2024-12-24', 1, '2025-01-30 01:23:48'),
(153, 72, 1, '480', '00:00:00', '2024-12-24', 1, '2025-01-30 01:24:32'),
(154, 73, 1, '150', '19:33:28', '2024-12-27', 1, '2025-01-30 01:33:28'),
(155, 73, 1, '300', '00:00:00', '2024-12-30', 1, '2025-01-30 01:34:57'),
(156, 64, 1, '230', '00:00:00', '2024-12-30', 1, '2025-01-30 01:35:28'),
(157, 68, 1, '360', '00:00:00', '2024-12-30', 1, '2025-01-30 01:36:21'),
(158, 51, 1, '300', '00:00:00', '2025-01-02', 1, '2025-01-30 01:44:19'),
(159, 74, 1, '150', '19:45:50', '2025-01-03', 1, '2025-01-30 01:45:50'),
(160, 55, 1, '150', '00:00:00', '2025-01-03', 1, '2025-01-30 01:46:22'),
(161, 74, 1, '400', '00:00:00', '2025-01-03', 1, '2025-01-30 01:46:50'),
(162, 75, 1, '100', '19:48:18', '2025-01-07', 1, '2025-01-30 01:48:18'),
(163, 70, 1, '200', '00:00:00', '2025-01-07', 1, '2025-01-30 01:48:39'),
(164, 49, 1, '190', '00:00:00', '2025-01-07', 1, '2025-01-30 01:49:08'),
(165, 76, 1, '100', '19:50:39', '2025-01-08', 1, '2025-01-30 01:50:39'),
(166, 77, 1, '100', '19:53:14', '2025-01-08', 1, '2025-01-30 01:53:14'),
(167, 75, 1, '350', '00:00:00', '2025-01-08', 1, '2025-01-30 01:53:34'),
(168, 77, 1, '470', '00:00:00', '2025-01-09', 1, '2025-01-30 01:53:51'),
(169, 63, 1, '350', '00:00:00', '2025-01-11', 1, '2025-01-30 01:55:59'),
(170, 70, 1, '200', '00:00:00', '2025-01-14', 1, '2025-01-30 01:58:08'),
(171, 46, 1, '290', '00:00:00', '2025-01-16', 1, '2025-01-30 02:04:42'),
(172, 78, 1, '200', '20:05:09', '2025-01-17', 1, '2025-01-30 02:05:09'),
(173, 76, 1, '460', '00:00:00', '2025-01-23', 1, '2025-01-30 02:10:43'),
(174, 79, 1, '100', '20:12:41', '2025-01-23', 1, '2025-01-30 02:12:41'),
(175, 80, 1, '100', '21:58:20', '2025-01-26', 1, '2025-01-30 03:58:20'),
(176, 81, 1, '100', '21:59:58', '2025-01-26', 1, '2025-01-30 03:59:58'),
(177, 82, 1, '150', '22:03:19', '2025-01-26', 1, '2025-01-30 04:03:19'),
(178, 11, 1, '50', '00:00:00', '2024-10-10', 1, '2025-01-30 04:18:11'),
(179, 23, 1, '50', '00:00:00', '2024-10-30', 1, '2025-01-30 04:18:51'),
(180, 83, 1, '100', '22:01:49', '2025-02-01', 1, '2025-02-03 04:01:49'),
(181, 84, 1, '100', '22:43:05', '2025-01-27', 1, '2025-02-03 04:43:05'),
(182, 79, 1, '200', '00:00:00', '2025-01-30', 1, '2025-02-03 04:58:17'),
(183, 85, 1, '100', '04:16:34', '2025-02-01', 1, '2025-02-13 10:16:34'),
(184, 86, 1, '100', '04:17:19', '2025-02-01', 1, '2025-02-13 10:17:19'),
(185, 80, 1, '200', '00:00:00', '2025-02-02', 1, '2025-02-13 10:19:46'),
(186, 78, 1, '250', '00:00:00', '2025-02-04', 1, '2025-02-13 10:22:08'),
(187, 84, 1, '250', '00:00:00', '2025-02-05', 1, '2025-02-13 10:22:50'),
(188, 87, 1, '200', '04:24:01', '2025-02-06', 1, '2025-02-13 10:24:01'),
(189, 87, 1, '150', '00:00:00', '2025-02-08', 1, '2025-02-13 10:31:01'),
(190, 88, 1, '200', '04:32:21', '2025-02-08', 1, '2025-02-13 10:32:21'),
(191, 80, 1, '200', '00:00:00', '2025-02-09', 1, '2025-02-13 10:34:27'),
(192, 48, 1, '250', '00:00:00', '2024-11-30', 1, '2025-02-13 10:36:46'),
(193, 33, 1, '90', '00:00:00', '2024-11-07', 1, '2025-02-13 10:42:42'),
(194, 89, 1, '100', '04:42:09', '2025-02-09', 1, '2025-02-19 10:42:09'),
(195, 79, 1, '190', '00:00:00', '2025-02-10', 1, '2025-02-19 10:44:18'),
(196, 80, 1, '60', '00:00:00', '2025-02-10', 1, '2025-02-19 10:44:37'),
(197, 86, 1, '100', '00:00:00', '2025-02-10', 1, '2025-02-19 10:44:54'),
(198, 85, 1, '200', '00:00:00', '2025-02-15', 1, '2025-02-19 10:49:15'),
(199, 88, 1, '150', '00:00:00', '2025-02-15', 1, '2025-02-19 10:49:47'),
(200, 90, 1, '200', '04:50:44', '2025-02-15', 1, '2025-02-19 10:50:44'),
(201, 91, 1, '200', '04:52:22', '2025-02-15', 1, '2025-02-19 10:52:22'),
(202, 92, 1, '100', '04:54:35', '2025-02-16', 1, '2025-02-19 10:54:35'),
(203, 86, 1, '170', '00:00:00', '2025-02-20', 1, '2025-02-24 10:35:54'),
(204, 82, 1, '150', '00:00:00', '2025-02-20', 1, '2025-02-24 10:36:19'),
(205, 82, 1, '180', '00:00:00', '2025-02-23', 1, '2025-02-24 10:36:42'),
(206, 93, 1, '1', '05:07:33', '2025-02-23', 1, '2025-02-24 11:07:33'),
(207, 94, 1, '1', '05:08:16', '2025-02-23', 1, '2025-02-24 11:08:16'),
(208, 95, 1, '1', '05:09:03', '2025-02-23', 1, '2025-02-24 11:10:21'),
(209, 96, 1, '1', '05:14:41', '2025-02-23', 1, '2025-02-24 11:14:41'),
(210, 97, 1, '1', '05:21:00', '2025-02-23', 1, '2025-02-24 11:21:00'),
(211, 98, 1, '1', '05:21:33', '2025-02-23', 1, '2025-02-24 11:22:04'),
(212, 99, 1, '1', '05:24:27', '2025-02-23', 1, '2025-02-24 11:24:27'),
(213, 100, 1, '1', '05:30:55', '2025-02-23', 1, '2025-02-24 11:30:55'),
(214, 101, 1, '1', '05:31:47', '2025-02-23', 1, '2025-02-24 11:31:47'),
(215, 102, 1, '1', '05:36:31', '2025-02-23', 1, '2025-02-24 11:36:31'),
(216, 103, 1, '1', '05:37:08', '2025-02-23', 1, '2025-02-24 11:37:08'),
(217, 104, 1, '1', '05:37:42', '2025-02-23', 1, '2025-02-24 11:37:42'),
(218, 105, 1, '1', '05:41:25', '2025-02-23', 1, '2025-02-24 11:41:25'),
(220, 107, 1, '1', '05:46:10', '2025-02-23', 1, '2025-02-24 11:46:10'),
(221, 108, 1, '1', '05:46:53', '2025-02-23', 1, '2025-02-24 11:46:53'),
(222, 107, 1, '224', '00:00:00', '2025-02-23', 1, '2025-02-24 11:49:06'),
(223, 108, 1, '109', '00:00:00', '2025-02-23', 1, '2025-02-24 11:49:39'),
(224, 109, 1, '1', '05:53:05', '2025-02-23', 1, '2025-02-24 11:53:05'),
(225, 90, 1, '290', '00:00:00', '2025-03-01', 1, '2025-03-28 08:37:20'),
(226, 104, 1, '249', '00:00:00', '2025-03-02', 1, '2025-03-28 08:49:45'),
(227, 103, 1, '269', '00:00:00', '2025-03-02', 1, '2025-03-28 08:50:07'),
(228, 102, 1, '342', '00:00:00', '2025-03-02', 1, '2025-03-28 08:50:32'),
(229, 101, 1, '309', '00:00:00', '2025-03-02', 1, '2025-03-28 08:50:54'),
(230, 100, 1, '127', '00:00:00', '2025-03-02', 1, '2025-03-28 08:51:37'),
(231, 110, 1, '100', '02:56:53', '2025-03-06', 1, '2025-03-28 08:56:53'),
(232, 111, 1, '100', '03:03:00', '2025-03-06', 1, '2025-03-28 09:03:00'),
(233, 112, 1, '100', '03:11:43', '2025-03-06', 1, '2025-03-28 09:11:43'),
(234, 113, 1, '150', '03:14:23', '2025-03-08', 1, '2025-03-28 09:14:23'),
(236, 115, 1, '1', '03:19:28', '2025-03-08', 1, '2025-03-28 09:19:28'),
(237, 111, 1, '200', '00:00:00', '2025-03-09', 1, '2025-03-28 09:22:21'),
(238, 116, 1, '100', '03:24:36', '2025-03-12', 1, '2025-03-28 09:24:36'),
(239, 117, 1, '100', '03:25:10', '2025-03-12', 1, '2025-03-28 09:25:10'),
(240, 118, 1, '100', '03:26:03', '2025-03-12', 1, '2025-03-28 09:26:03'),
(241, 99, 1, '164', '00:00:00', '2025-03-01', 1, '2025-03-28 09:27:34'),
(242, 97, 2, '274', '00:00:00', '2025-03-01', 1, '2025-03-28 09:27:55'),
(243, 98, 2, '299', '00:00:00', '2025-03-01', 1, '2025-03-28 09:28:16'),
(244, 108, 2, '110', '00:00:00', '2025-03-03', 1, '2025-03-28 09:30:21'),
(245, 107, 2, '225', '00:00:00', '2025-03-03', 1, '2025-03-28 09:30:41'),
(246, 81, 1, '100', '00:00:00', '2025-01-16', 1, '2025-03-28 09:31:14'),
(247, 83, 1, '220', '00:00:00', '2025-01-22', 1, '2025-03-28 09:31:36'),
(248, 94, 2, '246', '00:00:00', '2025-03-03', 1, '2025-03-28 09:32:16'),
(249, 95, 2, '153', '00:00:00', '2025-03-03', 1, '2025-03-28 09:33:06'),
(250, 116, 1, '400', '00:00:00', '2025-03-14', 1, '2025-03-28 09:36:53'),
(251, 119, 1, '100', '03:41:04', '2025-03-14', 1, '2025-03-28 09:41:04'),
(252, 120, 1, '100', '03:42:39', '2025-03-14', 1, '2025-03-28 09:42:39'),
(253, 91, 1, '150', '00:00:00', '2025-02-12', 1, '2025-03-28 09:52:20'),
(254, 110, 1, '100', '00:00:00', '2025-03-13', 1, '2025-03-28 09:54:18'),
(255, 110, 1, '120', '00:00:00', '2025-03-16', 1, '2025-03-29 06:24:27'),
(256, 112, 2, '370', '00:00:00', '2025-03-20', 1, '2025-03-29 06:26:19'),
(257, 121, 1, '200', '00:43:38', '2025-03-08', 1, '2025-03-29 06:43:38'),
(258, 120, 1, '220', '00:00:00', '2025-03-16', 1, '2025-03-29 07:32:15'),
(259, 118, 1, '385', '00:00:00', '2025-03-22', 1, '2025-03-29 07:33:43'),
(260, 111, 1, '210', '00:00:00', '2025-03-13', 1, '2025-03-29 07:50:13');

-- --------------------------------------------------------

--
-- Estructura de tabla para la tabla `tbl_boutique_apartados`
--

CREATE TABLE `tbl_boutique_apartados` (
  `a_id` int(11) NOT NULL,
  `a_token` varchar(16) COLLATE utf8_spanish_ci NOT NULL,
  `a_tokenEncrypt` varchar(128) COLLATE utf8_spanish_ci NOT NULL,
  `a_producto` int(11) NOT NULL,
  `a_cliente` int(11) NOT NULL,
  `a_fecha` date NOT NULL,
  `a_hora` time NOT NULL,
  `a_activo` int(11) NOT NULL,
  `a_fregistro` timestamp NOT NULL DEFAULT current_timestamp() ON UPDATE current_timestamp()
) ENGINE=InnoDB DEFAULT CHARSET=utf8 COLLATE=utf8_spanish_ci;

--
-- Volcado de datos para la tabla `tbl_boutique_apartados`
--

INSERT INTO `tbl_boutique_apartados` (`a_id`, `a_token`, `a_tokenEncrypt`, `a_producto`, `a_cliente`, `a_fecha`, `a_hora`, `a_activo`, `a_fregistro`) VALUES
(1, 'm4rR4edag3gZwGCd', '3b5ae61195aad734f572557c1bc98f5f47e77336426ef0257d39870f7a4941c54beb0f300374ea04f7753da40675dafc356e9aa2c4f8e886588843725ea685bb', 44, 1, '2024-09-23', '19:29:00', 0, '2025-01-28 09:47:25'),
(2, 'kXvUw0fKozIQxmqF', '46f5981aa00bf3f9162726a0b8f124402ad88ea3eb33a4351d59e805ed40984d771c380d92e4191aa955aabd2a85b0a68cb67d86a973fbe2a05033419e2e0c92', 62, 1, '2024-09-23', '19:30:00', 0, '2025-01-28 09:47:03'),
(3, 'o6NUi8wWNgy20ulb', '14e5a9d807c5a5cd9241d3b0290c3759ed1bb58fb31e7dcaaf097c880cb9bd39b6ff42205e033f5ff9605291cccf6b7e2dfa8c85c68178e14517266fdfb9333d', 90, 66, '2024-09-23', '19:35:00', 0, '2025-01-28 09:49:07'),
(4, 'A87mjBdL6p7wECDm', 'e2bbf58ea5ef9dec394ca946612195eb8054a87fb53747ea7aebf6bc52f119737b37c5452d64badbdc60e01fd45dc5e0571333c7237440af3fb185e30d83b314', 30, 2, '2024-09-24', '19:39:00', 0, '2025-01-28 09:03:18'),
(5, 'C5SiTHMj6kWWlzwD', '6a0a3883e346803d661a2d21f5cae0599e7597c1a33d9c5ae02a23fd991004542c438ebb6a2e41d4fdcebd90e166b5301a27138e03342f7069acada1220d9d37', 45, 67, '2024-09-25', '19:43:00', 0, '2025-01-28 08:50:31'),
(6, 'FC9lWJgaJYGCFTPM', '43cb6760adfb5cecea74f72e3488af726ff0af122eae4c62dd5f90229d6ea4214f8fbc59982bc92c0581515f274aa964685417650fa5a859332a26da691c1b05', 46, 1, '2024-09-25', '19:46:00', 0, '2025-01-28 09:46:13'),
(7, '6NO12yT9Tbtn623h', 'ca791519c00dcdbf1822e4dc6bd731799f57444541e4c4b740320eb875f5bf36b6480853f72f270d236471bed0681de2956f3a8924531011623755d71d2f01ae', 31, 68, '2024-09-25', '19:52:00', 0, '2025-01-28 08:55:41'),
(8, 'ltAV4k0LRXmwmOrn', '4f6e4e9061f3652f8efdc3752b4181fc3afd0a8a90a85ea0761878b0ca2dd9ebbe13ed53c949659c5c8f08f124ee58428a50b6cfac3eb5a871622c6e1ec6a46a', 124, 21, '2024-09-28', '20:02:00', 0, '2025-01-28 08:56:43'),
(9, 'B8fh857XCGBQl6WY', 'c35efbf2a54a63df94fd70fef2324835da7553af1ed04ed69477d3963ab56e3a0374ef915bbaa9d26a427e1b1213cf896034bf53ee145889c4a6cc249cd7d3c7', 118, 2, '2024-09-28', '20:04:00', 0, '2025-01-28 09:03:48'),
(10, 'iZrum1H5WBjIpYsc', '7a8eefe1a92bb30cfc7add1ae7ad9e47b7d8b8c6c5cbfb23bbeb702e39bbe092ebdb5a37bc9d2bef6af1470cc8196a10d77c9f4e02e0e9e96eb6119f92419822', 111, 1, '2024-08-29', '20:16:00', 0, '2025-01-29 22:32:21'),
(11, '8eBH1FbXMEMOekHG', '1ce327abc6388b4edcfd3b27791743e520f4f9716853ae0651887b5f9ae838db83dab7b96977c6cfb5f9cb5179ad22e5d541e918e21cbd1668f6194de063ac80', 61, 67, '2024-08-29', '20:24:00', 0, '2025-01-30 04:18:11'),
(12, '5cC6RW5JqbEdWLLg', '3e51a4a260a9a67ead016ccc2c2c66cea1f36043e211193158098ae86ace89e0132b80954edba72fba4eaed39f227ff365a4d1a97b8662a17089cbe788cbc5f0', 134, 69, '2024-09-29', '20:41:00', 0, '2025-01-28 22:30:56'),
(13, 'BoBYyaMzPUZiUHBk', 'bfe8dfacdf977063ecb6ec0c77b38ddb6a0e962cb39f3c4740b4323a077acfbb6182f3b603e7316d731c96ef7313804f84bc4511286d62d130f989624b8f5426', 104, 13, '2024-09-29', '20:45:00', 0, '2025-01-28 22:31:55'),
(14, 'hm94uDikLKEicSzW', 'aff1e8531d4385fa12348f99a07a2cc40cb50b96a41713e774ab48a0ee45a3456db6c780c8cde1a617699e357129f3a8ec40f27991a888d64de5a6406ebab3d4', 131, 70, '2024-09-29', '20:48:00', 0, '2025-01-28 09:14:37'),
(15, 'KpCyoBDCnmm9wjde', 'f6b291a88d0d73975101d47af21d90415e1ae1c31aa56baac42fc06da4119e2990cc7a995422adfe4293e071e5c103eadd828079023622790c886c5bdac12ebe', 147, 1, '2024-10-03', '20:58:00', 0, '2025-01-29 23:36:48'),
(16, '3cTPMjRv4plMioKW', '4ead677dcd693a036fe44e98f8e48a554cc03a4a7b3066908e18be146e81730ee220230d406514baba7fe892e9cd519486b240c6b5e6793a07e6bed007419159', 128, 71, '2024-10-05', '21:11:00', 0, '2025-01-28 22:40:56'),
(17, 'dbKviTLXIW5q5XJt', '9da27b82e620ec35cfcbb5a8b2b3f6a606d100d2af95f60119428ce18f68fb5987decc6af582572610c7f84f46b61717bc45e968976417d4ba2817ff2897d89e', 53, 12, '2024-10-06', '21:16:00', 0, '2025-01-28 23:08:13'),
(18, 'rnu6OlTesJqbweBH', '3eb42eeb771ac155d04ef9be580040ac0c12dcfdbe584a514ebfc75ad9afd1c41219f01b462dfd2b580e24df93389b3506941c0962880e067123266a0934de4a', 42, 72, '2024-10-06', '21:21:00', 0, '2025-01-28 22:37:39'),
(19, 'fS0qDexvcY88Ewzw', '543751bdce963cd8bc0413af6a9a15dcff7a487de5e3d09529c3f37b882666cd3f100ff0c9aa0120739221526fbea1cce4065dd6427823905287745fce61878d', 292, 47, '2024-10-06', '21:28:00', 0, '2025-01-28 22:27:31'),
(20, 'eT3EIp8zvttr9Niq', '7cc776bbf265e0f764b7b7f7a81afea7621b50dcfca3415f21812fd95dfc6fa45a723b87ee8f1c27920066d1cfe62481361ff3929b0ad1e54b3f293114fb0839', 100, 47, '2024-10-06', '21:29:00', 0, '2025-01-28 22:27:49'),
(21, 'pwVYpW4zDrgUQ99l', '072bb46a39056a5c18f60333fd4d4f75f0216b60ba7f310ddd2987a84fe9125608f82b74a05a375e29636bfc68b8674e2e0db7e4f84b5552b3ac3294bd94b75a', 129, 24, '2024-10-08', '21:33:00', 0, '2025-01-28 22:57:30'),
(22, 'FkMnR9sGl22HgagI', 'b53343cecf1af16312617992cce70de9939aedda0f1f255717770cfe608fc5707e47b18b8ad13820ddd2a7216fcd9e6021af075c44cd5d2d771daaf2ba93b8e2', 67, 33, '2024-10-08', '21:37:00', 0, '2025-01-28 23:16:05'),
(23, '521Iqw5SJshKoXXL', '399a1a2453cb799b1760f046fed37d26d9e033c4683319c4154bdd576d22e90219dacd2b5d80525de9ce82d7aa9492c308245ed48df5214e64e3d5ddf8cb636c', 84, 5, '2024-10-10', '21:45:00', 0, '2025-01-30 04:18:51'),
(24, 'owNFOlhlpZdsBLnP', '0dbec06f52d4068b0469b90e74a6161c59d6fe1c922384b851c024527c7d439c761bc4aae2c0703668d71a9e3d818eecb4aa7d4178d361ac6effd0fff2a19ee1', 125, 2, '2024-10-11', '10:11:00', 0, '2025-01-29 23:01:25'),
(25, '6fWae7fDaCnG98WH', '8af37978b66bc6f2556a593769406c8faac3c4f4c6b48af182851fd996764ab0fa951e8b0ffbc3107de3c2f3ab43dc896a7b55befd87e4c7a7f4f9943f20e7f4', 133, 47, '2024-10-13', '10:30:00', 0, '2025-01-28 23:10:46'),
(26, 'b44rNaRusTO7U37c', 'd79aaa2ea85195b112f38da9884dae45b7b4b2ba4765200d08bf9aa51c4413ead46faa86808fcfbdd53e583950d664520577d041ddff968fd8047aad9d5fbb91', 123, 31, '2024-10-15', '10:34:00', 0, '2025-01-28 22:58:48'),
(27, 'hkyfNYfxJdPvecNm', 'b660eddf30e772ec37b02d833bfd78580eb53afe4f2f18e5fd21dfa2176085fa06a5eba3403938f081c2542ed2a4f478468689b6d0ecf8b23015cce1c919e27f', 99, 3, '2024-10-09', '10:42:00', 0, '2025-01-28 22:43:12'),
(28, 'SWZZSiglmL2u6LlB', '69318eb337380af4d05039e074aa4a1ecedbcd65d219c1b99770f8c5fe662c494c1cf68040dab63924477caeaada62d74e6813e2d4cfff0f11f64c5bb063a9f8', 207, 9, '2024-10-18', '10:50:00', 0, '2025-01-28 23:14:28'),
(29, 'pMsaNQalmX2VNKjt', '23b6a95061b71e97fde16242f367d022317aefd1618394cb2440892be92270908a8a742da749ba29302ee1b294c5a922f97a2e5b4b70ae38814a8b7505caacf5', 185, 73, '2024-10-19', '11:03:00', 0, '2025-01-29 22:45:17'),
(30, 'EbQGjsof41yI2r0v', '91b5bca7ff62f13d958c1d413fae838af2109abbcf6e7c3d5cf7d3a998f64ff62fd27205d08f88a11859097aa3841ca0a490e43cefc6fe9e8f674ec79cf6f450', 136, 1, '2024-10-20', '11:09:00', 0, '2025-01-29 22:20:39'),
(31, '1TbF8PlTJUA8gYPE', '4797d0d7e4fb7780cbc010272bf68abd99c1847ba50317aa3c33b6898e1e232cecf8839f0fd7a4c57c6dcb9367e6bd3ff44c4af06600f856cd9db922075f0bec', 145, 1, '2024-10-26', '00:00:00', 0, '2025-01-29 23:05:34'),
(32, 'FCjLxi3V8CJtaqqI', 'd7f0d3a88125ea4f31f5d77bf25544f8eedc7e2d75de3db3264025b0d1af87920a083793002eceeefa1053b32273d865800bbecd4c2e28291df04548ffdc3901', 244, 1, '2024-10-27', '00:00:00', 0, '2025-01-29 23:30:09'),
(33, '3BaBNkGHhpIT4YLy', '4f3bd7f16540f36f324d5a49663eaf0327434274300353ea00caf7e0eadc6e37c4a21c87ef094b5446f8286bd393a0d3d4ee6305896784f8b71572e9d57c8cec', 257, 47, '2024-10-27', '00:00:00', 0, '2025-02-13 10:42:42'),
(34, 'MskOcI36tJFViizv', '76f46f29616c45554ba033b15c75c5ce755cdb64e86c6d945b40e538366f4994ee309152fa3486ab2b80d0a690a741a1187a0ec9cf1d58e1aa246bc475e0d9fd', 166, 1, '2024-10-27', '00:00:00', 0, '2025-01-29 22:37:12'),
(35, 'i0PBuBaUfoPQohUJ', '9f31b83d2eee35be2d57ad21c1cb7ccdb72cbfeae719b648835d517123bba8e234d0ef0c69c82384e392ce651597f9902c47acf4c87e61c93f914cef55adf284', 209, 1, '2024-10-30', '00:00:00', 0, '2025-01-29 23:16:23'),
(36, 'FDK8brKsi4qar09k', '512adc455cac3cc09197311502a499a3a114520573abaa17d22c3b06ea515bd41ee4eda7dab87814d70802f385966ee099c4441f9a9282b96f1245bc3a2f5788', 56, 1, '2024-10-30', '00:00:00', 0, '2025-01-29 23:30:30'),
(37, 'XEjt5G83b6NMHAJ3', 'a1c94c0db18c2cde53cf6b927395e0b1962b3a492231ffbe46d3bd2763a1ae45c875df3f3698721f65e0b04e260ea9424cae9e206c2e2fbd897913773effdfa8', 156, 1, '2024-11-01', '00:00:00', 0, '2025-01-29 22:54:35'),
(38, 'p7IzYZyLi02Xcbwz', 'f5c7d56347aa4847cc4ba5b1c3e5c207303ff3cecc3773d7a6b5015cb203ed4429ddb5b2abbc1d5299df7e469c2b869660b2a20a14ea71006f302f6d71361c09', 242, 1, '2024-11-01', '00:00:00', 0, '2025-01-29 23:26:58'),
(39, 'RQ4WcffFTHQYldFp', '27136a0b83c1d40b3a3ce2cbd70ca30b8d0ee883593367a447874268ca2259c6105d4b08f7e595ce3f303078419f859cdb0fbd3ea829fc6639669014733cfad9', 261, 1, '2024-11-02', '00:00:00', 0, '2025-01-29 23:07:24'),
(40, 'AjIzkKazrWvK4nNr', '184743d7c8eba01f29d27f38b872162ad3a65c269c5b5856f74a4423d76c9aec7512747476b36041befc81a23cb6c3f38cbfa66762d088b0d550966c123c8a96', 264, 28, '2024-11-03', '00:00:00', 0, '2025-01-30 00:08:07'),
(41, '4OSZ1iCIcnU4Gx41', '7ff4f69e3c982be5c4e70435dbe2a7ba514d0bf06bb6a7bafe2e34cd76dc3887044374b52ccc43f4f85111a3d26a9adb7eba96db05c8e806d752ae00790f7322', 250, 23, '2024-11-03', '00:00:00', 0, '2025-01-29 23:52:35'),
(42, 'KbbLt01Sra9PG6pQ', '7f2a4ffba6cae106ac43a337f1eb52052ea70e1711517ad1a1eb5e18cff4d80c685143bee9e0c1dc07db8e052aec3e353b629910a7c802df0a5d66dcd7ed246d', 28, 1, '2024-11-03', '00:00:00', 0, '2025-01-29 23:10:41'),
(43, 'cGlTQ2YDzBG8q1Cp', '4743b3fa7c431b6d851ae78b4d613ce44decb93cc2aa1e4ccdf875127fe08051325e88a3cfb775b5de4f71a0e7adbbae7e15de3b81851e033a8b69f39a779cb3', 253, 67, '2024-11-06', '00:00:00', 0, '2025-01-30 00:09:44'),
(44, 'cqQe3t0RJPgkmIal', '78f04e4d1d976e0d3f1ba46b9f1d5d2a42570609f0ecf4795d330481290d68b0156cba8919a72f00ea73252c006e62645a4e85af157cd76531542c179c31f4af', 65, 2, '2024-11-06', '00:00:00', 0, '2025-01-30 00:19:22'),
(45, 'hodKb7uEyTyBmeHt', 'f88b9236dea95455d4ba27d859cf72c77a7e42f97f9c8efffcd963161a04d1e978a8eed0134b29a4a1c896dcf18f06f9e07832d00d0ff62d7cf4005f77a55f7a', 262, 1, '2024-11-07', '00:00:00', 0, '2025-01-29 23:08:52'),
(46, 'naBttX4oPL4ED7nR', 'f27d252f1fc3fa80b5bba47b4c4063fc5c2b455b62bb2b1088211a7e92330df40b736afee55db3413438cfe85397ca100aab9c972e973b5b2494612a3d9b960b', 241, 1, '2024-11-09', '00:00:00', 0, '2025-01-30 02:04:43'),
(47, 'WwrIqEHBaODXoFlF', 'efa5ed6af2a1f31efc8c5435c1fd779e891fc335f7deaf748df0dddb0f1aaaf2b93f7d115204770d71e7c6871c283dc7be5eb83b13d1a80268a69ecfbd0e7d6a', 205, 1, '2024-11-09', '00:00:00', 0, '2025-01-29 23:28:34'),
(48, 'HAllmcXi8d2FHJM2', '5e721438e0d9a740fc24c2194c170d1c3ed002d1546ec8a49af5858b25f9530385320cc341c51311f40a4ed83316d53e0a61bd0a3499362dd20aae7c3de7451c', 251, 40, '2024-11-10', '00:00:00', 0, '2025-02-13 10:36:46'),
(49, 'Kp3ZVmQkqA9vRnCp', '570c25dd0f5de6c5c863621afac3315dc53684267cbd6536a9d4ffddcdba92ad1821ee5b5bfc3403264de99d483fb5a2879ebf175b98b3b8d91e58990e30164f', 187, 17, '2024-11-17', '00:00:00', 0, '2025-01-30 01:49:08'),
(50, 'NIJVcAyfIkDLQbVB', '0fc5f5bc3c9a3b08938d5a7c033e6992d36caa0cfddf4228149a5486578da55caf292ccab773c8420f679e204fb29c82296c08d05cd191d203e4b344b5df82e0', 294, 18, '2024-11-17', '00:00:00', 0, '2025-01-29 23:53:35'),
(51, 'TU4LGuf1800cR8Nx', 'da6af32e5af99aac5fbaab17b1802fd3461c474b9de776a64ce437317149f4fff46e8747f36d3a40319d5392a3ff3af11d65cc408172e606095d8f2365394c43', 220, 1, '2024-11-21', '00:00:00', 0, '2025-01-30 01:44:19'),
(52, 'zAKPVMkNLv2Hz4T2', '9ba94cdaa53ddc3be4377ff00f5919f40ce6d0367b7b6d890735035915760ce216dc3e9f41df441decb021679a1106faa06d952dcd072c6d2521d1d47981b9b9', 199, 21, '2024-11-21', '00:00:00', 0, '2025-01-29 23:38:43'),
(53, '3NLk5dLhzTbQUAQB', 'beb8a3f8f4b47f726d3dacce6be68bbeac35ad75ad5417b3563d0099518527f397aefe0e01b4dbeb84a01ae0af35365b8fab9f5b4c21c8ab6bbc629116e24079', 181, 45, '2024-11-24', '00:00:00', 0, '2025-01-30 00:21:28'),
(54, 'Qvdtcttc7ds5E0Ss', 'bfbf90724103043b6694756ec8964982ab3124c32413d4da84b6975892f4a055f3508f248e5a1fdcfa40767757f98fdb7634a43af1777f8ccca02d758d0808db', 40, 74, '2024-11-28', '00:00:00', 0, '2025-01-30 00:07:33'),
(55, '1ti2dnzOqDSO2ShZ', 'ee5b09bc0e725b4bf3566a73a45c4100cfb82ba50ed402999a1a6bcfba394422a625896ff6dffd1996f31ea7151b1e681365816edcdc041f3bf8ea357ab27416', 27, 54, '2024-12-01', '00:00:00', 0, '2025-01-30 01:46:22'),
(56, 'bVkMQAshS9o4wO4P', '2d4c0b5646ac70eef53f06bf8ceb5cd19f9905a78d03e8868aa9d25c6f5676e778071d6ca5d804baafc39f00d1494ca28179f65da29f4abde22687848854bec1', 267, 1, '2024-12-01', '00:00:00', 0, '2025-01-30 01:06:03'),
(57, 'YPYeTkd2264siNwE', '64c5136436d08a9498d3a6c53757db23021921636074733ae2a7b7eabe5767f7f840357834844bee19f4982cc6606dfa42c05e981502327bb9cb548b23f8fbcb', 231, 12, '2024-12-01', '00:00:00', 0, '2025-01-30 01:13:59'),
(58, 'PWsXWpcpcPgEz4P5', '7627c8259ad70c1b516272f844f8f6b32289fcced891531431a175d914cc46288d176fffb768ff356f1a74dda8eaaf30437b13745aafd1d0c466f6b07e02a75d', 249, 76, '2024-12-05', '00:00:00', 0, '2025-01-30 00:44:40'),
(59, 'XDBMCQ9tPjVfWFYM', '524f944925dca06b2a258e4984b382cd6e9fb6b267803d910c3144e7c4ae9a06d61047e16ddba5b6d21ba55ec8f6d6dd748d7b7b68c7b954bda9ff32e897186a', 255, 77, '2024-12-05', '00:00:00', 0, '2025-01-30 00:43:05'),
(60, '5ngfBOmUmgX3ccFS', '72e8c3ae5a041bdbfec042a52d4678bdf6bb6b05c2e623686fb0420183ea1096eab1ecea5ba1fa5a408792505bb58df79c0977007a89dbfe10e16140928784b4', 266, 2, '2024-12-06', '00:00:00', 0, '2025-01-30 01:16:12'),
(61, 'pFgyNWp8xrDTmKmC', '0ce4bfc0479a68bcd4546a7d4bf9a4c06fe19907e6d219953929bb578985129aa267438a610128f23c6fd3081fc8bf68fc320ce9fcc57a5f949995ed701a5b0c', 126, 1, '2024-12-08', '00:00:00', 0, '2025-01-30 01:08:18'),
(62, 'OYOqgexFk3sP1G3H', 'f72f2451d7c50373cf830560df956f90381fa0d27a393ce4a72e78f6f46b0d230dbffa48eb28c4c9cbe9373c671f8c26d32963e5906a2b4c3a70c4857d04bc48', 288, 78, '2024-12-12', '00:00:00', 0, '2025-01-30 01:21:43'),
(63, 'SKal3EgNQIBpwb0w', '8dd517f656db57dfd83fd9ddde4732a0143773e402ddb2519b2bbd8168ccdcd4badcf288a80ded1de3af53cc01ff65e81fddc3c9c4cea7fd912a1fed582e6bc5', 337, 1, '2024-12-14', '00:00:00', 0, '2025-01-30 01:55:59'),
(64, 'n1Ty7w81hL1zp2Db', 'd30a06fbe3df9d938d92d35aea5c758db98ed3361380bdf910ed8e5f361362ad7afa2eddfd7c4c02b10e4e46eb80b3b82e33ef262db36bb9aa46740055414f05', 26, 55, '2024-12-14', '00:00:00', 0, '2025-01-30 01:35:28'),
(65, 'Mxr4ftdPngPZboCj', 'd5e4a8598c6f07c88f1fff24eff13c8d101f3749dcb6c9ad763945ed69673174f462427066c7855f1cc455cdfe3d9f2e447e368f86fcf59793431ca68891e866', 194, 79, '2024-12-14', '00:00:00', 0, '2025-01-30 01:15:15'),
(66, 'BJfKqp0jdSHcimmb', '24035c8d6f5ec02897ec268b2da354bf2ac7ca553bf9d091ec710c80b0d5caf7a7727adedafe0d5fc234a0d6b87bcf2bac5a80bee6f1c59a726816d1a65bf837', 85, 81, '2024-12-17', '00:00:00', 0, '2025-01-30 00:59:43'),
(67, 'w4MqSIi1oeGjwjgU', 'aabcdfef0428c5c8e64926e6c3dc15acaeafb415e9e57e5bad193f69aafc54e2336c142bdd64d9ca27874029317d495fbcf6d7e8176690fbdf617c67a850e9dc', 248, 21, '2024-12-19', '00:00:00', 0, '2025-01-30 01:09:51'),
(68, 'QlP4Bj6R6qA9MnAo', 'db2631a1f0445e36bc5e620712901ea7df35afbbfb5ed14597f012c08bd55e0d2fbecc33fb5fb943c4543dfaf00e2e8e4e2a419e6ef99d471b4692f7ce8e62b6', 222, 21, '2024-12-19', '00:00:00', 0, '2025-01-30 01:36:21'),
(69, 'NZ62fcsUhggUUj1k', '3605fad39b1069c3ba708385bc970c305f7c3ace9a3eecab1fa0095018edead366dc35303855a939029cc39e8ef0ce0294a1ef80ac61ccd89b8c70ab4d3c9513', 334, 21, '2024-12-19', '00:00:00', 0, '2025-01-30 01:09:31'),
(70, 'K3UMikJ1QuJFPHPF', '5eb72eee4efe9516fda474cce7b83895d468a297b209932ed5d29766b2398c5deda3441344dde369d25032eea16122164486e4ac39b355129d4817113aa76098', 335, 41, '2024-12-20', '00:00:00', 0, '2025-01-30 01:58:08'),
(71, 'Xp6r8upRHnmCfnWG', '953f7f958fe805f5027437e478ce968d7e003405db9f04478800235df52d71004b2cbf6af034ac5abd156eab24f6b58bf95341972eeeda10b500f733e7aadece', 352, 1, '2024-12-22', '00:00:00', 0, '2025-01-30 01:23:48'),
(72, 'NMgOXxzfT3dq58Lm', 'ebc90cc26e3c992c0ec78541f76f7e58368b45319b558ae70f12bbb46ef2a6d1295045398cb6ff6f4fa2928387fda6e6813e180c7cc64464fbd4c36b759d5db6', 338, 82, '2024-12-23', '00:00:00', 0, '2025-01-30 01:24:32'),
(73, 'z98E40LusyZbQwZo', '05a4a93b4a6ebdb6523f5f73d71593513aba2e74015080198b732b1e2651777470204a0cbf0a6b8d998ef2a638c0b51e1fc9516a33843c218f9d7a07c976d82d', 301, 64, '2024-12-27', '00:00:00', 0, '2025-01-30 01:34:57'),
(74, '2KqgUlctMEB9PN27', '8fde73938592582bf188b496434db2c0693727b8792b9b00383777e806396916262dae91adb33901c1196ce54ba964e9421ee91516b893aeaf4b9871abc2e78c', 247, 36, '2025-01-03', '00:00:00', 0, '2025-01-30 01:46:50'),
(75, 'uLhshBmcMcwE0FZ8', 'b14f611a9dc54a687a9ca0e4135f0fe46c7a5784862775639f39e0f770028901114d4fc974597a9ec88f39aa5a349f590fa7aec1987f3f5a7fe0e2a4388a1a67', 343, 1, '2025-01-07', '00:00:00', 0, '2025-01-30 01:53:34'),
(76, '5UZYJ2ZOGXGsIEvJ', '7af511030bc7a6034a2dc8a5e4aa4c9219f63b60e28e074c1ea4601f77e27590c2badb26211ebd0f6ed94e601150c2a18707c562833f72636009b1908fffe3cf', 219, 36, '2025-01-08', '00:00:00', 0, '2025-01-30 02:10:43'),
(77, 'J6SvbZkn3xr4I0Tk', 'd68d4828e597d907a654d75e7f3c180c8cd6824b487b8c27a70fc0776f14a66c6e668b2dea3686a1e4bdf9f9cf96b7b6c42a85dcdf1855030d2e9c5de2ecfb81', 272, 1, '2025-01-08', '00:00:00', 0, '2025-01-30 01:53:51'),
(78, 'X7xHgJN1Dhy5JU3q', 'b1ef68f20522790a03ee1f937474c9b121f79ccbd8388a0e4ca0faa9c30a59885f1762fcb888c6b55e7fe42489614408d57c15f9a508d74f6155f87d6be1d9f5', 304, 1, '2025-01-17', '00:00:00', 0, '2025-02-13 10:22:08'),
(79, 'mDcqbbqqMWgNN3kj', '2adf900032320b7643f5f17f7f8ad6ab4668a2dbce5ceb28a131571feae5be12707b90b5a9afdf709fe6e02ddfeb0257d3e11df55173e004f25994274d8b720f', 423, 1, '2025-01-23', '00:00:00', 0, '2025-02-19 10:44:18'),
(80, 'AqawB5sKr7D1jb5z', '2c6fb525fa8b70630634f68972e0c419f6d44e83aa72dbf01a991867338d76611c55d86ef6c69db2a097fef4f97d61307a08020d4e588c993890ec478417d174', 365, 66, '2025-01-26', '00:00:00', 0, '2025-02-19 10:44:37'),
(81, 'izuNFHrVvwDtI7HG', '26ca42d541f101f03fb583cc97e1b80ca333b804ff3b095c0f00cc8e8fa29cf6a2cde258d532787f1f4b8f3e747c8a68361a5799b1f1abcbdab7c7f9087cc882', 427, 59, '2025-01-26', '00:00:00', 0, '2025-03-28 09:31:14'),
(82, 'Xf2F9BJZyQnIRxuN', '2699b77e630f34f6e95aa4d81b727f21b5f46eacb10215ed14a1de143add9d881fdccb50108c4b9f15c208968ce429ef23d2a6cf73d7eed2ae195aca5b2019c4', 411, 84, '2025-01-26', '00:00:00', 0, '2025-02-24 10:36:42'),
(83, 'RgHDMYfOCp8obIn8', 'e6e992cef6d59de854afcc131848cae3ac252149b35a2fd6e4adcce32fcbbd3352a686898467b94fb29bfb35f1586d59326e036fbc69c23fed1067aa28e76d55', 287, 55, '2025-02-01', '00:00:00', 0, '2025-03-28 09:31:36'),
(84, '4IqjjSI5woIlUcHe', 'fa4ac18d4ca7b45ceb8d44c44d161598b539044db24331bd58a7ef2acb9a6d51be0889ca496554c7586e3b49b4c2ec60e606ce978572b1aae38d3a86687245de', 421, 85, '2025-01-27', '00:00:00', 0, '2025-02-13 10:22:50'),
(85, '3msG5IfHfsIoThnF', '7f5846c25e1c57ed0ff8c9a3aa41c47cfc1c7d0ab166a0135c1a14ff36db22ff8909a27ad253eb0c0bf40a71ab7e900d41fabcf93c5c1426a2941aa52c5b29e0', 432, 8, '2025-02-01', '00:00:00', 0, '2025-02-19 10:49:15'),
(86, 'PqxEDtn2kfRsWs3C', 'fac7628f8a0ae715b8f71317b5d7ca8cde217c91427d3e66192450fcd5a3265474e65961127b7d5254757428ab1a94c88b25254bdc9d87048360e78760354b00', 396, 1, '2025-02-01', '00:00:00', 0, '2025-02-24 10:35:54'),
(87, 'XzYrPUDXrkg26vyl', '7197ae3756b1d4538c3b52761cd210c742b62852e04a2218e50b9366dbb26f59f88517b1c7699f55076e4201d2c98ac2379fe754aed45c9da4177289efd38def', 419, 1, '2025-02-06', '00:00:00', 0, '2025-02-13 10:31:01'),
(88, 'FjqLXdS2Jt35cN1P', '7703b37c3568b1ba279b6adc6d07bc91d3805eea426c25fe356845314793ba9f7c3de1a6a017e7d4c51898c1e61bcba3bf776e8198059bbeb6b0209829af88de', 372, 1, '2025-02-08', '00:00:00', 0, '2025-02-19 10:49:47'),
(89, 'REOZBEf40IW4H9tV', 'd01ba56b6c168dc7b1542d6fb075c2d60b52d529bf7dbb0b6dcc8c4f7707b19934abb6fad0039dee5b918723d44aadf66398ec836f64d5b6f70407153b24132a', 424, 1, '2025-02-09', '00:00:00', 1, '2025-02-19 10:42:09'),
(90, 'ictTebxvaQEFecA3', '7a67a8e5b176eb39e64d114b4867d2f711b2fa0100628d5decf19aa3d01eb0286350aed20f2e2bc7bdf13c43a5c90be82d6de2232347a2cfc62e94e10ebaad89', 405, 1, '2025-02-15', '00:00:00', 0, '2025-03-29 06:36:40'),
(91, 'TssrCi2xbk0Z0jGz', '7aec31bd41fd0d70d37d2e33061ee4b5339d3f6970102875024d3b85a1272d860aa9ebe6f53f0b1ced2bcb5fe19878e157b84152d0b39734f9e838c081f1d682', 416, 1, '2025-02-15', '00:00:00', 0, '2025-03-28 09:52:20'),
(92, 'YxW2d2dk2JyxMTWf', 'b0cb155df6411eef622366ee90bf612cf5c0e259715b916c5f15713d11b2755d5c4ec102c748fb727d2e13f4ccc2c0e2dff5eb71a269d012b122b80494f3f899', 406, 94, '2025-02-16', '00:00:00', 1, '2025-03-29 06:36:49'),
(93, 'aPEIz17vTRPFHbfT', '2da6cad659eca5c2137e8242f2c8554ebd701a797be3053dbeb5a3ea7bd9e3f8f7856b3d4a826e2d0137cbbcea6be2f34fbf2790fb7deac20a9bf5bbb4cb4ae8', 202, 41, '2025-02-23', '00:00:00', 1, '2025-02-24 11:07:33'),
(94, 'fuQO2WemLQww06uL', 'edc5c406fa5dcdfcb705cf7cacf3fad9aff34ac5dbe074644ffbae811576cceb0d7c6b48928cc29ca4d831766cc7ec07857892f1f4e5842936e3e2a2767b8beb', 201, 86, '2025-02-23', '00:00:00', 0, '2025-03-28 09:32:16'),
(95, 'SWfYl6gF28THqtL1', '3f081061f63e279bae3e7071fcf3831b7d8aba55118e64d79611b516cd0f85f45b44a5adf8402e5e59587e5e76787ad7fa0d2b9e0fd3166e05d98f14b4e5b77c', 247, 86, '2025-02-23', '00:00:00', 1, '2025-02-24 11:09:03'),
(96, 'exkAR5Lu1Wgaqlt3', '7e8673afb79f86abc4f1e25b5228ecf7bf4238fbb18d1dddc84205a95b0b9af61416686a69e1c1f61baa08e14d79fbdafba74ef28bd217b1ceffda364d55759b', 413, 86, '2025-02-23', '00:00:00', 1, '2025-02-24 11:14:41'),
(97, 'c3MuBNpyEqb4jWe3', '27a1340557277303f2fd7cc7edf30b786d24ed2b84f7c4b12c2ef13a594c8b29f21d7e771394c6a4e43c5959a62a7b5b415d300a41647cea4be2ab91f7e15996', 213, 87, '2025-02-23', '00:00:00', 0, '2025-03-28 09:27:55'),
(98, 'GtlPUgGBAtNMDaTU', '5e5a955089dd3b3c8377c5d0c10913fcaa6b06ea96d4276988ca8277b11458d009ca61e5696bea882e09d4bffb5cff17246f94c6f9f2eca949ce547ab81d6f7a', 370, 87, '2025-02-23', '00:00:00', 0, '2025-03-28 09:28:16'),
(99, '4Bgaiogr3PmTsjjF', '02f12a369a4cec57226877cfa9137a40c11eca4e44c7a1858e0ecfa6362ea86f8a91a1a358f0af02c113823eac73b5dfbc8caceb156f664372aa91dd2f1ed1cf', 435, 87, '2025-02-23', '00:00:00', 0, '2025-03-28 09:27:34'),
(100, 'IxaLhvPUS5smrbUB', '267538052d1bcdcc26ca5aeae58ada2b63d7648423d4ef51f24c83065228dea12316b0e7d3de3fba8cdf836e89c1c3d472a272872724dc6d79f6bf84fc7f3449', 232, 88, '2025-02-23', '00:00:00', 1, '2025-02-24 11:30:55'),
(101, '7SzcNh7jDM7fixnK', 'f5d74bb8739e697fd73f0a80fa00947212155fb30df7e322be838c221028fe9d6d8dfbe0295d8342fbd28f55b06e80f7a1ffcaba891ba4fce6ad316afae4f003', 360, 88, '2025-02-23', '00:00:00', 0, '2025-03-28 08:50:54'),
(102, 'SHXtFCGmlBSu1XZq', '16cc48d67118bcdc991e9a8d208d30cf0983939e3d7abd206d149aa610a2fbf9a6991ee0b947fa3bbaa23c1669c673c97471d10c9672c211b3f984fda47ec7f4', 348, 89, '2025-02-23', '00:00:00', 0, '2025-03-28 08:50:32'),
(103, 'gF7cd3VHmXe64qPU', '936e7c73bdfa0615f83d99029b0366cfec349d745161db18f085665dde5b0f2798a337de822cdd4e5f1870ea825bba1f30f93cf52a4e3b4c4efad8dd6f1ccd3c', 324, 89, '2025-02-23', '00:00:00', 0, '2025-03-28 08:50:07'),
(104, '7WUGG4gB4yDCYfxm', '4c07f74fe407c30395d03a346d4124c20ee713aa3b83adfda0984ba9dfdba9e6f4c5d522b26fc13277a10351d26f3bc757d63be5136bf27f2c3350823195494f', 282, 89, '2025-02-23', '00:00:00', 0, '2025-03-28 08:49:45'),
(105, 'iVa3J6UdajGA3j0g', '9c74af0ce299b42827a3310f82d097f6939a85a2d4943a8f0d0235607fafa61d9e5555eafabc7e46f9db969d5a653023171582f90170bb04364092b15e543f8c', 436, 8, '2025-02-23', '00:00:00', 1, '2025-02-24 11:41:25'),
(107, 'pujN6gW5JumZ3zuj', '75386bf1152ce3b7bc50a716a815f7c4bea0b8ec3ff9b2a20558741295872257070e3d24a682d0776e03869006c0557560b7ec11f129d7056c4f6d55821ff089', 400, 86, '2025-02-23', '00:00:00', 0, '2025-03-28 09:30:41'),
(108, 'rRd9IT6GM3l28acs', '9180a42b9d547ef67418f8eca418bea0fb6b6871e707fb40a8b4fa5745928885cc61eec32223f64a6d988adbe7ca520b07836538976a6985bdf9b8b52d7b500a', 24, 86, '2025-02-23', '00:00:00', 0, '2025-03-28 09:30:21'),
(109, 'zHCAJc65GuWAqgEp', '05f55c85f7c0ff95e24b67a5b58af1afb6d9831877e0589318deb053017021afb54b3ea7c68c481ad903986d92b883d8aec59eb0a32bedc2288b918dd046f61e', 212, 8, '2025-02-23', '00:00:00', 1, '2025-02-24 11:53:05'),
(110, 'ClMcSejWwRShYKto', '0962c157ba6cdbf55f75f208ea0d51df903de20096659fa1443980d008966c35b7cf17b8c7b8a9fe34dd9c4afdde486a973db79498de6b6de0d0f0c34a721976', 473, 92, '2025-03-06', '00:00:00', 0, '2025-03-29 06:24:27'),
(111, 'DmSwmHnVLHolg6QO', '18fa51e6fdb9f88fd971ae2e41812ae0e9255051bd24a644870c44234bdb9219086dcfaf58c3bf29f53fde4e65954c36ff0264b735b880f6a8a4ff9802f3f9ce', 477, 90, '2025-03-06', '00:00:00', 0, '2025-03-29 07:50:13'),
(112, 'agucgqp0StACxUvz', 'eed8d850464a525104ce196e1b24690460df05d0344b823f50d285a818e4faca13ae5ab9823c488a1c586f32dad9a88cb5238f63ede3cff185a7b30ccbd90b95', 470, 91, '2025-03-06', '00:00:00', 0, '2025-03-29 06:26:19'),
(113, 'dv3OqmA1vTTv0E6q', '48f65a8619ba60ce35357017eee7351e2ce40a30b7fbbcc622cc3e4bd084057df15f33ed65a4a999847871fac404d00538ff3ea6fb42ef438fcf90851f95c470', 330, 20, '2025-03-08', '00:00:00', 1, '2025-03-28 09:14:23'),
(115, 'BjYQKj7lpnyX353T', 'b3d57dc9bea7e633b4c0e5371e060cd3f589d15814cbc12c7085ae48f54b75c1f41e154924cb25a951e97db076e01ee536ce964e15bf710a6331483cbf7814c6', 453, 8, '2025-03-08', '00:00:00', 1, '2025-03-28 09:19:28'),
(116, 'CvXOMMbHmNyHgIk5', 'fe70ef95251a4c246eb43909f0d652d488d305ce375967847af18e948317cdc6b2cf1c8f37a3e229277912e373ffaceaa0ce5b8e4d34c6258bd4b457572a9f3e', 457, 21, '2025-03-12', '00:00:00', 0, '2025-03-28 09:36:53'),
(117, 'MOsiklucPeHiQFoa', '2d9c66f8729b6a1837fc843bee5282d3a704b07cee144c581b63148ea54e1dd01fdebd092e5d415184d5bd9ba202d1a43411233d1a100ba2b378b49d28511e3b', 454, 21, '2025-03-12', '00:00:00', 1, '2025-03-28 09:25:10'),
(118, 'NmAnrcxVPLKob0ci', '0fe20f454cd0742188c37698172b9110592422d3c87cfad4274e5318d9139ee217fc03431cd99b6d2fae29c83b3b438f55b49a5fcd4e550622f0ea18f7799178', 461, 21, '2025-03-12', '00:00:00', 0, '2025-03-29 07:33:43'),
(119, 'VABYIQ4CH2Xyvx9i', '2ae927ad67d457970a9616840efb3ff3219fd2ba292f5a14f30015a4ba3ee05f56617e7e62a40e2fa99d8b709484436291347216bf0b2b425179807ff04707d0', 472, 21, '2025-03-14', '00:00:00', 1, '2025-03-28 09:41:04'),
(120, '49EDI3FXwfITxNbJ', '718317e76f7ced30de99d24211533564c0a3b3afee3c764f08fe49d2452a6257751e5b89e74f5007a661b7cf5bb918ee44f9ed593988545472f7229bb5819e0f', 474, 21, '2025-03-14', '00:00:00', 0, '2025-03-29 07:32:15'),
(121, '79b9DxB9AMEUuoLb', '810919b3004e28b91b13e875b8db846ea0a34b8897793142ba5f6297fdce33a7637c96345c939a262022bff4facecf091a9f3460a78d52f4df4635d5900ad1d7', 476, 93, '2025-03-08', '00:00:00', 1, '2025-03-29 06:43:38');

-- --------------------------------------------------------

--
-- Estructura de tabla para la tabla `tbl_boutique_categoriagastos`
--

CREATE TABLE `tbl_boutique_categoriagastos` (
  `cg_id` int(11) NOT NULL,
  `cg_nombre` varchar(50) COLLATE utf8_spanish_ci NOT NULL,
  `cg_activo` int(11) NOT NULL,
  `cg_fregistro` timestamp NOT NULL DEFAULT current_timestamp() ON UPDATE current_timestamp()
) ENGINE=InnoDB DEFAULT CHARSET=utf8 COLLATE=utf8_spanish_ci;

--
-- Volcado de datos para la tabla `tbl_boutique_categoriagastos`
--

INSERT INTO `tbl_boutique_categoriagastos` (`cg_id`, `cg_nombre`, `cg_activo`, `cg_fregistro`) VALUES
(1, 'INMOBILIARIO', 1, '2024-09-30 19:34:45'),
(2, 'GENERAL', 1, '2024-09-30 19:34:45'),
(3, 'PAPELERIA', 1, '2024-10-07 08:16:07'),
(4, 'TRANSPORTE', 1, '2024-10-07 08:22:50'),
(5, 'ALIMENTO', 1, '2024-10-07 17:08:02'),
(6, 'RECARGA DE TELÉFONO', 1, '2024-10-07 16:39:13'),
(7, 'RENTA', 1, '2024-10-07 08:25:26'),
(8, 'ARTICULO DE LIMPIEZA', 1, '2024-10-07 16:39:04'),
(9, 'SERVICIOS', 1, '2024-10-07 17:08:19'),
(10, 'SUELDOS', 1, '2024-12-10 03:54:25'),
(11, 'INVERSIÓN', 1, '2024-12-10 05:05:24');

-- --------------------------------------------------------

--
-- Estructura de tabla para la tabla `tbl_boutique_clientes`
--

CREATE TABLE `tbl_boutique_clientes` (
  `cl_id` int(11) NOT NULL,
  `cl_token` varchar(16) COLLATE utf8_spanish_ci NOT NULL,
  `cl_tokenEncrypt` varchar(128) COLLATE utf8_spanish_ci NOT NULL,
  `cl_nombre` varchar(50) COLLATE utf8_spanish_ci NOT NULL,
  `cl_apellido` varchar(50) COLLATE utf8_spanish_ci NOT NULL,
  `cl_telefono` varchar(10) COLLATE utf8_spanish_ci NOT NULL,
  `cl_whatsapp` varchar(10) COLLATE utf8_spanish_ci NOT NULL,
  `cl_fecha` date NOT NULL,
  `cl_hora` time NOT NULL,
  `cl_activo` int(11) NOT NULL,
  `cl_fregistro` timestamp NOT NULL DEFAULT current_timestamp() ON UPDATE current_timestamp()
) ENGINE=InnoDB DEFAULT CHARSET=utf8 COLLATE=utf8_spanish_ci;

--
-- Volcado de datos para la tabla `tbl_boutique_clientes`
--

INSERT INTO `tbl_boutique_clientes` (`cl_id`, `cl_token`, `cl_tokenEncrypt`, `cl_nombre`, `cl_apellido`, `cl_telefono`, `cl_whatsapp`, `cl_fecha`, `cl_hora`, `cl_activo`, `cl_fregistro`) VALUES
(1, 'niXXEiJvgwjPpt5y', 'bb01635355dcb30d672ff1f3af4d8f5c3195e047749f6e80f47204ad9368ee43d2eca0768947abcd29cfedaa5dc5a31d3a2b130b615bb69899b2ef8f3ac09458', 'ANONIMO', 'ANONIMO', '0000000000', '0000000000', '2024-10-09', '04:58:18', 1, '2024-10-09 10:58:18'),
(2, 'rvn4wGnfHjfFWbII', 'ff69cc8adcf08374b07667acd5f13a078ca3faf47b35fd3f80200584497362add62e22ff6149580c243c1c1afbb61a1f3ce0908177caec2b0b62050d95382b70', 'BELEM', 'LUNA', '7205717962', '7205717962', '2024-10-09', '05:03:50', 1, '2024-11-22 12:25:43'),
(3, 'EYz0bbB5wyIzjHR7', '088a0cb106d379b6ceae09d4c9b44a8817f12c2f098c10a642ebc941a1ff413b0b9cf48d3d565c7167946b294f546fc4d4dff9b0245da88f7a8aceabf4dac7d7', 'BEATRIZ', 'CLIE', '5628463018', '5628463018', '2024-10-11', '02:27:59', 1, '2025-01-27 10:55:29'),
(4, 'TgI2aikWsOYRGW5A', 'ed45828900fbebe379a17fa9fd7d25d1c26c9d0c0487d2a027562488224818b1dd01a46cd79aa972b76fb358b2f0bd114cd640859882da300e82ce8a1a2d37ae', 'ANTONIA', 'ÁLVAREZ', '5610089940', '5610089940', '2024-10-11', '02:34:02', 1, '2024-10-11 08:34:02'),
(5, 'TsDkPsOHS98xEKkX', '4d8a497f6ffa1836e8603c6a08031b8bffa0dfb0055b7fc5a947d2279a6dc528c73b3dee774f72ed87e2679ef78767e1f8f085d568fb4a87eaa5dbf1e5fdc299', 'CLAUDIA', 'CLIE', '5560745202', '5560745202', '2024-10-11', '02:35:57', 1, '2025-01-27 10:55:29'),
(6, '4cjpmROPu99wcEM1', '43d67ee1c344fd56dfacbde4eab9c5d76145efd98d3caa66f74c1d884d17e0a9e48a0272bb544a81c8fcd525f77eab997a7badbc1355dc74308be79c16f89548', 'CITLALY', 'CLIE', '5614868277', '5614868277', '2024-10-18', '05:34:58', 1, '2025-01-27 10:55:29'),
(7, 'VmXSZBfGwa5wfrW4', 'a975749dd6f2021fe8552c5e6fa124d2b80952a236c1ef5e62d21499b4f6eb35505636954cafc2f7f95aa669eff289045a3e7153f73f12ae32f238701e5a789d', 'JESSICA', 'FLORES ALCARAZ', '0000000000', '0000000000', '2024-10-18', '05:46:27', 1, '2025-01-30 00:23:40'),
(8, 'KCkjkLyTlsjBb61z', 'e8fe0901ec47e9fed951b91b7a1e764190628f6cd612f33fe6af371fcc2981a629e42f83da5e823217192a287f00ce533ec5ec9e726df475ee6699636459b103', 'CYNTHIA', 'ALCARAZ', '0000000000', '0000000000', '2024-10-18', '05:49:21', 1, '2024-10-18 11:49:21'),
(9, 'v5Ltxc1gqu5RUFaH', '5d76652e8438e084a55012d847c34c3b5825136376a8b24b9f04ae7168d92e0d6773d63934c20f8181778f0481e093d276b1b5601201898ccc754e74bd503f1e', 'INGRID', 'CLIE', '0000000000', '0000000000', '2024-10-19', '02:55:47', 1, '2025-01-27 10:55:29'),
(10, 'itimckqfhDwcEtSC', 'befa4ca7d46552212d00948c49e0ae6bff140caddb8567260ee191b1aec290fc5bf36bde98b1afb1d275a47816996a3ca039ea35609dcf7026506d8c6425726a', 'MARIA', 'CLIE', '5549590884', '5549590884', '2024-10-19', '02:57:34', 1, '2025-01-27 10:55:29'),
(11, 'SFGSvRVYNGtUiopo', '7a129b1a606a623dfeb6c271445580907fc33aa52c4a40e6d59d0ca92002ca344cf2bf1e3f9b3ffd61f562c3b742c44edc213e0a5ff8011ed93991bd191e11f8', 'YERALDINNE', 'CLIE', '5610635121', '5610635121', '2024-10-23', '02:46:30', 1, '2025-01-27 10:55:29'),
(12, 'hFf6Lky7l2AROY69', '64b5b9b14e4dfa47a8ddcb57540877ae3d3f24c9879f60538b20cc07a698fef71397c5c80ff340fa3d725ac99eb81e234731808d8dbcbd89ef64b503ac10b0b2', 'DULCE', 'CLIE', '5619215597', '5619215597', '2024-10-23', '02:48:42', 1, '2025-01-27 10:55:29'),
(13, 'hKMVtB2TyYZTyz9l', '39070d04ad2daaa6255e60bf00bab43f9d4d7fe7e6bfc5383190212d014a4c7beab69efb2b5d8113f38565ffb207ba10377ace39e7e3ee889eba940b42903520', 'GABY', 'CLIE', '5652423255', '5652423255', '2024-11-06', '04:50:17', 1, '2025-01-27 10:55:29'),
(14, 'MNaz5zXh1HcBempO', '0724c1e4850b3c60d6dd9963edf88fe19b2b642e358ecff65b9330b34e14d12385eb0b230c3ed4326fcf9c166ba95c6a89dde4e019db75d419d5bc531d29d1d7', 'CARMEN', 'CLIE', '5533840008', '5533840008', '2024-11-06', '04:52:42', 1, '2025-01-27 10:55:29'),
(15, 'vJNtL1LvugzhaqJW', 'b0b4899f13ee5e308e8f9a9f833a5e0f07fe84611cb873b82fa0c04113728414c7b657457f1c031e534ac036adb8c4a1c045f5e3cab4e117f361f1ba80bbe530', 'ALEJANDRA', 'CLIE', '5561722061', '5561722061', '2024-11-06', '04:56:22', 1, '2025-01-27 10:55:29'),
(16, '8xhiznF9iuiUv9Dr', '35d6ad2d7cb3e491e7c604a34e3f53063a58f802d58f3b82002d36d56ba9287d64dfc92db7377cbc09be7921bf385665e3952169e1a3427b3707d93a72c9f5df', 'VICTORIA', 'CLIE', '5542261663', '5542261663', '2024-11-06', '05:00:01', 1, '2025-01-27 10:55:29'),
(17, 'vCl97NqeGahsOszY', 'f4c01457e62683c8dcaabf35f524d4cf230a81596de3d44940ee15b785b3ece6c020cd33fab158e6bd20bcc81bf998bc44f85b76982dc2110e5e3bcd279c32a1', 'RODRIGO', 'CLIE', '5544680464', '5544680464', '2024-11-22', '05:14:19', 1, '2025-01-27 10:55:29'),
(18, 'VepGMDYHtCaM1r1z', 'ff7886755490bd48eb8ce0e857473a2a32307bc3f101d1f05b43dac26c3e2c9ecece33b2c2ec04b056380da20cde785b25a5654519c32c9c852c6ac0d3f8c1f9', 'VIRIDIANA', 'GONZALEZ', '5512993171', '5512993171', '2024-11-22', '05:21:05', 1, '2025-01-29 23:31:49'),
(19, 'JhKOQsHHxyg9qfpe', '5de16372b1ebe507e0cd07bea609ce00970a3205bbc7959cca80f0ac3a9a0a13e156810a5ffb959007c58efaf918ab15b94128d3f4904d7b42498c78d9f16f65', 'MARIA GUADALUPE', 'CLIE', '5531375590', '5531375590', '2024-11-22', '05:24:24', 1, '2025-01-27 10:55:29'),
(20, 'H2YTiFd9MvCg9ROQ', 'b55f7f6fe7d17c602738a483f5746f996d3a85ad3f5d080e978a192ee870930e45825ef9d7c8e530438a56097dd3adca9a40c25deb30742706960c21ba85c68e', 'SILVIA', 'GARCIA ALCARAZ', '5579710035', '5579710035', '2024-11-22', '05:34:13', 1, '2024-11-22 11:34:13'),
(21, 'c4SFb3OfOD1WJzYt', '43e8cf26b9971b67fd275aefc795a2b8b47b3a75285f4317530977a540edeb40c669eef9cdbb4c080ae5014c1ed9863fe3142fd7b2ac32c1ae218f355065105c', 'ROSY', 'CLIE', '5511825917', '5511825917', '2024-11-22', '05:37:42', 1, '2025-01-27 10:55:29'),
(22, 'uyjC0cCwDawGLu2o', '43ba2cd59b88c00e994a12cb88197ba853459e4f8c542270a7cb703fa6c77a5eb8abca4d21141c4ca5d78ef43b2fa446f56488b1839dfd2d91f0466241e801a6', 'SANDRA', 'CLIE', '5580340536', '5580340536', '2024-11-22', '05:57:13', 1, '2025-01-27 10:55:29'),
(23, 'PXH4Ti0sLPmJDpCl', 'adea2d540806f3241091ac66dff7f57cee037831790ac8b0ab188fbf5d3ba13005880580721342597077deb8cd7fca435e916146ca8c5798ed12411af8cf8b49', 'ILEANA', 'CLIE', '5572408045', '5572408045', '2024-11-22', '06:00:02', 1, '2025-01-27 10:55:29'),
(24, 'FILD2X2C7Sjl6ZTu', 'a8d480f7f803309656263370972984ce7e5998a8d301dc0c0b2d555945c12a772b9fbcaf80e633979fa58a545be263b787cd919654aee36bb8d1761f43534de7', 'JESSICA', 'GUZMAN', '5574936316', '5574936316', '2024-11-22', '06:05:28', 1, '2024-11-22 12:05:28'),
(25, 'rioh8UmiP4M9Bzab', '5c7008e8a1f8e96aa4773986ada6990f96120e7337cf500cf4aa685dba047e933a99197e0958d0c50871e0106349858a646c523a144b29f191d77492ae15b73c', 'BRENDA', 'CLIE', '5523139338', '5523139338', '2024-11-22', '06:06:40', 1, '2025-01-27 10:55:29'),
(26, 'f76PDL57yVBrtMxx', 'a01b366530ac4e4eb3cd2c38b29fa04b62105a9745b95e1c90626b174bd24a3f235c61ede72c003e2be636b5c592c9cc2123c98381b7613453eb6e7f3847f8e5', 'LETICIA', 'CLIE', '5533282356', '5533282356', '2024-11-22', '06:08:03', 1, '2025-01-27 10:55:29'),
(27, 'yRjvXFZ3FXw9bemW', '7567ef4f297f6048a834d12822fcd4e95d7166bbad5771909ec0f522f808d6e46bafc8375654303b277fcab60ddc616293101f956d792c440218bcff63b0f5a2', 'ELIZABETH', 'CLIE', '5619550994', '5619550994', '2024-11-22', '06:08:53', 1, '2025-01-27 10:55:29'),
(28, 'Opa4cIRv68PD77ST', '73f71a67b4609131da9a534a80a7b6cf6f3696814720b4c5737b74f4281632ba942dfa89069dcdf8fc48b4e48df2d688c20930d5a520e9ffa6a9914bbab8626a', 'NORA', 'SANCHEZ', '5537603330', '5537603330', '2024-11-22', '06:18:29', 1, '2024-11-22 12:18:29'),
(29, 'E9eTB4sKqyL6icts', 'fd8fe4fc53707a3c00277f606d45b64bd77ce3efd56727f6056877bd35a373bd2734f810f34ca17cd3b3eb6e6fdee813a68b3c155cd7af4ec766b61fa9b6f23c', 'HILDA', 'CLIE', '5522000551', '5522000551', '2024-11-22', '06:21:28', 1, '2025-01-27 10:55:29'),
(30, 'AalQrlfqU9J2vOmp', 'f841b9a8767df793ff78fdf6fa81e95b860d21d665322293e70fe115213ee6d9319d4fa64e8a62b8125c161f6c6f1045e3a033922d25ef5a46b41d5b8d6c4946', 'MICHEL', 'CLIE', '5611324096', '5611324096', '2024-11-22', '06:22:45', 1, '2025-01-27 10:55:29'),
(31, '5efLirdZsDrbdfXA', '7251f71561df5600ad13bb7069a0144ae76d23b493c81fc9864aa7ef50cada17550c16c3891887f4f2e782d7ed1d2fa1fd2c17d985ac4015d2a26281eca901aa', 'PARIS', 'CLIE', '5636926752', '5636926752', '2024-11-22', '06:23:26', 1, '2025-01-27 10:55:29'),
(32, 'HjmX0MO9j8jnUDZg', '626449aec3201d7576d58d8c70330f96db141af993f2f1d328ef113ea10a16c128079828a2d49f0b3056d4a6107156e028330a518ec52fddbef42cfe310ae44a', 'FRIDA', 'CLIE', '7713633604', '7713633604', '2024-11-22', '06:24:15', 1, '2025-01-27 10:55:29'),
(33, 'eEHNtUrbpTQnyRcP', '085c0227908af5f59a9ffd4e6fe6fcccc00f4a0007e1642cf9930e1516c5300fa3be2ef1ce069b5762414e0cf40d754a1db95c5456647ebc61036d11865e4ae8', 'LUCERO', 'CLIE', '5566978788', '5566978788', '2024-11-22', '06:24:48', 1, '2025-01-27 10:55:29'),
(34, 'HI0k16GeINnstvWt', 'a144c6456f612233939aea00f770abbb69221945477da4b7aa189281d6b49dbd0337528dd72752360d4daaefb91ee77ba15331675f38b9e5f93ff2fa9cab85ca', 'BEATRIZ', 'ROJAS', '5544420896', '5544420896', '2024-11-22', '06:28:04', 1, '2024-11-22 12:28:04'),
(35, 'T0ExIbbHzVlhKQJA', 'fb768b2b79f4a9323ca970868140d40a6f8d71e0ad0429684195e99290d22f2cf7497b03419e41fe2c289b640af9a391b53634bf4c3e3dcc4199c30c1c5b3af5', 'NANCY', 'ALCARAZ AYALA', '5529048988', '5529048988', '2024-11-22', '06:29:25', 1, '2024-11-22 12:29:25'),
(36, 'quBvxh0Xept3s1Z3', 'eb2679d1b1f3a78843548156da10d9e7bea77b21112033f0d8a01cf7baab584c5238d6e2af588e1dfd31d21f156762ec91792fb78ae2686f990bec27c3628ff5', 'NADIA', 'CLIE', '5527370793', '5527370793', '2024-11-22', '06:32:48', 1, '2025-01-27 10:55:29'),
(37, 'DpvpLHHiiWaza9Mp', 'acdc09b7e493f6dd234bcfa107d84d6e083f156362586feebd35f1e8ca381141e1d76a3e79f7bf2d935bbe3e4631f14aa1d3027e98798a02ea6f1b6030c80045', 'NAHOMI', 'CLIE', '5615617085', '5615617085', '2024-11-22', '06:33:48', 1, '2025-01-27 10:55:29'),
(38, 'jIFzfifRqBeuLWt7', 'b1e9e591c8eaece7fea94520523e089492469819f221ada24f2c172288916ee034aa045eafc437aed80e315751c0c85999b03c0fb6c39a72188e10261ed5cb8c', 'DENISSE', 'CLIE', '5637655179', '5637655179', '2024-11-22', '06:35:46', 1, '2025-01-27 10:55:29'),
(39, 'FNdbS1EoSL8GND8d', 'ed54393e14cb1f254797b80e4cb8fa890db4870a468426940ad2cd3b8f16556f94e7b1f1e26d8c3f78ab26a6d22e3cda1fd0e7bf7bf17d469df55b3fb4384907', 'BRENDA', 'CLIE', '5549515761', '5549515761', '2024-11-22', '06:36:36', 1, '2025-01-27 10:55:29'),
(40, '4FuwFQNGZedCqRXX', '6e7cc4697ff5326137f14497d40571b9b50ec52851e4ceaf1ac6ee353d88c4984373e641b2554aee9e520a9a51207b98f3a59e053200647cf20a0e0a986ccb38', 'IVANA', 'CLIE', '5540587767', '5540587767', '2024-11-22', '06:37:28', 1, '2025-01-27 10:55:29'),
(41, 'zWCJmL2kGQRtzEDv', '68a9ffe1b8762e2ef93232f01426f8a9200314ef7d530cb6d838bb2369c33810fa3860296f9e4b2b308467c966a1b64cb7d88b02345a473e62d29d0e8e0c249a', 'MARIA', 'ALCARAZ GARCIA', '5565067784', '5565067784', '2024-11-22', '06:39:34', 1, '2024-11-22 12:39:34'),
(42, 'wnwONcfO2r48Xycb', '1629ea91d849f1f38333aa9425bdaf85e6004f685a686cf3d34aca11fb5fad7d5a29aac398f57cb131a07a022e58c8817c8989f60206c198a77532d2422c8f44', 'TANIA', 'CLIE', '5538179948', '5538179948', '2024-11-22', '06:40:13', 1, '2025-01-27 10:55:29'),
(43, 'F6kBem3FbAqpZV3Y', '39a275a8b88ce27fd8f759aed5b048e923c715c6321efe25536a1d7f59e6c3c2f0c911eeec336ee6fc7ebcc2e7653d24859355243251a091a84da08b36b1e360', 'BRENDA', 'CLIE', '5617937460', '5617937460', '2024-11-22', '06:49:00', 1, '2025-01-27 10:55:29'),
(44, 'zGFJSHENVxDpGU7N', '980a22d677607334579452115424d2e8eb8f5ac44876276c058b9584a052a15b783ac2e3a12a62e0302fd8a74c6352609239ec5bff9d02123d512b14eeb11ba9', 'ANA', 'CLIE', '5535116998', '5535116998', '2024-11-22', '06:50:24', 1, '2025-01-27 10:55:29'),
(45, 'PpQdkF8J6oiNduSB', 'a086a5afd66de192080cbf05eaceb3da49a18cd7c21674229cae0797289a1152fe466f6ebcffc850915b196ea01e70653e2ac1fe1dc242c708b324ee9d5dca2d', 'SOFIA', 'CLIE', '5523597133', '5523597133', '2024-11-27', '02:49:16', 1, '2025-01-27 10:55:29'),
(46, 'Td6r5PrbaLpUORZa', '6a5d5a0278c0612b790aec28e9d2e5e8112624b3f12e536aaae26ed7f74e237db82b20eccb920593d52aead4b5772cd88c881f4ec578fb43bb99aac7dd5a8084', 'SARA', 'CASTILLO', '5532261981', '5532261981', '2024-12-02', '05:00:03', 1, '2024-12-02 11:00:03'),
(47, 'Z0BqNSPpcKBV7Mni', '34e31e10a520cd642566a4234610af3d5f1e8c6c8d8499d3ef13bdb0350a78cc7e4ac996c8a0366a105e5906b233fb56bb17c5a7f3761e089d186fc70df4ac97', 'BERENICE', 'MORQUECHO', '5513844348', '5513844348', '2024-12-02', '05:11:10', 1, '2024-12-02 11:11:10'),
(48, 'EPdlzVupT4zJ5KAY', '81b3e048ce245b8c3b102053b2d298fce90cd4b80207dd13ba0c1da69b12f0a811f7bf56759c2e220f6fe9ae5ceca61a6261fe44e50a2a19aa589bb1239ae6d1', 'DANIELA', 'CLIE', '5635933945', '5635933945', '2024-12-02', '05:16:29', 1, '2025-01-27 10:55:29'),
(49, 'mtce2hwO1B9A5oaT', '1a89154a306bb6df67731811bd4862f08f1f57d3ee71d1fc65d5ba1ee5fa44efa0a8d92d801bcef52c505a17db8e012a2b0dde16fcf2d8911a4887b0024a0b0c', 'JESSICA', 'CLIE', '5538997776', '5538997776', '2024-12-10', '04:25:30', 1, '2025-01-27 10:55:29'),
(50, 'MOnPgPKwYWwE05Tf', 'caeaf20a92c4a322ca171b69ea749fcda12ebe2bd23ccf016e077301f44168dea325d3c49896f86d6a92ec47f4b7c1cac63229af579c3597bfa6bf5d2c72bf8c', 'JOSE LUIS', 'CLIE', '5510529086', '5510529086', '2024-12-19', '16:38:38', 1, '2025-01-27 10:55:29'),
(51, 'lClSaXmFkHz2Q35K', 'b6f87ccbf4fcb8906f62016ee54046e3936ce7ac2d65de9ac37f63757cd932ea12af75711b689c82cbe71fa79dd0faecef12625ea1844be76b1255a2bb187247', 'JOSELIN', 'CLIE', '5549329354', '5549329354', '2024-12-19', '16:39:10', 1, '2025-01-27 10:55:29'),
(52, 'WEjoXbfr5cZ4h5Sx', 'aa8a8a5fab6289718e53f725e650890e0ce0a7eb86cf3678b0b479ba8d11454c27cd54f3ec8a96eb1fa2063a588fa557c08dc4adc7416ad3cd808a50d314c660', 'ABRIL', 'CLIE', '5574974312', '5574974312', '2024-12-19', '16:40:09', 1, '2025-01-27 10:55:29'),
(53, 'H14TCOKex2E9vLTC', 'b05ab4a3f80086cdb53a8d68aad2b096822ffa38d992a56a8eb6cceb2d092d02bc01d8e1bd861732e0fa1168203473462bd42af03a46f23568256c9111e1a638', 'ARACELI', 'CLIE', '7201758155', '7201758155', '2024-12-19', '16:40:50', 1, '2025-01-27 10:55:29'),
(54, 'G9GSrs8uqCWrzWqr', '7d55638a677f99e6426cfe5908a6453420170b499d9aa23b7c4e4e1dc8dce6337d0312700291129389dc9f63ebe5b13c04c58ae7b2ee747c0cb2f73b949c317a', 'MARIA FERNANDA', 'CLIE', '5554186658', '5554186658', '2024-12-26', '19:34:14', 1, '2025-01-27 10:55:29'),
(55, 'OzmTWCYz9FPp9udi', 'c0f6617c36f4b514922c545873567350569a20f4f3279def96394ca8bf2a1ac3dd159162a933a88079345c652f07dcb2a5bba4c292f9f0fb9e84be9c05a627af', 'ALEXA', 'CLIE', '0000000000', '0000000000', '2024-12-26', '19:53:28', 1, '2025-01-27 10:55:29'),
(56, 'JsMbnWnaheJWMC8f', '5327e70d2fd688138bc03bb6bc3258240682b0e673d8417cbf44d467c3a84ea057ed41cddd6806fc0ddeb364aff09404ad77046ebcc06c5fd5a79a1b20aab280', 'FERNANDA', 'CLIE', '7861345537', '7861345537', '2025-01-11', '03:47:42', 1, '2025-01-27 10:55:29'),
(57, 'aI4gnCCT1t3tgIJf', 'ce536c24954f2590198c0e54f0edbcf4e99ac2fed292cb915b56508686b9554b6a7fa1c84054bb804cd9c1fbea8dab303ce4159b8a1f7eaf1aa4bfc0b13f8906', 'PILAR', 'CLIE', '5551371274', '5551371274', '2025-01-11', '03:48:48', 1, '2025-01-27 10:55:29'),
(58, 'qp2GxUXFIqjKqDy7', 'b139d8f0e4d3008f817a6b1e8cc29c8f96194c14946142cad3d5b9227be79b3b077872e975c30fe1592124e66dcfd32793d38dcf104bb9c87ed7abd674b7ce59', 'GUADALUPE', 'VEGA', '5521149363', '5521149363', '2025-01-11', '03:50:00', 1, '2025-01-11 09:50:00'),
(59, 'Y7iuCMHZnTAdZsM6', '45712cfabaa41c4e7e980fd195f40acd191028a50003db2d0a6344fcd7f812088d84e777f19f0f6f91a86a4e98f68c6f019a0fc1167ddb8cb769891dc7a1cb23', 'MITZI', 'CLIE', '5512476223', '5512476223', '2025-01-11', '03:50:49', 1, '2025-01-27 10:55:29'),
(60, 'Ak3MbViXt9FSNw2L', '6602a9e6391bb304d2bd20750e7c6a3c63d49a2894648ad925cd45520dc7b6a32bc975dd5830ab535a70024d85fb82541bbf52fc076586dc8a1f0b4926e7510c', 'MIRIAM', 'CLIE', '5525265138', '5525265138', '2025-01-11', '03:51:55', 1, '2025-01-27 10:55:29'),
(61, 'kjZiulplA3TfHSdT', 'f4d54490c79c718470467260a7f92e11037f56011a284e1f0bd48ef502a2a7852b2dfced5c81d99b1f999619e541977a3378bee366af2e129dbe1dbaf77dcf78', 'GINA', 'CLIE', '7151309448', '7151309448', '2025-01-11', '03:52:46', 1, '2025-01-27 10:55:29'),
(62, 'XVhVJETnSKDfNSVH', '149096023a686efc2393c7d6e34e9ebc99a5f9105be0733cb366e1c4c15175f3789852131bf355a7014a394a10989aa6f546d6684ae7711981347a86abd1148a', 'BERENICE', 'CLIE', '5625643955', '5625643955', '2025-01-11', '03:53:39', 1, '2025-01-27 10:55:29'),
(63, 'tOvHzDwkQ5NKC6S7', 'e0f8e67d76704c00fdb32ee1543a8e0f675a97ba23312ccd8607c21475689940dca43c2c9c6f1f6be2e9d0a148b2ca06e0ba96b4ae58235dd9abdada7959c333', 'FANNY', 'CLIE', '5544722680', '5544722680', '2025-01-27', '04:47:00', 1, '2025-01-27 10:55:29'),
(64, 'd7YeqesYhzkbQG6i', '35b1d04e6daaf4c2d3dea8de72f33a7dd365a50931770820d9cea60cb53e263425d57f332b77b0f001b2e6c0fa2e78b5678fff1b9dec23579eb15bc77d13ef1d', 'GRISELDA', 'CLIE', '5613002996', '5613002996', '2025-01-27', '04:49:20', 1, '2025-01-27 10:55:29'),
(65, 'F1kTzUML8mp9Hh9T', '1a533221314acb387c30388630ce63ceef5232a07c283b4de803d0be9264de920618e8cc3aa500e5e185d8614845b86076f75b088ef975ccaf94d81df91749dc', 'LUCY', 'CLIE', '5532238046', '5532238046', '2025-01-27', '04:50:08', 1, '2025-01-27 10:55:29'),
(66, 'zlocAPdzyapQz4iQ', '25ba2b90da2da464e9dceb91f67ee6d2bb123a5e0614bea88fb043dae82cd62d2c8f7c03bc50a430d31ef655b305694aef101d134cac9207636e9fb819680b6e', 'MARBELLA', 'CLIE', '5519598637', '5519598637', '2025-01-28', '01:32:02', 1, '2025-01-30 03:57:25'),
(67, 'f4MsdzPgJ8bWf8Zf', '1ad04b25a55f0c67fa1a255ee41a61d9632a8e357712ec523e25f07ae467bf195a11425f5b03f87dee1e12c2c5e91ae52527880fbb21181d4dcf5609829ccf43', 'CLAUDIA', 'LUGO', '0000000000', '0000000000', '2025-01-28', '01:42:52', 1, '2025-01-28 07:42:52'),
(68, 'w6c0qXxGyTzltI5D', '0a37838305fee9c62b278ae66994d572ce8864859c7f42b895e3373088f476034fb56fd225b22bb6ca0b6ed4de0a61490eb5e728870360122982fc2615799541', 'FATIMA', 'CLIE', '0000000000', '0000000000', '2025-01-28', '01:48:33', 1, '2025-01-28 07:48:33'),
(69, 'ZtPgw8KP1NNQcEWr', '0bffa87979b880e9ffbed3d34ab998987d6a98b74e8a0492fe4be9a7565df8dd93bb8716d4a349841f1a2fc8f44afb28b3e30081ee40de8103bc3ca1eadfdad3', 'SHARON', 'CLIE', '0000000000', '0000000000', '2025-01-28', '02:40:52', 1, '2025-01-28 08:40:52'),
(70, 'XWxGd1MG8GsjtuS4', '4e6962a60cb349d734be96efb8fd0fde4d95739a45bfe6b9243c37ff35159e3b71ec01f5dfa59fd572da350fdab4b15c3da9c168c050ac5cdfb63a1851ddb15b', 'MONICA', 'VAZQUEZ', '0000000000', '0000000000', '2025-01-28', '02:46:41', 1, '2025-01-28 08:46:41'),
(71, 'bVqo3WAPsISguLYc', '1b49d0f87b83e4eef998e425e89fa8dcd79cb05613e22e2e43a9df1410b53710b826db0e9ffc25fa8c29b585b7f6a7216faecbc2b78ecb0d1144c6d7fb6b2106', 'NAYELI', 'CLIE', '0000000000', '0000000000', '2025-01-28', '03:10:32', 1, '2025-01-28 09:10:32'),
(72, 'xUQrQozdiPTNelYE', '58dc0ca54d6bb2a84a5041a27113336b128f22dc4477904e01456f6f9fc83d4c8cc7af91c9b91729b53d4ccb0e8f6c339a9b191f9d78f4813c6a8a83cfde208e', 'VERONICA', 'CLIE', '0000000000', '0000000000', '2025-01-28', '03:20:28', 1, '2025-01-28 09:20:28'),
(73, 'sFAxPfYBWrmHeKfc', '94b481d655f43df94370a1f8c8a684d5aacadce90b19f7afb3b967880cdcf9e6b6c6289f9be402c1575bdebb18312223117b807ede86e974e4306f38bd769033', 'MARIA DE LOS ANGELES', 'CLIE', '', '0000000000', '2025-01-28', '17:02:32', 1, '2025-01-28 23:02:32'),
(74, 'D1uWob8jBKPcPgxp', '9d923da90423556a0b5ca29d43650d40f3a00934a66d031200d88d146f844e542bb819d4aafa3e8ef5661a3abb29cc21c0af8359bee1348ca6dbda9588115498', 'KAREN', 'CLIE', '0000000000', '', '2025-01-29', '17:49:45', 1, '2025-01-29 23:49:45'),
(75, 'dwu6pCyFWMotBlAS', 'd3c719cfa35c793026e2524c93914b52810db2e1494cbd804df1d996dd8b7d896198fe50297578cf70c3638cc9498041b1e6f2094cd85f5cf7396afd18c1fadc', 'SANDRA', 'CLIE', '5545264047', '5545264047', '2025-01-29', '18:01:43', 1, '2025-01-30 00:01:43'),
(76, 'GPeItU1TZPld86Tf', '9d2495f8420b59b761192e14abb354722ce2f125f63c4afff096c275e0d75f1accbce82123979ea05da0963b5cd1ca919fcb77e5202ef0b5cb4f5c31582f9130', 'MARGARITA', 'LOPÉZ', '0000000000', '0000000000', '2025-01-29', '18:12:52', 1, '2025-01-30 00:12:52'),
(77, 'fUdY5wjtZ7QiHbOc', 'c13dcef948435a2fc6f61337ec429bbd4adc12581d7a26c8510eee5ced2e18297525fcebb2ab1fb7fbb85fc11fd4f741efe6a7cac340cc04450e333029710e3e', 'LUCIA', 'FLORES', '0000000000', '0000000000', '2025-01-29', '18:13:10', 1, '2025-01-30 00:13:10'),
(78, 'XgLBG28S6BoOjW1D', '8762d1c3b253c8e5de9585a1b00857136f80b3a7b36a2041378226693d86d822d4ec78ed60305bb51b0691ed0c7757c59287cf9c64e5cf665f9b75e7803baee9', 'MONSERRAT', 'CLIE', '0000000000', '0000000000', '2025-01-29', '18:40:53', 1, '2025-01-30 00:40:53'),
(79, 'dovRcNvvGjq76UMU', '1cb82c359240c7f947ffefb27f2ccbcde2817d04d954b471e056d981e3e99b40bc6baa647bc9520535a5ebbd710132b6fda5a00ff6201ddb342fca173f4d737b', 'ROCIO', 'HERNANDEZ', '5656809375', '5656809375', '2025-01-29', '18:52:03', 1, '2025-01-30 00:52:03'),
(80, 'I6SkrcVCd4r1i9nN', 'efb921131a0f092c663cd90cdba270174ecd1ae14dc5bf84a913abe8c47f0abd7afe85b3bd578999326f8b607814a44a41ed7d9e36f6503b5c47a06f99c90a9e', 'DANIELA', 'HERNANDEZ', '0000000000', '0000000000', '2025-01-29', '18:54:14', 1, '2025-01-30 00:54:14'),
(81, 'Hplzgc30J530CWFH', 'd45b993c1a220c73fd77f6e4ab744c321ca547be7270d0809fc914a4ad1ad9a2822ab6c9427a1f37dc9a0c355ab8fb2779afb1a572ad38821033d6e9e38bdfc0', 'VANESSA', 'CLIE', '0000000000', '0000000000', '2025-01-29', '18:57:22', 1, '2025-01-30 00:57:22'),
(82, 'X0C3lJu8CM7qVOC1', 'f4b73324f85da8b51357577f2c9cd6740c9ecf9d4682b9b3aa6ad69e31182df7b9a9f074db2d555cef8cb4109f2e3a7cc4a1d80ad2dcf7ce629badb616b2252f', 'ALONDRA', 'CLIE', '0000000000', '0000000000', '2025-01-29', '19:20:07', 1, '2025-01-30 01:20:07'),
(83, 'zGITYfskT0Lm4bzW', '779663b5f80e7f240f628bc8f67617509464ab4de0f8db178ca6f6ffca0b8ca0946d151ed9bd8099e2641c4ec09c2a633ad8530d942d2d3318bbf67d37dd916a', 'MITZI', 'CLIE', '5512476223', '5512476223', '2025-01-29', '21:59:07', 1, '2025-01-30 03:59:07'),
(84, '82lWrlIJ5DDgPViy', '2ce07b3ede6fff977059d4fce663a31d160ff0c867e145092b4376b2b738b3f00dd5245880034dd114541da74f73ed085208850938b961900e54fdd067819f74', 'MARTHA', 'CLIE', '5532453578', '5532453578', '2025-01-29', '22:02:39', 1, '2025-01-30 04:02:39'),
(85, 'db7sgxmAkmYMjpkw', 'ea5dd61093cde4d965a148bccfb89b09999a7fe8d4aa794aad9be550addb3ad44591fac87a0c01fe9e15fc4e5e5a3cb22ac4092f9a056027f0ce6583c3409dd1', 'MARI', 'CLIE', '0000000000', '0000000000', '2025-02-02', '22:37:16', 1, '2025-02-03 04:37:16'),
(86, 'Mfp6YwLb6CPcK5Vn', '7d073019dd84299ac4f9157581da5f14338de96bfcb6109136562512588b8512511984555ffb6a87c840661e3fd27e0de892f3e7b81e5aa5cf2affa71f1ff129', 'ALINE GUADALUPE', 'HERNANDEZ ALCARAZ', '0000000000', '0000000000', '2025-02-24', '05:04:53', 1, '2025-02-24 11:04:53'),
(87, 'YthrOtLy789VUvAZ', '76d32a5db70ce88ba52c62cd834ed8c186dfba05be5c982724fb9b474faf1e36146710670afdd6c8bbf86f041e4b73bb93084f290f0298a3d955b9231dc313ac', 'ISABEL', 'HERNANDEZ', '0000000000', '0000000000', '2025-02-24', '05:05:24', 1, '2025-02-24 11:05:24'),
(88, '46MUgzeoNJOnZwxm', '816c1bfc6bfa0583e41a949c143de4ff1a5486beb25ee00315c8eb618d1e710734840a91207964f40a9ef49ec94312cd3420397ca74a2915e01efdb5de00f5cd', 'TANI', 'FLORES ALCARAZ', '0000000000', '0000000000', '2025-02-24', '05:29:51', 1, '2025-02-24 11:29:51'),
(89, 'wR3ki4v6kwIDyTE1', 'e4fa84a49ccfb3c0f725865cadcd21eefbaa8c8ce8241b870695cd3067c5e3a35e8d60f8f90e15dde08918e2db57b119e99ac7690112b1ab1a660d1c775fba43', 'JAQUELINE', 'FLORES ALCARAZ', '0000000000', '0000000000', '2025-02-24', '05:30:12', 1, '2025-02-24 11:30:12'),
(90, '12F2YEI2VpYPcPEZ', 'e880b7c912d047d059a788a187e162acbae702bb45cb916b3f562ca85f2481b76db74a77679ccc71d7d7f2eeff26304b6845f3009c72fe05fdafeac49f9c49a3', 'BRENDA', 'POLLO', '5582105535', '5582105535', '2025-03-28', '03:02:22', 1, '2025-03-28 09:02:22'),
(91, 'm52AuFEbnBc5cU7K', '8c7d1a920c8cc09d545047dd1097fb8076c2dda24751ed4c2f18b3ae261a0fdefe336072247f6e4a99654b59df8b799f538457856b3873bde9450e89c6398a3d', 'VALERIA', 'JUAREZ', '5618762813', '5618762813', '2025-03-28', '03:10:26', 1, '2025-03-28 09:10:26'),
(92, 'uaXoxhLnqk4nBoLm', '8412bf489f43ed8c5e1d710e0a1921f33098f1a77d55fc71f04c27a60711231789495f2aa789796724a6babb642b383b53f159602b71bea3c43c0095f617789c', 'MARIA ELENA', 'TERRON', '5517068563', '5517068563', '2025-03-28', '03:55:07', 1, '2025-03-29 07:56:14'),
(93, 'Gb1E59sblGUqoSi9', '584bca7473cb343cbce3a2a35dc4bcc394b024b23b372c6deebdab9ca927283b36120fd64624996dc68e987c14100e3610c7f8b54314e09fbced6f9f0b1d40f6', 'LOURDES', 'CLIE', '0000000000', '0000000000', '2025-03-28', '04:26:40', 1, '2025-03-29 06:42:55'),
(94, '8kMb0lA17JRXHYAp', '4956cafc4153aa5fe6713c5c8870ed56fcf93a7cf61993d021acfa71e154cefd5ca9b6fdb83006179f846ad0eb88c9d0315b27b0345b6beb4456b604f9817304', 'ELIZABET', 'CLIE', '5566074323', '5566074323', '2025-03-29', '00:34:05', 1, '2025-03-29 06:34:05'),
(95, 'OuI8D0ZNE7fgtmq3', 'a0e0e6b7050da8796acd390610afa4275db0a0cc1fca6bdc88c5bbd742c7d69fb3fcf88e0a192e421d07dbd5f0500e2a192eaf2878583fd1557d81763aa45a64', '-', 'CLIE', '0000000000', '0000000000', '2025-03-29', '00:40:27', 1, '2025-03-29 06:43:03');

-- --------------------------------------------------------

--
-- Estructura de tabla para la tabla `tbl_boutique_colores`
--

CREATE TABLE `tbl_boutique_colores` (
  `c_id` int(11) NOT NULL,
  `c_color` varchar(20) COLLATE utf8_spanish_ci NOT NULL,
  `c_activo` int(11) NOT NULL,
  `c_fregistro` timestamp NOT NULL DEFAULT current_timestamp() ON UPDATE current_timestamp()
) ENGINE=InnoDB DEFAULT CHARSET=utf8 COLLATE=utf8_spanish_ci;

--
-- Volcado de datos para la tabla `tbl_boutique_colores`
--

INSERT INTO `tbl_boutique_colores` (`c_id`, `c_color`, `c_activo`, `c_fregistro`) VALUES
(1, 'AZUL', 1, '2024-09-30 14:24:07'),
(2, 'NEGRO', 1, '2024-10-08 12:18:33'),
(3, 'BEIGE', 1, '2024-10-08 12:18:33'),
(4, 'ROSA', 1, '2024-10-08 12:18:33'),
(5, 'BLANCO', 1, '2024-10-08 12:18:33'),
(6, 'CAFÉ', 1, '2024-10-08 12:18:33'),
(7, 'VINO', 1, '2024-10-08 12:18:33'),
(8, 'CREMA', 1, '2024-10-08 12:18:33'),
(9, 'VERDE BANDERA', 1, '2024-10-08 12:18:33'),
(10, 'GRIS', 1, '2024-10-08 12:18:33'),
(11, 'SHEDRON', 1, '2024-10-08 12:18:33'),
(12, 'VERDE MILITAR', 1, '2024-10-08 12:18:33'),
(13, 'LEOPARDO', 1, '2024-10-08 12:18:33'),
(14, 'CAMEL', 1, '2024-10-08 12:18:33'),
(15, 'MORADO', 1, '2024-10-08 12:18:33'),
(16, 'ARENA', 1, '2024-10-08 12:18:33'),
(17, 'IVORY', 1, '2024-10-08 12:18:52'),
(18, 'VERDE', 1, '2024-10-08 14:12:04'),
(19, 'NAVY', 1, '2024-10-15 14:23:12'),
(20, 'SILVER', 1, '2024-12-24 12:49:14'),
(21, 'CHAMPAGNE GOLD', 1, '2024-12-24 12:49:14'),
(22, 'HUESO', 1, '2025-01-21 12:43:07'),
(23, 'VERDE OLIVO', 1, '2025-01-21 12:54:54'),
(24, 'AZUL MEZCLILLA', 1, '2025-01-21 13:30:25'),
(25, 'MOSTAZA', 1, '2025-01-21 13:49:16'),
(26, 'AZUL REY', 1, '2025-03-21 20:08:22'),
(27, 'VERDE PISTACHE', 1, '2025-03-22 11:18:26');

-- --------------------------------------------------------

--
-- Estructura de tabla para la tabla `tbl_boutique_gastos`
--

CREATE TABLE `tbl_boutique_gastos` (
  `g_id` int(11) NOT NULL,
  `g_categoria` int(11) NOT NULL,
  `g_nombre` text COLLATE utf8_spanish_ci NOT NULL,
  `g_cantidad` int(11) NOT NULL,
  `g_precio` varchar(10) COLLATE utf8_spanish_ci NOT NULL,
  `g_fgasto` date NOT NULL,
  `g_activo` int(11) NOT NULL,
  `g_fregistro` timestamp NOT NULL DEFAULT current_timestamp() ON UPDATE current_timestamp()
) ENGINE=InnoDB DEFAULT CHARSET=utf8 COLLATE=utf8_spanish_ci;

--
-- Volcado de datos para la tabla `tbl_boutique_gastos`
--

INSERT INTO `tbl_boutique_gastos` (`g_id`, `g_categoria`, `g_nombre`, `g_cantidad`, `g_precio`, `g_fgasto`, `g_activo`, `g_fregistro`) VALUES
(1, 1, 'ESPEJO DE PARED', 1, '199', '2024-09-13', 1, '2024-10-07 13:24:49'),
(2, 1, 'REPISA FLOTANTE ROBLE', 1, '499', '2024-09-13', 1, '2024-10-07 13:25:55'),
(3, 1, 'REPISA FLOTANTE SLIM', 1, '229', '2024-09-13', 1, '2024-10-07 13:27:00'),
(4, 1, 'ORGANIZADOR DE ROPA', 2, '797', '2024-09-13', 1, '2024-10-07 13:28:49'),
(5, 1, 'LAMPARA', 1, '511.02', '2024-09-12', 1, '2024-10-07 13:32:11'),
(6, 1, 'TUBO CORTINERO', 1, '389.35', '2024-09-12', 1, '2024-10-07 13:33:12'),
(7, 1, 'CANDADO HERMEX REDONDO', 2, '226', '2024-09-12', 1, '2024-10-07 13:34:24'),
(8, 1, 'CANDADO ANTIPALANCA', 2, '569', '2024-09-12', 1, '2024-10-07 13:35:08'),
(9, 1, 'MANIQUÍ TERCIOPELO', 2, '750', '2024-09-10', 1, '2024-10-07 13:37:03'),
(10, 1, 'MANIQUÍ DE PLÁSTICO', 1, '460', '2024-09-10', 1, '2024-10-07 13:37:34'),
(11, 1, 'GANCHOS PARA ROPA', 20, '18', '2024-09-10', 1, '2024-10-07 13:38:05'),
(12, 1, 'PERCHEROS DE METAL', 10, '58.56', '2024-09-14', 1, '2024-10-07 13:39:49'),
(13, 3, 'BOLSAS PARA BOUTIQUE 20X30', 100, '1.2814', '2024-09-14', 1, '2024-10-07 14:16:38'),
(14, 3, 'BOLSAS PARA BOUTIQUE 30X40', 100, '1.5799', '2024-09-14', 1, '2024-10-07 14:16:44'),
(15, 1, 'GANCHOS PARA ROPA PINZAS', 15, '49.93333', '2024-09-14', 1, '2024-10-07 13:43:00'),
(16, 1, 'GANCHOS PARA ROPA', 36, '18.625', '2024-09-14', 1, '2024-10-07 13:43:48'),
(17, 1, 'ESPEJO DE PISO', 1, '1290', '2024-09-16', 1, '2024-10-07 13:46:13'),
(18, 3, 'RAMO DE FLORES', 3, '60', '2024-09-13', 1, '2024-10-07 14:16:51'),
(19, 3, 'ETIQUETA PARA PRECIOS', 1, '22', '2024-09-13', 1, '2024-10-07 14:16:56'),
(20, 1, 'VITRINA MOSTRADOR', 1, '3600', '2024-09-20', 1, '2024-10-07 13:55:08'),
(21, 3, 'RAMO DE FLORES', 1, '123.45', '2024-09-19', 1, '2024-10-07 14:17:02'),
(22, 1, 'RACK PARA ROPA', 1, '500', '2024-09-19', 1, '2024-10-07 13:56:30'),
(23, 1, 'CORTINA PARA PROBADOR', 1, '479', '2024-09-27', 1, '2024-10-07 14:00:57'),
(24, 1, 'GANCHOS PARA ROPA', 30, '21.25', '2024-10-01', 1, '2024-10-07 14:10:39'),
(25, 1, 'GANCHOS PARA ROPA PINZAS', 15, '49.93333', '2024-10-01', 1, '2024-10-07 14:11:26'),
(26, 3, 'BOLSAS DE REGALO', 50, '2.7508', '2024-10-01', 1, '2024-10-07 14:17:10'),
(27, 3, 'MARIPOSAS COLOR ROSA 3D PARA PARED', 1, '137.20', '2024-10-01', 1, '2024-10-07 14:17:15'),
(28, 3, 'MARIPOSAS COLOR AZUL 3D PARA PARED', 1, '137.20', '2024-10-01', 1, '2024-10-07 14:17:18'),
(29, 3, 'SOBRES COIN', 1, '64.90', '2024-09-23', 1, '2024-10-07 14:20:15'),
(30, 3, 'NOTAS POST-IT', 1, '149', '2024-09-23', 1, '2024-10-07 14:19:52'),
(31, 1, 'BLOCK DE REMISIÓN', 1, '29.90', '2024-09-23', 1, '2024-10-07 14:21:09'),
(32, 1, 'FOCOS', 6, '10', '2024-09-22', 1, '2024-10-07 14:23:46'),
(33, 1, 'FOCOS', 2, '10', '2024-10-05', 1, '2024-10-07 14:24:14'),
(34, 5, 'BARRITAS DE FRESA', 1, '39', '2024-09-30', 1, '2024-10-07 14:26:37'),
(35, 5, 'CACAHUATES KACANG INCOGNITA', 1, '23', '2024-09-30', 1, '2024-10-07 14:27:21'),
(36, 5, 'BIGOTES DE CAJETA', 1, '24', '2024-09-30', 1, '2024-10-07 14:27:49'),
(37, 5, 'PANQUE DE MARMOL', 1, '53', '2024-09-30', 1, '2024-10-07 14:28:14'),
(38, 5, 'LECHE DE CHOCOLATE SANTA CLARA', 1, '27', '2024-09-30', 1, '2024-10-07 14:29:09'),
(39, 3, 'RESISTOL 5000', 1, '50', '2024-10-02', 1, '2024-10-07 22:24:03'),
(40, 8, 'PAPEL HIGIÉNICO PREMIER 6 ROLLOS', 1, '50', '2024-10-06', 1, '2024-10-07 22:39:30'),
(41, 2, 'CHIP UNEFON', 1, '50', '2024-10-06', 1, '2024-10-07 22:27:14'),
(42, 5, 'BEBIDA ARIZONA SANDIA', 1, '16.5', '2024-09-10', 1, '2024-10-07 22:28:19'),
(43, 5, 'ELECTROLIT POCHE DE FRUTAS', 1, '22.90', '2024-09-10', 1, '2024-10-07 22:29:08'),
(44, 5, 'PALETA PELÓN PELONETA', 1, '9', '2024-09-10', 1, '2024-10-07 22:29:55'),
(45, 1, 'BOTE DE BASURA MESH', 1, '149', '2024-09-23', 1, '2024-10-07 22:31:27'),
(46, 1, 'BOTE DE BASURA MULTIUSOS', 1, '89', '2024-09-23', 1, '2024-10-07 22:32:02'),
(47, 8, 'PAPEL HIGIÉNICO KLEENEX 4 ROLLOS', 1, '31.90', '2024-09-23', 1, '2024-10-07 22:57:45'),
(48, 8, 'GEL ANTIBACTERIAL ESCUDO', 1, '21.50', '2024-09-23', 1, '2024-10-07 22:39:44'),
(49, 8, 'JABÓN PARA MANOS LIRIO', 1, '37', '2024-09-23', 1, '2024-10-07 22:39:41'),
(50, 1, 'ESTAMPAS DECORATIVAS HALLOWEEN', 2, '22', '2024-09-23', 1, '2024-10-07 22:35:36'),
(51, 8, 'AROMA PINOL', 1, '52', '2024-09-23', 1, '2024-10-07 22:40:34'),
(52, 3, 'BOLIGRAFOS', 2, '8.5', '2024-09-23', 1, '2024-10-07 22:43:05'),
(53, 3, 'CINTA DECORATIVA', 1, '30', '2024-09-23', 1, '2024-10-07 22:43:41'),
(54, 3, 'NOTAS POST-IT', 1, '20.02', '2024-09-23', 1, '2024-10-07 22:44:27'),
(55, 3, 'CLIPS', 1, '22', '2024-09-23', 1, '2024-10-07 22:45:09'),
(56, 3, 'PLUMONES', 1, '37', '2024-09-23', 1, '2024-10-07 22:48:35'),
(57, 1, 'AROMATIZANTE FRUTOS ROJOS', 1, '140', '2024-09-23', 1, '2024-10-07 22:50:38'),
(58, 1, 'DECORACIÓN DE MARIPOSAS', 1, '22', '2024-09-23', 1, '2024-10-07 22:51:18'),
(59, 5, 'RUFFLES DE QUESO', 1, '39', '2024-09-16', 1, '2024-10-07 22:53:15'),
(60, 5, 'CHOCOLATE KITKAT', 1, '20.5', '2024-09-16', 1, '2024-10-07 22:54:46'),
(61, 5, 'CHOCOLATE KITKAT BLACK', 1, '22.5', '2024-09-23', 1, '2024-10-07 22:55:19'),
(62, 8, 'GERGA', 1, '25', '2024-09-20', 1, '2024-10-07 22:59:58'),
(63, 8, 'JICARA', 1, '10', '2024-09-20', 1, '2024-10-07 23:00:25'),
(64, 8, 'ZACATE', 1, '30', '2024-09-20', 1, '2024-10-07 23:00:56'),
(65, 8, 'TRAPO', 1, '15', '2024-09-20', 1, '2024-10-07 23:01:39'),
(66, 8, 'ESCOBA PERICO', 2, '58', '2024-09-20', 1, '2024-10-07 23:03:04'),
(67, 3, 'SILICÓN LIQUIDO', 1, '14', '2024-09-20', 1, '2024-10-07 23:03:41'),
(68, 5, 'TORTAS', 2, '80', '2024-09-18', 1, '2024-10-07 23:04:55'),
(69, 5, '1 LT DE AGUA DE FRUTAS', 1, '35', '2024-09-18', 1, '2024-10-07 23:05:31'),
(70, 5, 'BOTELLA DE 2 LT DE AGUA DE JAMAICA BONAFONT', 1, '18', '2024-09-18', 1, '2024-10-07 23:06:36'),
(71, 5, 'BOLSA DE CACAHUATES JAPONESES', 2, '10', '2024-09-18', 1, '2024-10-07 23:07:24'),
(72, 7, '13 DE SEPTIEMBRE - 14 DE OCTUBRE', 1, '3400', '2024-09-13', 1, '2024-10-07 23:09:12'),
(73, 7, 'DEPOSITO', 1, '1500', '2024-09-13', 1, '2024-10-07 23:09:38'),
(74, 9, 'LUZ', 1, '140', '2024-10-06', 1, '2024-10-07 23:10:13'),
(75, 4, 'CASA - CHINCONCUAC', 1, '121', '2024-09-09', 1, '2024-10-08 08:22:14'),
(76, 4, 'CHINCONCUAC - CASA', 1, '149.94', '2024-09-10', 1, '2024-10-08 08:22:25'),
(77, 4, 'CASA - CHINCONCUAC', 1, '109.99', '2024-09-10', 1, '2024-10-08 08:22:44'),
(78, 4, 'CASA - HOMEDEPOT', 1, '101.91', '2024-09-13', 1, '2024-10-08 08:22:53'),
(79, 4, 'HOMEDEPOT - CASA', 1, '110.46', '2024-09-13', 1, '2024-10-08 08:22:58'),
(80, 4, 'CASA - MEXIBUS CENTRAL DE ABASTOS', 1, '36.46', '2024-09-18', 1, '2024-10-08 08:23:23'),
(81, 4, 'MEXIBUS', 2, '9', '2024-09-18', 1, '2024-10-08 04:37:37'),
(82, 4, 'METRO', 4, '5', '2024-09-18', 1, '2024-10-08 04:37:41'),
(83, 4, 'CAMION', 2, '19', '2024-09-18', 1, '2024-10-08 04:37:43'),
(84, 4, 'CASA - CHINCONCUAC', 1, '99.97', '2024-09-21', 1, '2024-10-08 08:23:41'),
(85, 4, 'CHINCONCUAC - CASA', 1, '169.92', '2024-09-22', 1, '2024-10-08 08:23:46'),
(86, 4, 'CASA - CHINCONCUAC', 1, '113.46', '2024-09-27', 1, '2024-10-08 08:23:53'),
(87, 4, 'CHINCONCUAC - CASA', 1, '94', '2024-09-28', 1, '2024-10-08 08:23:58'),
(88, 4, 'CASA - CHINCONCUAC', 1, '122.97', '2024-09-30', 1, '2024-10-08 08:24:04'),
(89, 4, 'CHINCONCUAC - CASA', 1, '109.97', '2024-09-30', 1, '2024-10-08 08:24:13'),
(90, 1, 'RACK DE EXHIBICIÓN', 1, '1207.63', '2024-09-22', 1, '2024-10-08 02:33:27'),
(91, 6, 'RECARGA DE TELÉFONO', 1, '100', '2024-10-03', 1, '2024-10-08 05:23:36'),
(92, 6, 'RECARGA DE TELÉFONO', 1, '50', '2024-09-22', 1, '2024-10-08 05:25:57'),
(93, 6, 'RECARGA DE TELÉFONO', 1, '20', '2024-09-27', 1, '2024-10-08 05:26:34'),
(94, 6, 'RECARGA DE TELÉFONO', 1, '10', '2024-09-30', 1, '2024-10-08 05:27:20'),
(95, 8, 'AROMA', 1, '7', '2024-10-08', 1, '2024-10-09 06:11:50'),
(96, 2, 'BASURA', 1, '10', '2024-10-08', 1, '2024-10-09 06:12:16'),
(97, 8, 'AROMA', 1, '22.50', '2024-10-08', 1, '2024-10-09 06:13:10'),
(98, 1, 'ASIENTO DE BAÑO', 1, '195', '2024-10-08', 1, '2024-10-09 06:13:41'),
(99, 8, 'CLORO', 1, '28.5', '2024-10-08', 1, '2024-10-09 06:14:10'),
(100, 4, 'CASA - CHINCONCUAC', 1, '70', '2024-10-14', 1, '2024-10-15 07:57:58'),
(101, 4, 'CHINCONCUAC - CASA', 1, '150', '2024-10-15', 1, '2024-10-15 07:58:18'),
(102, 6, 'RECARGA DE TELÉFONO', 1, '100', '2024-10-17', 1, '2024-10-18 06:18:08'),
(103, 4, 'CASA - CHINCONCUAC', 1, '67.73', '2024-10-14', 1, '2024-10-18 06:19:33'),
(104, 4, 'CHINCONCUAC - CASA', 1, '147.10', '2024-10-15', 1, '2024-10-18 06:20:03'),
(105, 2, 'BASURA', 1, '5', '2024-10-13', 1, '2024-10-18 06:20:31'),
(106, 2, 'BASURA', 1, '5', '2024-10-15', 1, '2024-10-18 06:21:15'),
(107, 4, 'CASA - CHINCONCUAC', 1, '13', '2024-10-22', 1, '2024-11-06 04:10:32'),
(108, 4, 'CHINCONCUAC - CASA', 1, '13', '2024-10-22', 1, '2024-11-06 04:10:53'),
(109, 4, 'CASA - CHINCONCUAC', 1, '100.15', '2024-10-25', 1, '2024-11-06 04:11:29'),
(110, 4, 'CHINCONCUAC - CASA', 1, '137.20', '2024-10-26', 1, '2024-11-06 04:12:00'),
(111, 4, 'CASA - LA RAZA', 2, '20', '2024-11-05', 1, '2024-11-06 04:12:36'),
(112, 4, 'METRO', 4, '5', '2024-11-05', 1, '2024-11-06 04:12:57'),
(113, 4, 'LA RAZA - CASA', 2, '19', '2024-11-05', 1, '2024-11-06 04:13:23'),
(114, 5, 'TACOS', 20, '6', '2024-11-05', 1, '2024-11-06 04:13:49'),
(115, 5, 'AGUA', 1, '20', '2024-11-05', 1, '2024-11-06 04:14:10'),
(116, 5, 'PAPAS FRITAS', 2, '25', '2024-11-05', 1, '2024-11-06 04:14:29'),
(117, 5, 'AGUA', 1, '25', '2024-11-05', 1, '2024-11-06 04:14:46'),
(118, 5, 'DULCES', 1, '10', '2024-11-05', 1, '2024-11-06 04:22:59'),
(119, 5, 'AGUA', 1, '25', '2024-11-17', 1, '2024-11-22 06:52:40'),
(120, 5, 'DULCES', 1, '14', '2024-11-17', 1, '2024-11-22 06:53:15'),
(121, 2, 'BASURA', 1, '5', '2024-11-17', 1, '2024-11-22 06:53:44'),
(122, 7, 'RENTA', 1, '3400', '2024-11-14', 1, '2024-11-22 06:54:18'),
(123, 2, 'BASURA', 1, '5', '2024-11-21', 1, '2024-11-22 06:54:57'),
(124, 6, 'RECARGA DE TELÉFONO', 1, '10', '2024-11-17', 1, '2024-11-22 06:55:25'),
(125, 6, 'RECARGA DE TELÉFONO', 1, '10', '2024-11-20', 1, '2024-11-22 06:55:46'),
(126, 6, 'RECARGA DE TELÉFONO', 1, '10', '2024-11-21', 1, '2024-11-22 06:56:06'),
(127, 1, 'FOCOS', 2, '45', '2024-11-18', 1, '2024-11-22 06:59:11'),
(128, 8, 'AROMA', 1, '44', '2024-11-18', 1, '2024-11-22 07:00:01'),
(129, 8, 'PAPEL HIGIÉNICO ELITE 4 ROLLOS', 1, '45', '2024-11-18', 1, '2024-11-22 07:01:15'),
(130, 8, 'RECOJEDOR', 1, '35', '2024-11-18', 1, '2024-11-22 07:03:13'),
(131, 4, 'CASA - CHINCONCUAC', 1, '120', '2024-11-25', 1, '2024-11-27 02:54:27'),
(132, 4, 'CHINCONCUAC - CASA', 1, '150', '2024-11-25', 1, '2024-11-27 02:54:44'),
(133, 6, 'RECARGA DE TELÉFONO', 1, '10', '2024-11-22', 1, '2024-12-04 16:41:36'),
(134, 6, 'RECARGA DE TELÉFONO', 1, '20', '2024-11-23', 1, '2024-12-04 16:42:05'),
(135, 6, 'RECARGA DE TELÉFONO', 1, '20', '2024-11-24', 1, '2024-12-04 16:42:36'),
(136, 6, 'RECARGA DE TELÉFONO', 1, '20', '2024-11-25', 1, '2024-12-04 16:42:56'),
(137, 6, 'RECARGA DE TELÉFONO', 1, '20', '2024-11-27', 1, '2024-12-04 16:43:14'),
(138, 6, 'RECARGA DE TELÉFONO', 1, '20', '2024-11-28', 1, '2024-12-04 16:43:33'),
(139, 6, 'RECARGA DE TELÉFONO', 1, '20', '2024-11-30', 1, '2024-12-04 16:43:53'),
(140, 6, 'RECARGA DE TELÉFONO', 1, '10', '2024-12-03', 1, '2024-12-04 16:44:16'),
(141, 2, 'B', 1, '5', '2024-12-04', 1, '2024-12-10 04:10:03'),
(142, 10, 'SUELDO SEMANA 50', 1, '800', '2024-12-09', 1, '2024-12-10 04:38:31'),
(143, 9, 'LUZ', 1, '535', '2024-12-09', 1, '2024-12-10 04:39:03'),
(144, 11, 'CAJA DE AHORRO', 1, '37037.30', '2024-09-09', 1, '2024-12-10 05:18:53'),
(145, 11, 'GASTO', 1, '1000', '2024-09-09', 1, '2024-12-10 05:19:24'),
(146, 11, 'PAPAS', 1, '500', '2024-09-09', 1, '2024-12-10 05:19:48'),
(147, 11, 'GABRIEL', 1, '110', '2024-09-09', 1, '2024-12-10 05:20:15'),
(148, 11, 'ADRIANA', 1, '4100', '2024-09-09', 1, '2024-12-10 05:20:47'),
(149, 4, 'BICITAXI', 1, '150', '2024-12-14', 1, '2024-12-14 08:39:24'),
(150, 6, 'RECARGA DE TELÉFONO', 1, '30', '2024-12-07', 1, '2024-12-26 20:11:20'),
(151, 6, 'RECARGA DE TELÉFONO', 1, '20', '2024-12-08', 1, '2024-12-26 20:11:51'),
(152, 6, 'RECARGA DE TELÉFONO', 1, '20', '2024-12-10', 1, '2024-12-26 20:12:16'),
(153, 6, 'RECARGA DE TELÉFONO', 1, '10', '2024-12-11', 1, '2024-12-26 20:12:40'),
(154, 6, 'RECARGA DE TELÉFONO', 1, '30', '2024-12-14', 1, '2024-12-26 20:13:05'),
(155, 6, 'RECARGA DE TELÉFONO', 1, '20', '2024-12-15', 1, '2024-12-26 20:13:25'),
(156, 6, 'RECARGA DE TELÉFONO', 1, '10', '2024-12-19', 1, '2024-12-26 20:13:47'),
(157, 6, 'RECARGA DE TELÉFONO', 1, '10', '2024-12-20', 1, '2024-12-26 20:14:05'),
(158, 6, 'RECARGA DE TELÉFONO', 1, '30', '2024-12-21', 1, '2024-12-26 20:14:24'),
(159, 6, 'RECARGA DE TELÉFONO', 1, '30', '2024-12-22', 1, '2024-12-26 20:14:40'),
(160, 6, 'RECARGA DE TELÉFONO', 1, '20', '2024-12-23', 1, '2024-12-26 20:15:02'),
(161, 6, 'RECARGA DE TELÉFONO', 1, '40', '2024-12-24', 1, '2024-12-26 20:15:24'),
(162, 6, 'RECARGA DE TELÉFONO', 1, '10', '2024-12-27', 1, '2025-01-03 02:30:57'),
(163, 6, 'RECARGA DE TELÉFONO', 1, '40', '2024-12-28', 1, '2025-01-03 02:31:27'),
(164, 6, 'RECARGA DE TELÉFONO', 1, '20', '2024-12-31', 1, '2025-01-03 02:32:02'),
(165, 6, 'RECARGA DE TELÉFONO', 1, '20', '2025-01-02', 1, '2025-01-03 02:32:29'),
(166, 8, 'PINOL', 1, '35', '2024-12-30', 1, '2025-01-03 02:33:23'),
(167, 2, 'BASURA', 1, '5', '2025-01-02', 1, '2025-01-03 04:45:30');

-- --------------------------------------------------------

--
-- Estructura de tabla para la tabla `tbl_boutique_ingresos`
--

CREATE TABLE `tbl_boutique_ingresos` (
  `i_id` int(11) NOT NULL,
  `i_token` varchar(16) COLLATE utf8_spanish_ci NOT NULL,
  `i_token_encrypt` varchar(128) COLLATE utf8_spanish_ci NOT NULL,
  `i_ingreso` varchar(8) COLLATE utf8_spanish_ci NOT NULL,
  `i_fecha` date NOT NULL,
  `i_hora` time NOT NULL,
  `i_flag` int(11) NOT NULL,
  `i_id_v_a` int(11) NOT NULL,
  `i_activo` int(11) NOT NULL,
  `i_fregistro` timestamp NOT NULL DEFAULT current_timestamp() ON UPDATE current_timestamp()
) ENGINE=InnoDB DEFAULT CHARSET=utf8 COLLATE=utf8_spanish_ci;

--
-- Volcado de datos para la tabla `tbl_boutique_ingresos`
--

INSERT INTO `tbl_boutique_ingresos` (`i_id`, `i_token`, `i_token_encrypt`, `i_ingreso`, `i_fecha`, `i_hora`, `i_flag`, `i_id_v_a`, `i_activo`, `i_fregistro`) VALUES
(1, ' HsBm0BmjZ3qnUWD', 'fe5f1bcb1065ea13b8576ed682eae5bc718ef5d0514c39a49c5af55d52578eb6abf7a12a1f769d6d91a1de1182b6d44ca3e12418e9c68a08b4abdd81b363b5d6', '220.00', '2024-09-22', '19:14:00', 1, 1, 1, '2025-01-28 07:15:46'),
(2, ' yUCW6fQYAYDKSjZ', 'b0265a5ac9d0df1ed9b6c661c63695f8c334dc1e9cbdb8f9c39c8b8a925019244d44890f32cca0be48c92420a2bba06a8ede153ecf9d52a33cc5abc0268e1838', '270.00', '2024-09-22', '19:21:00', 1, 1, 1, '2025-01-28 07:22:02'),
(3, ' BwlkgE1YkJBmgTV', '098bf89eb3cd08bd0cdf571a2eae9d3bf19e1a630cd26181fd17ac6da646c68fe4b8dff0475d34fc0bd340f3743d4ec1b99e2547088cc931b4f0ee74cbf83694', '350.00', '2024-09-22', '19:22:00', 1, 1, 1, '2025-01-28 07:22:43'),
(4, ' og5kplJXZiomr1a', 'edcf652beb1f14c54e1fde65df9fb82599613deddb26debf7d5a3462abaee794f1feb3cc6b119628e87e5a3f379965ad200e399224be187ebc35443b2d58ca53', '250.00', '2024-09-22', '19:25:00', 1, 1, 1, '2025-01-28 07:26:23'),
(5, ' KrxyJlouZpgvibm', '06df57e27e4d88840adf72fa4f04b465d845c351000bc0485629a248d1906418d177754808449b863f85e7596448c1416e6556ee9935ac911ff5cb513290927a', '100', '2024-09-23', '19:29:00', 0, 1, 1, '2025-01-28 07:30:05'),
(6, ' l6qlc1nEoABppwl', '2f94bdd8904a037d2635718ad83e198436214d7404973c72db2f0ada7bbe75a370a5c1c1e7f1e957ba402a3990502760365532abd24c2d26dc548a3967ad8843', '100', '2024-09-23', '19:30:00', 0, 1, 1, '2025-01-28 07:30:47'),
(7, ' HWl0TakELhOv7GU', '02d2b47e64444f8b24b07c278ba04410375048d5e8b144a668acad847344e32b266b90cc8ea0d4c86257b3a612a3fa357a9340b720689f74f4414fbe0c9f1d60', '100', '2024-09-23', '19:35:00', 0, 1, 1, '2025-01-28 07:35:26'),
(8, ' txCmarAPL7zZP6d', 'ef77d80ad70bd7f930a5a9728639bd356d326bff60e4d3be53bc9c05cc5344255be1e8a93cae8b1ce92d49f5879c6c58c522b7b6a6bef0bde6d78b2262542a5c', '100', '2024-09-24', '19:39:00', 0, 1, 1, '2025-01-28 07:40:07'),
(9, ' bES9VV6VrjFDaks', 'dd376d5a30d976ec894239e64b3c7f0f0529346c63f338fd9ebd33f47930e9b4f563c835e0e38a86492e3e1efe940b81ba70f141b2eed5b60552fe92855db02e', '100', '2024-09-25', '19:43:00', 0, 1, 1, '2025-01-28 07:44:10'),
(10, ' FmDrElo4PdHZdJ1', '0d8470ab2a2be4b6108a32f53c299748aceb4d3cd5c301011913cdf2e0c509b421ac89cb42237b155b6870a1dfd13fe52f95145f183f16458dbf9503f92c4cfd', '100', '2024-09-25', '19:46:00', 0, 1, 1, '2025-01-28 07:47:05'),
(11, ' HBaIPtrtC6ox46u', 'ce53b527971cf45c74348baacc4189c14059d61b4a52006a53da23d77c6e04ab828e30082aad9a3ddca871046b342fb100dae00b2e9908b8c9623091ee816245', '100', '2024-09-25', '19:52:00', 0, 1, 1, '2025-01-28 07:52:40'),
(12, ' yvUqstRVC8je1UN', 'f71518cb9fc9102f88bcb04bfadcb4678203e77dad6e8e196dec9dc25f71425a0767ef54a9b995ba84a96b13eb7d6ff1d4cbfd32eaef048dee069d47db392e0e', '140.00', '2024-09-26', '19:56:00', 1, 1, 1, '2025-01-28 07:56:25'),
(13, ' aSLL1jsAaGMKrcj', 'c4fcffefae419117a28f34db363ae8f23f6a1707baf3ec1cf80b63bf42b98ce7fa9a973a6b7caa48492334cee52a306e00a7672af4d402a112a28740f2fe6de8', '200', '2024-09-28', '20:02:00', 0, 1, 1, '2025-01-28 08:02:58'),
(14, ' ILQUp8uIs6VNeMF', '93faffd79089ddcea49729e89063d9f1fcc8691849fa44543ba7f437ee97cd629a4c29bda29a102b96a1ef11c358a37c648799cc974fbf79f357f93fd7f0e9d1', '200', '2024-09-28', '20:04:00', 0, 1, 1, '2025-01-28 08:04:48'),
(15, ' fs93zpHPLpAmcRz', '28ecc112e8ccea2f4edea449265485387cc1984502ce0a7ae5ad447b8beccecb25368c4f9be5f101461afe7406e8ab5236c080e7c043cf1ba64968da6c5f8b99', '350.00', '2024-09-28', '20:06:00', 1, 1, 1, '2025-01-28 08:06:22'),
(16, ' 6YUdX7NxkDAhcnF', '0413f9340c40db38af337f653f3394b4f1df1d4027faddc6d8ba6e1414df4cd357fc0d7d2d8b6f15dd1c87c9bd73285bdc58d9b01d2811cde4264c75927192a6', '290.00', '2024-09-28', '20:08:00', 1, 1, 1, '2025-01-28 08:08:43'),
(17, ' PXB11WfzpA59PUH', '2ad1364d113ead788ae93375586c8a03b1e6f0f26faf1772e78d91f8522b6f6459fecdc9d45ddd548f1b3923c74ec2905f5f808f4004751467d20b5fe31bcb26', '250.00', '2024-09-28', '20:09:00', 1, 1, 1, '2025-01-28 08:10:36'),
(18, ' IVM1huhEBEcI6C3', '8ded7a80c862b5c9a3c5dcb37762a71dc1bd204fc987e82e5637294530e5d73ff185d732b14ad9165b98aba562b6ebd1c51caaab4e0900cf298d22956b121c18', '450.00', '2024-09-20', '20:13:00', 1, 1, 1, '2025-01-28 08:13:22'),
(19, ' EsFqXys4gZ10CnF', '31cf84b3a152625003f6617d0a115d1a31c4a9b80ba4ae215b4a8d3ed59aeb6f50e2ccfb42b4960a79643bce8fcd2323c5d0aaa98ed01feed052c6ba51b8ff73', '100', '2024-09-29', '20:16:00', 0, 1, 1, '2025-01-28 08:32:17'),
(20, ' 7hImowglltZPkMJ', 'da6dd125b11f26881b51d183f8146dce27b2704b41d6e7b82030693d93b4c6d1836cd52c0badf8f495e796961e82d83f019b157cf8697e92c2271a3bb4660869', '300.00', '2024-09-29', '20:18:00', 1, 1, 1, '2025-01-28 08:18:29'),
(21, ' 4lD1lO54MZElOg3', '4c34744f281e9f8762cf998892da7811fcae65cf695f255431c756cd0cd12ea89fe28ebaf7dd02fc2b1443c823786dc78bedb95cf7e3dc9d12d5becc970917a2', '270.00', '2024-09-29', '20:19:00', 1, 1, 1, '2025-01-28 08:20:00'),
(22, ' PXFySDeKvoBjczw', '61cdb530a9a83f69b02b5336803526288d98c9f5759f5668bec94060c689bc9d91e1e8b98fb12d79c995b5518b0a4385f0ae1ed69a25c088b3ba6a081b0205f4', '270.00', '2024-09-29', '20:22:00', 1, 1, 1, '2025-01-28 08:22:33'),
(23, ' eUp5aK3YmaMMbzc', 'a978da04f29cdb685dae100f8ec84c88b3d8556f5214b0cbd49812b361fc988649233aefa6e4a9e8d96cba4953919ac7a56f442cd974ce84bae8325d4fd9ba14', '50', '2924-09-29', '20:24:00', 0, 1, 1, '2025-01-28 08:32:11'),
(24, ' yflKTJIDmQzyfwX', '57af859e7646cc04bad9e168f973215a371872088fed920afc81567d13fde9b49787bc44d65fae8b1eac32dd9eb6c1fdaf39110b8c84af409e76f981ecd86294', '290.00', '2024-09-29', '20:29:00', 1, 1, 1, '2025-01-28 08:30:19'),
(25, ' 6ePjCdb9HArEmBh', '2ee79982cf33808b2eb8737790da0cab0b4230b07b2bc6060eca1df174aff5ef6171da2a1f257e5bad756e3455fe8564a454a86ae7b8e3f04198b165d97ecfad', '100', '2024-09-29', '20:41:00', 0, 12, 1, '2025-01-28 08:41:48'),
(26, ' m3TJrAkcxiPfMhf', 'fba69eed2f800725e9f1bd66cacc1bddb0eca5241029e249084dfdd344890130edde81d74deeab178bff8d84b9f5657a91d19992e97cca2bb125d7322162ea48', '290.00', '2024-09-29', '20:43:00', 1, 14, 1, '2025-01-28 08:43:21'),
(27, ' nKUd8mNtHjgbvOc', '9f67c25a984321a3c735020318fb895639ee48ee3a8df6594f09c116c70e523d312863bac7cce31a25266942447b9dfa26206fa1b98ca8170329336c1a88c10a', '100', '2024-09-29', '20:45:00', 0, 13, 1, '2025-01-28 08:45:54'),
(28, ' ba67hzSyM1OO19p', '5d7159c098ebfe0a5e73a45a98df48361c9b6d9eca48f994fbe0d7cd18db22b8ab4fe02ce7c85cbb0d5aa6fc0754b6182b9452fbb4c752a6e1b20fee8cf161a9', '100', '2024-09-29', '20:48:00', 0, 14, 1, '2025-01-28 08:48:32'),
(29, ' aW6KNPOcaOCVmx9', '64653efccdca50a7a842efc5696dc7afc4da0576c348795e17d08d4f55655b6d7706b06cb89528fa0a129b46c9e54d74ffd356818b5804cac7f1d7dd5bf49e87', '250', '2024-09-29', '20:50:00', 0, 15, 1, '2025-01-28 08:50:31'),
(30, ' zDzgpVQJfKkzJgn', 'dbb8e0c73aa6e5888ea25fa57403d1c76c2b317e084928c03febc36c2366f02cec375aae868840313791dac245c573ddee32c67216fb987c305c766d2c499b03', '430.00', '2024-09-30', '20:51:00', 1, 16, 0, '2025-01-28 08:54:29'),
(31, ' ONa8OyAueUwUSUo', '2b2f0b80d86deca7848179441c92edeb8566a4112abb06a88d31106854bec11a8d8475c52c0725184dd8ea2df0a622e5fe87e6936fedbfebf8004ddefe0bd7ef', '250.00', '2024-09-30', '20:52:00', 1, 17, 1, '2025-01-28 08:52:04'),
(32, ' 8eUWyWEgHBvOoNT', '562fdf836d2afd308a8ecbbe806acaf46c6e527e9269d69681ff1b617b54feca58c2e8e724e92bce0088fb8a23037b53895b36c2ffda0f573ddd96bf2d84d0c0', '290.00', '2024-10-02', '20:55:00', 1, 18, 1, '2025-01-28 08:55:09'),
(33, ' ZqPwV1XeJlSGEd7', '3cd32c138d41644b65c359e94410e6b71d2f5cc3355f7b9047d140532155b50eda52effadb3d6f228ee31e6a5c3cc850abaf87e51118f69c4a57dea225d6e35b', '250', '2024-10-02', '20:55:00', 0, 16, 1, '2025-01-28 08:55:41'),
(34, ' vNRuFG6m05rAFmM', '1f241ac3401628955c5a3c6c9f68dceee1877bf372804b4c78e7131ca50aaa3fb3451f3d2b54824eaf3e5e1be275d48afbcaf0d5d5840bd0231b48be7afddf78', '390', '2024-10-03', '20:56:00', 0, 17, 1, '2025-01-28 08:56:43'),
(35, ' ABF9u2sT9hiBsWM', 'e97c4bf8feeb58b2cc974350e4ada1ea7fcf43f56518b3f9c5aa30cf26159e75438d07c291ec2850aa3b555567dafc7bf91e33b73fce3e8b8c6bf81af135d280', '100', '2024-10-03', '20:58:00', 0, 18, 1, '2025-01-28 08:59:23'),
(36, ' Zz5ujIfoXBxXWhF', 'a4946820f58c3c6d65f5f74ca19f2a7a8e402ebc016eaba53305d1e4ec536d015a2028052e5de459a0a7749ca92df0919b8e04581ad98b08707e24f775e8571b', '50', '2024-10-03', '21:00:00', 0, 19, 1, '2025-01-28 09:00:13'),
(37, ' IZxpv1voz3FqqnE', '5ae363338ed9d906413c2ce6bed28d2b1652b70fe65757e8dd76f18c1f42d87a50548706d4936183e2ad53810380667db7d0108c181ab4a8847a6f70525f488c', '100', '2024-10-03', '21:00:00', 0, 20, 1, '2025-01-28 09:00:49'),
(38, ' nSAXfFix4FuYf2G', '38115b350ce755154cb1346c5d0efba3e4f89ed660a35b4455a10ca8b217d71a7daf0a3e493333da55b75d12190cd0498b95953b6e07bfd6d36c4f35b7f6e090', '200.00', '2024-10-03', '21:01:00', 1, 21, 1, '2025-01-28 09:01:50'),
(39, ' KDNwQWYDOv7qOcY', 'd94afb13ff4188b652d99dba1212d7d98a028c0bda1b9d7298919aa1517efdda92f0864c332e7645ef88f0eaacee2d5997eb68f4aad395ca6c0d2bbc05c81c75', '280.00', '2024-10-03', '21:02:00', 1, 22, 1, '2025-01-28 09:02:31'),
(40, ' RPODS6gSq804QIC', '56b4a4e384b58c1b4b19ead2799619abc35ec5a3ef3405e4eda330a4f1cb7c99b933a86f023eb40a633db15d66be5ee9be003700bbcf558e90730b3c1991919e', '180', '2024-10-04', '21:03:00', 0, 21, 1, '2025-01-28 09:03:18'),
(41, ' pVci9Su7qH3K5q1', '1a3d0aea21de26d7f6e838a8c409aa7f61345945dd55048c21cda2ec38566fe70beb5e6d0c8db4dbfc568ee390f96455d7d61adfe1360781e3539a80d7e515b9', '250', '2024-10-04', '21:03:00', 0, 22, 1, '2025-01-28 09:03:48'),
(42, ' dlaQR5vWpy3fXq0', '678322ae2095cbe597efe0d86ee5047e6d149b25d663a1e945afa511ff2d9efe40452f997f3221ccd1541180df36bdf3ebe898bf6f1d652acaa72ac0c3cce032', '260.00', '2024-10-04', '21:06:00', 1, 25, 1, '2025-01-28 09:06:25'),
(43, ' aqPoKiLp6f3RtP8', 'c55a51a131ab582da55fb7757ca7b6ce1a03e8bb533718be7718a938797c585e00030d62a236be63734634a8245b069983245c817fc9ff8912418511d77da7e1', '450.00', '2024-10-04', '21:07:00', 1, 26, 1, '2025-01-28 09:07:26'),
(44, ' ek6qmhpu2lBkV0V', '31de5ae113a0f02a186692058e5cdbbc92e2a3d0f4326078820d450a64cbabab602f604d761d6bf678c6918f7b869f1d82c8dfefdab41fff00e42b4ba5f28e54', '250.00', '2024-10-05', '21:08:00', 1, 27, 1, '2025-01-28 09:08:07'),
(45, ' atW0bjA5wAjcG4f', 'a344966469b21df3e93fae62ccd71349c34f1e84944aea55b6ee09904f774a618ea0244936f6b8b6f69832362abacf5c81db22131f823d218c655d36198ed424', '370.00', '2025-10-05', '21:08:00', 1, 28, 1, '2025-01-28 09:09:02'),
(46, ' wDUTnga2RubNALY', '0bb7f72862742147bc5af7b5dfbb1122e642e44840d8ab5c63e777c09bddb20de95cdbca14d0801b07ac571f559a6dce31351fb179b89933792fae2524e34fad', '100', '2024-10-05', '21:11:00', 0, 23, 1, '2025-01-28 09:11:34'),
(47, ' lbo3H1SLLNWswdL', 'dd66946ba2b820676c17d9f005eaf6f6f33547b215c69eff8669dcd1cb2741c92ef85974bc04cddc14ded56bad8edd98d561e86e87637b174176e79401ae2c38', '320.00', '2024-10-05', '21:12:00', 1, 29, 1, '2025-01-28 09:12:56'),
(48, ' LnTtPhHYTZ85vWc', 'cfcda3c47ebc8b5445910085ceeaed30688745581bcb9453ba4e9ff0948bc1723ec9fac35ffe4fe4971f67de7222c184ab48bf16c6df3050369bfa0be09a8efc', '300.00', '2024-10-05', '21:13:00', 1, 30, 1, '2025-01-28 09:13:39'),
(49, ' u8IdxtU2Ucc4HTd', '22c311ee448720bef5d01963794db29bc6c556bb403b6d7a53c2dea0757430e82099b9f9764e31d665a91bc89b3959f899b504d5272f9bbe840f9ea3157349f5', '160', '2024-10-06', '21:14:00', 0, 24, 1, '2025-01-28 09:14:37'),
(50, ' ArptywVzxw6yOr5', '6598c1d5180e6277ba0bdd82812d117f34835f808ae6a12372561588dcbeb80688bbc4b352a7d954c93d6691b2b1a9d7fd7134ce5c4f9c0c7b1999f0b0b86f6b', '150', '2024-10-06', '21:16:00', 0, 25, 1, '2025-01-28 09:17:03'),
(51, ' y3hEbXpavoM2T4C', 'c1f1da3fc30aaba1b55760afbf9a791b84c3b3a698d3f881695eb542996855a6041b79339a8953296bd5663b4b7cff3cbc7077a4cf6f6b858fc7d8d442345b69', '430.00', '2024-10-06', '21:17:00', 1, 32, 1, '2025-01-28 09:18:01'),
(52, ' 2ouakJYnbvtNYVX', '5a737e077fc283b6a905e28c2e2ae746b789438b355a618f8519b038299679aad7087b6280a5d1689275ef3c8639653f6d7cd799982b175989e0ccdf7e75d2dc', '220.00', '2024-10-06', '21:18:00', 1, 33, 1, '2025-01-28 09:18:32'),
(53, ' EoXOmhBTzp1Zlos', '18fc203112a29dbfc04b28ab2b6205d9a4af7ad5baf705d019f676fd190d81a039fd1ef21fef45977ea2d35dfb7d7b97f33a5995ea91500060085ac817983d7b', '290.00', '2024-10-06', '21:19:00', 1, 34, 1, '2025-01-28 09:19:24'),
(54, ' jCyY25Z3GAyQIZw', '6da68f421e1597b0a0065f653300b342504dbb8a3c3b273cff41a3e85671eebd49f14c43f5e1a5d1b249859f9eeb1fb9c0f25389aeac9b28b7b44708cf856ee8', '150', '2024-10-06', '21:21:00', 0, 26, 1, '2025-01-28 09:21:15'),
(55, ' cMxfli9zX9afCFt', '40337e07661b0aae1d08e4dd2d0d8680a6110c75c05d3e2246f6c7f1b52aa8e11dfd48fd4a4acb0b9c7fbbed2742fa66be16b039119181ed6c0020860880e81c', '200', '2024-10-06', '21:28:00', 0, 27, 1, '2025-01-28 09:28:52'),
(56, ' 8ZJBrZUfUAWPmlZ', 'b22a979fac8e101615e7d80c6c1604eabaf2a6c0dbb9e1a0b948f08a80ad5175b89514fdc5e93ab5af955faebcf58c04ab8be727a8a48f1f7a9cb2a688ef059d', '200', '2024-10-06', '21:29:00', 0, 28, 1, '2025-01-28 09:29:58'),
(57, ' l54cgLCRP5RMvkC', '291830f51b69100de589ed6b6d4de3749c6c0ef6e749005f5f90cb82c477105c3a71d1236de0dacff929eaae623396cf2304dd81957b0469fce12d18804a05db', '350.00', '2024-10-06', '21:31:00', 1, 35, 1, '2025-01-28 09:31:05'),
(58, ' 7enJQAYGv0uYSsg', 'af5c5b61d4e950aba2013d185c75801ef67d84c39c6db5599382977f03eed29271009bd9cd3ae17ed5a10fbbd6a4f012e86531759b3d8b38122618f3952d228d', '270.00', '2024-10-06', '21:32:00', 1, 36, 1, '2025-01-28 09:32:06'),
(59, ' bZUojGPK3UahPvG', '63cb2a9fb392d36b75f02701eeb9d4507a0ee7078e1cfac1686326b67ff4c95a2632e49c897d766e340994f6bdc352eba750edd052f22576abd4afc225c723db', '100', '2024-10-08', '21:33:00', 0, 29, 1, '2025-01-28 09:34:00'),
(60, ' SdOb8thG0AhRx2U', '6eeebe2ea2679370875803a2f297d33f8268e59fffd4216457ad9f2f702c0af54030002717b221d94ce3fc863c8a75acb15ea1ebbf16224e090572909b79ffad', '220.00', '2024-10-08', '21:36:00', 1, 37, 1, '2025-01-28 09:36:23'),
(61, ' 8shUey2F0epK3cU', '31080a553a69c2c7d6f941a8c535c5547aab2c98593c196c9f12c7f813ec68502c06e02cd550af5e09de43d35c96a7060d66f90242576c51f756337fb61e5d9c', '100', '2024-10-08', '21:37:00', 0, 30, 1, '2025-01-28 09:38:01'),
(62, ' tmyDOn2A2bWFX5i', 'e0915fc09a05cb6e2e7d1f89d0a6cd55ab47016654005079825724a0e7b1162fa4a45ef64e056d32fd8520f4ec292284e1dca093958568f8393d61b31e53581a', '100', '2024-10-10', '21:45:00', 0, 31, 1, '2025-01-28 09:45:24'),
(63, ' OOCWKJAfcdh7JhB', 'dce3ca09831f7a418d46c4b4c06129df9d73417aecea5a791e141eeae97e14ad96fcfc836eca627315b68fe28b4423403f16c6a29bbf9c94a545bd267b0d1335', '250', '2024-10-10', '21:46:00', 0, 32, 1, '2025-01-28 09:46:13'),
(64, ' B7UQQ4DrbBsg3F4', 'b973973dd897f582d8d3c09786421e8497e0dbd1e29653b8ac47d310b21fcf9e71e61e58f51a7180132eb247370e9e31c76ca6d5655d4dc803c647e08c71d7b8', '50', '2024-10-10', '21:46:00', 0, 33, 1, '2025-01-28 09:47:03'),
(65, ' 1kbrMUxEG9P9eNO', '791002e627fd866468f54b5dd2e3f6f1685077436a8bdab0866ca325a20b426ae04e34ad1ed73b2d163d3a437aef1b09b332efc9cbfa0949ab5a2f0f836f39c1', '250', '2024-10-10', '21:47:00', 0, 34, 1, '2025-01-28 09:47:25'),
(66, ' ITeja43vOOgVuIP', 'eca7509e31a984c3ad7bf3942d8ae282777596bbf8d40b90b894a92b550e252250d990ecf3bdd3bb68619323ddd51b163629ea1d8cf118e9c20a16b1db910616', '90', '2024-10-10', '21:49:00', 0, 35, 1, '2025-01-28 09:49:07'),
(67, ' n7WRBFnWW5xEeVw', '1eb68ec981a2d551e07d20dc5bd82710640f1316e73159ab824e084c2b537c5e0559c5beddba7ca76131c282e3661bbfcbfa98ed1e73f209a9887a7dc6799015', '400.00', '2024-10-11', '10:06:00', 1, 42, 1, '2025-01-28 22:06:56'),
(68, ' k1AOZMEpd5b2VZQ', 'eb992e9cdae3eb6f4113de919241cc83a1922565a09dea5baebf0873016703de0f550bdfccd3de473ff97b882dfbd414559be2a2cc99591645e4c7fa8b4edd3d', '350.00', '2024-10-11', '10:07:00', 1, 43, 1, '2025-01-28 22:07:44'),
(69, ' 5GBUNgPeavIM5Mb', '3aa72d38d6546c1bab667a51c552cee377fbca36854fe8bde0841be291c3cf4e672c6ab1deac767fa748e005ac88d976da570c442abbacafe028d1f7f701e3a5', '450.00', '2024-10-11', '10:08:00', 1, 44, 1, '2025-01-28 22:08:24'),
(70, ' I1GbmqEaQka8892', '5950fd8106905a8bbe49f33bb43821d7e37dfedda54121c01fd3898c32ddd25ae8743b6c208b619f4577f852c7f9171209880fcd19b10c4501420577fd4eeee9', '100', '2024-10-11', '10:11:00', 0, 36, 1, '2025-01-28 22:12:02'),
(71, ' fS2Iaz5dj2TLSgL', '599336fc6582b7ca85f7e8966d4cbb021e2cfbc419e6307db271197b94c4cd8a240d12822d99efcd6e316676b9609ccde1fe903d9ce533fc9a9f5e06b3f3bab3', '270.00', '2024-10-12', '10:13:00', 1, 45, 1, '2025-01-28 22:13:10'),
(72, ' 3QXwN7Nd4XUE4T8', '18162d4c915b143722673ae7eb0e5b209bdfc387ebc6e9a7cba37e6ae435f808751a682151a250e4830a87fd51a0121a6ad6a2171824b4cd818d1d396291baff', '250.00', '2024-10-12', '10:13:00', 1, 46, 1, '2025-01-28 22:13:50'),
(73, ' SH6AWt7rqphU0HS', '52b69a5300c8e0f046927a889a9174cc3ad5f2f2ec00c188cabea813167260983437fc9e43e1a6738cce6975ade00cc1a2aa23a739a099cb0cde42986b7ef74d', '320.00', '2024-10-12', '10:14:00', 1, 47, 1, '2025-01-28 22:14:39'),
(74, ' fjQJhKhbpZTZVer', 'ddc427d1faa3bca81ec99ff95be8f6cf361746968aa0d330e20ac363e8b26b270fcb7904d952a19418fb143220102b320bbe0a42324761f7337469b98cce48f2', '280.00', '2024-10-12', '10:15:00', 1, 48, 1, '2025-01-28 22:15:17'),
(75, ' oSKLAQMLVkcx1vb', 'e3ea145570dd034fbeb098f2f3c021e0f72ecbfd9bd48a49e309a3863b617aa6b9c7b9d0af0211d0f64b1559130035774c6d95047e1834b010695dc9b3bee210', '290.00', '2024-10-12', '10:16:00', 1, 49, 1, '2025-01-28 22:16:59'),
(76, ' zV5dlQMULgu2iyj', '19e36dd026556a1aba403b2582a96b900e8c3bbd381673328e5a3ec386d00b0ab4b5b229f9631269b5a5ca5ed60d93696f2b2e626673190cf06b9e7ad882dc3f', '350.00', '2024-10-12', '10:17:00', 1, 50, 1, '2025-01-28 22:17:42'),
(77, ' JgmEAwGSBUfJOzO', '19a4ad90090a0469823fc1f0562b70a76e3976c3f9d3991ff0e8b000429e2e8ded1f826cdcb07aeebba881da36abb8eddb920c0e209538ad574adec3bbf1c604', '250.00', '2024-10-12', '10:18:00', 1, 51, 1, '2025-01-28 22:18:06'),
(78, ' BruM79sPGZRMoG3', 'f417678a2995710e2cecc1d3b39c1081d2676348e977aa7ea91babd30c685f31b6b604107047bea61dc977f95011545d404ef6e527c82fe9d1b27219377ba282', '290.00', '2024-10-12', '10:19:00', 1, 52, 1, '2025-01-28 22:19:30'),
(79, ' UwRQmAeSWeITJIC', '833e3cdae36a83f7a94d579574b532b6e4e27d3a44921affcb55e56a349b95b557610b1abfc11babd745d7fa7bde02e47cbe2f27b711444611f83b949ecd400b', '250.00', '2024-10-13', '10:21:00', 1, 53, 1, '2025-01-28 22:21:24'),
(80, ' S03qJBmL198wCMy', 'd4e23d091fb7cb92e02a07dce9ae380fed222a10f7af65cb886c2b795e633d045860046746ccceffe0998e39edb5bbbf1f705872e066f968788621b9d35da4b3', '270.00', '2024-10-13', '10:22:00', 1, 54, 1, '2025-01-28 22:22:10'),
(81, ' seoZQiZHfkSl2PW', '42fe3b24b2821bee61da039e3a30322bf334ccc11c658f5802a629489fd7541412263eddb8410f30859fc0b21b4d7a8f4df6f9f5d371b8e897344242dd5189d6', '250.00', '2024-10-13', '10:22:00', 1, 55, 1, '2025-01-28 22:22:42'),
(82, ' Ct0RcB0VJH8n2jC', '87346b370c1a231a6f91c3036e3d771f790196dfb343c6937d5df5ab7f233f30e55360c796644aef02c0372b7b8db6d993da64ab49ecac0e528b158173b8ae08', '500.00', '2024-10-13', '10:23:00', 1, 56, 1, '2025-01-28 22:23:13'),
(83, ' YTDm28vqp3kKlc3', '535095c7507c73e6faf9e49bf6ac0fda76cdb72e1229277fe661210085e65d4feabcf382eb04e38f2a27cc6b61c13026819f5884d8e5b8300239d3dc66c1501f', '450.00', '2024-10-13', '10:23:00', 1, 57, 1, '2025-01-28 22:23:51'),
(84, ' l0D0i7Zi9X30Kk5', '0a83d0f40e7b6bf3f57531d89949a0d9e60481e0c4dcffbbc051827d12c9d6e3e1518e2b4b1444ef3c049bedf6cd1869570c063cc2e1ca629c37426963965e9c', '450.00', '2024-10-13', '10:24:00', 1, 58, 1, '2025-01-28 22:24:13'),
(85, ' kP9XpXIvSpVnvyU', '205894a466e04a69973bb79d9b75377f12e85260a3449e18d6d94c98d04e0072053cb3af9f2adb1beb7bc1bc81c2162b271e8383771e673417ea14eafa12d29c', '400.00', '2024-10-13', '10:24:00', 1, 59, 1, '2025-01-28 22:24:47'),
(86, ' DEhy39fZoouzzHM', 'a42b9de3c82b0778df16e2c93f2ac70209e1c2fc41287a4d8822e6ac5407cce21943af08e3a18ad884ed264e2fc264be963235bb51388ec757aac5971adb9896', '250.00', '2024-10-13', '10:25:00', 1, 60, 1, '2025-01-28 22:25:19'),
(87, ' Tv8foEpqtljTJBe', '16cc3dfdded16cc0f9832a0a47c2ddeefdf364c3a7c36eb8ede955b8dc263aba0757d3d0b29652ab2d754e13efdd70b370a1eda07fce23ef69931019a3bf88c2', '250', '2024-10-13', '10:27:00', 0, 37, 1, '2025-01-28 22:27:31'),
(88, ' 05EKXduazH2ISRi', '62aa966433eaddf662d57727b767897532545007f6f5cc61f0543f9da2c97387609158ce574febdcf810bcecc8dfabc5cd6390505ba9c55b5a14bd17dedff48e', '200', '2024-10-13', '10:27:00', 0, 38, 1, '2025-01-28 22:27:49'),
(89, ' H4azmKKONOVSN7A', '2a968a8a2a487fbafa8608bed86686a4e3f7312e000a4a476da35c5000f18d84b89c22f6a2c5bc170c684183fbc0d41ac0c29a0bc51d911d9b2bf9f447259a32', '300.00', '2024-10-13', '10:28:00', 1, 63, 0, '2025-01-28 22:29:31'),
(90, ' Epo3MkWIHbrutP3', 'a83afd4c34c78e7f289874289e37089c4a9f9f2b94dc93b5eb099703d7151bd2bf9868c4038269e4a4c9a66e7afa6c6a8992c9b8bcbdae9d18da249ad4034ba7', '100', '2024-10-13', '10:30:00', 0, 39, 1, '2025-01-28 22:30:32'),
(91, ' WBTpKLSXJFh6aDY', 'aae144c4d6c9588784d7c2ff51a660deb60ca2473a61a1c7dced81d19a4ec69d0e5862540bbeaec0bd647e9ba33332d8aa7aca052f965bd56c3c15b045781318', '200', '2024-10-13', '10:30:00', 0, 40, 1, '2025-01-28 22:30:56'),
(92, ' fUq6iUeN5MK415s', '14f6f69dd6014842199e6aa8738a07ee1fa83a543f3d8cb2125337bdf95e327644653029f6eab1f045b539d1b51e5363c372f5da3fb3e88ebac8dfb8434078bc', '170', '2024-10-13', '10:31:00', 0, 41, 1, '2025-01-28 22:31:55'),
(93, ' gRN1gGbNErEZVck', '6d787240bcfd63569456406bba5ea05486f64c2197859418bfdfbe43267f01684182d9337a40b7a31cbfba5b4481786106fdb7b93a16c59f53875715661ff3df', '100', '2024-10-15', '10:33:00', 0, 42, 1, '2025-01-28 22:33:09'),
(94, ' y1i4Eqeheg0yQrE', '512da814ab9405e1c87c9aca636f353d6c831f7b09af0b0a75a2a5909c4f6bfd38cb90b838881a960692931c220c26a40d687b9fbc62e8730f86a50f3ffeaec8', '400.00', '2024-10-15', '10:33:00', 1, 66, 1, '2025-01-28 22:33:46'),
(95, ' JAbCv47nqj6Krls', '0ac3d9a77682078f5fb6b241ade4a234430768dc15dd3115f6ecb918786f1fbd7ab708c8cdadb28366fb92f1a7f6fce89bbb3c4ccf7480c743ea08e91c358de2', '200', '2024-10-15', '10:34:00', 0, 43, 1, '2025-01-28 22:34:47'),
(96, ' MdHiykm2ixlzQgi', 'a5abc2dda4598f56c2edf66cd323e59a8e49ca744da0b9d2b5e34ee48197cf4f014741901f4c1d5e97fc689e6c0ce71a3dc96d81aa3b17a391365497d075db03', '300.00', '2024-10-15', '10:35:00', 1, 67, 1, '2025-01-28 22:35:42'),
(97, ' 8wmgvMXu5zalSyX', '9106f43bbe1c3694a97e1593b36d516af7a16c9f28198505b1ca5a3a16a23a6be7ed0e4141fbb5017590377bea2b6f9602b5f26d964aeb210936fc69e8465757', '200', '2024-10-16', '10:37:00', 0, 44, 1, '2025-01-28 22:38:58'),
(98, ' KwrMs3ZaGTznA55', '9ee1a657e39e5b014241dc6ec9ed093c0df724c7177d09a3694e154c7d9fb2ee92d9bd84f7cafbde6bcf8e8f3767c7c6d91705b60eb0e7e3e22886de1ce1ea16', '560.00', '2024-10-16', '10:39:00', 1, 69, 1, '2025-01-28 22:39:42'),
(99, ' 4qqWAgrF0f44qyg', '69c04f042cf3252e056a43967eefb99acdcab059207d3790ee8ddbd1156aa29764e2a7fb0db7b6db50c5004f3b2a33deb4a04319dd9030cab06afd754ad90c3e', '140.00', '2024-10-16', '10:40:00', 1, 70, 1, '2025-01-28 22:40:10'),
(100, ' m2e7PScaDm1eMVm', 'e8f52f0c7c9010eb44172778715be60d83e201655f40db6d04893326b6eaa4b5662aabcfb1bfc157b5ce89bdfd3d7399d55e38d162c7ebd127ffd63bbdabe6bd', '270', '2024-10-16', '10:40:00', 0, 45, 1, '2025-01-28 22:40:56'),
(101, ' gFNNo0c7nKMKGep', 'ebb4290cb2a5bbd057678b4c78e912de1877884763a4c922c5c9c2cdabe54cdd761663254f4f11211efeecfb5902fbc16cce9afcbd674d3a2a1c36fe74dafdef', '100', '2024-10-09', '10:42:00', 0, 46, 1, '2025-01-28 22:42:26'),
(102, ' jg2AlaDIJytjI0G', 'faa81c4c1be5550b447feddbdb59b73c24c0619a3afb9fc88b79780a8309b2875f4941c37d9a1cdd3f3dfc4e6b5855f40592c8e17501d0099ed3dc13752f53a8', '150', '2024-10-11', '10:42:00', 0, 47, 1, '2025-01-28 22:42:55'),
(103, ' 98AHjspEWaCjuqG', 'f298a449eac6efc57ee15d8c20591a9fb2881697cf59cd72896a3fe791cf93373fbf8f8de7aa50aaf3e6ab37b95ecf91225b442a5869b14cfadb5d3664e198da', '150', '2024-10-16', '10:43:00', 0, 48, 1, '2025-01-28 22:43:12'),
(104, ' SJaePZAiBRcfC7s', '162c27dc1771b4ef22fb9baa6e70004fecbfb193deb35557a5817170c963d2d8c720918c2ada9e7d8e973c88734f8ae34fb884f1dc952c4432bf83f7198aa527', '200.00', '2024-10-17', '10:44:00', 1, 73, 1, '2025-01-28 22:44:06'),
(105, ' Jx0aGwOK9OnTMW6', '983edf0fa0031743f14a75cb36204bf0957a941b518381c06926cf9563b6af5174e4796395394a021c127cd6e75b23612cc5bbc5f09ef017e67c5daaabf0ada8', '260.00', '2024-10-17', '10:44:00', 1, 74, 1, '2025-01-28 22:44:54'),
(106, ' xoaNjUPRvHggEhL', '31584abd1cd36103890d909b501f95a7dc10c6517a165c26d6f4f763d322734332e0295696a507b8c90ac669b911f08b841cb280728650aece5ffd5bd060511c', '450.00', '2024-10-18', '10:46:00', 1, 75, 1, '2025-01-28 22:47:04'),
(107, ' ZzHkWp4zwecAH9t', '813d1dc866cea3dd6a814a27bdf1039b4bc59cb40768b6316d7918d01d7cc9041b46e9ac8cff7b7252197b47ab9806b3a3574e40549467b8a577c0b4a5fd5d40', '320.00', '2024-10-17', '10:47:00', 1, 76, 1, '2025-01-28 22:47:32'),
(108, ' LvHFS1Ws2JPLkle', '5e96fb12862f21f248e1ba1225dafa2b0f626d5bb056ea5aa314c52acb8c680d77714e482a6964ecfb2b31b1d63b669f256d0c146676ae6f50088ac2960cd581', '50', '2024-10-18', '10:48:00', 0, 49, 1, '2025-01-28 22:48:29'),
(109, ' nFgtG2d4nQUcGox', 'a7b617c0793ee32e1c4c588757e6fd6fe5f679650edbb574fe87c6c4f3e2f8795ab6b893b1a59dbd655d6c2bff008a95882438aa69c282079a064d473c26f3f7', '100', '2024-10-18', '10:50:00', 0, 50, 1, '2025-01-28 22:50:48'),
(110, ' ABvzQRkmNHh9Hdy', 'a0e12c176b7d3ea68bc33e9e44d9906228463994fed9891066d0794ef9f5fc1c74a4c4b83212375e4fd8703836cde37c134a93292aa33132674ce1b7d5ac6da9', '470.00', '2024-10-18', '10:52:00', 1, 77, 1, '2025-01-28 22:53:00'),
(111, ' mSu6YKVcVLObYNg', '2cff4bbd533e114d66d6df2f8b521b445d5f6a8e51e2b387e2425787b0f3b92cf747c5a86214bdef014fe541773dde3c71ef7294e5d996e487ac9972ca11048e', '590.00', '2024-10-19', '10:54:00', 1, 78, 0, '2025-01-28 22:57:46'),
(112, ' Jzvt1pa62USRRom', '014a7b0d928081488a82bd6c613b572cb692a947c8e9cca93f22bb988980d98722c0bffcdb8c83bcaf5164652116809190fcccf6d729e392a5a3e46766334297', '160', '2024-10-19', '10:57:00', 0, 51, 1, '2025-01-28 22:57:30'),
(113, ' Hc60pYXRyDh4ydV', '1429c30c1035561b40a09d302e2ac58800aa9dc3468c58398b5ccb4722334ee9783fd84035b1ccddbc57825443ff427b28275a0ae5ac9b4b471fa684f59dac05', '390', '2024-10-19', '10:58:00', 0, 52, 1, '2025-01-28 22:58:48'),
(114, ' RnSCRh9xgViM6ma', '39d68242b77aac6777d61954cc1755da73038b1a27264e60b36105249d2178758ffd132e315cd873f652c84984c7a2350a59b35335591174d1701f9268f17cd1', '280.00', '2024-10-19', '10:59:00', 1, 81, 1, '2025-01-28 22:59:35'),
(115, ' vtzHL1bLflT89aU', 'a169b8188f16fdb7be3dcfb5e9c877829bef5fc9b30f89c0c6a457d625db410f85f097c24c9857e6fcdbb98b9afe12b9ce9e1252add72e61a3591d3cd8be5bba', '200', '2024-10-19', '11:03:00', 0, 53, 1, '2025-01-28 23:03:30'),
(116, ' 55XzoQsE4agoLr0', '45568fc790eff789d7b25608356c886604e22b64db58ee4b55d9826a8b389e1c8390d8a16de1aeb5a55948408c0ed3327320a0e058e6e57ba24a6cc9eec28c86', '390.00', '2024-10-20', '11:05:00', 1, 82, 1, '2025-01-28 23:05:29'),
(117, ' eN2ciFSXhbvSTRh', 'b8dea77574eaff6860e3ad15dbe52a8559b3af497fa3b9172f2cfaab2dfc5990b128b6996e51041e5a912dd6e7dab6c74eeeafd42b593d44bb6a6586a6625941', '200', '2024-10-20', '11:05:00', 0, 54, 1, '2025-01-28 23:05:54'),
(118, ' IADxQDiEC0cyFB5', 'af5c75371fad4bcc462c5b2cd9e366ccef8d3fd4e096f957e6517558165d0dbbbbea0aaaa64197417e64d98828527cee21cf400b1c6a2cf427a83f0cc850d334', '560.00', '2024-10-20', '11:06:00', 1, 83, 1, '2025-01-28 23:06:39'),
(119, ' 526i4oxoBNPximw', 'bec11927bc40c460eef968abc1d9642b7a67f97a7f9dcf1881f42ce444d9d91c533cd5c50a7cacef9178af62d4dda8f88b90ad88ce323b152fac36156b54ec9d', '290.00', '2024-10-20', '11:06:00', 1, 84, 1, '2025-01-28 23:07:04'),
(120, ' a7ebm9oRbju1rF0', '422725eaf79b99afb042710d2da6ee1e238da05eb9043691a655725b6a9d4877fd9b327bc21ba74eb46141348f9c01267c7b4a0e9607986ef9b4f7e8e1527102', '280.00', '2024-10-20', '11:07:00', 1, 85, 1, '2025-01-28 23:07:37'),
(121, ' X3yp6f4lEoHmeVO', '19fbda4e2d37e25c7315eb9171802150f11bfb90a9a96e402d8d1590a55a1225fec6beb3d56dfce1eb16b6f670777b1b558c713932ade25a2afb15006547c4f7', '150', '2024-10-20', '11:08:00', 0, 55, 1, '2025-01-28 23:08:13'),
(122, ' bNhhcu5oG3icWWz', 'e34158445acc7700cc67dc67d019b87ae745e59ddb77c79690201237549675e5cf70c2728fe8eadd0e0fe078b6d772a05ab16582742dcd348fcdce158c8ff191', '100', '2024-10-20', '11:09:00', 0, 56, 1, '2025-01-28 23:09:52'),
(123, ' n2hGeIw0eorCUh8', '9290127e9c8c9d04cf89e25bc64ae87f5ee0e2dbb94b70f97b8df063bf01b9399c4b8beccc78fce85a67ac86126258f0b4d98b316dec6a526a822e899d6d5d5f', '200', '2024-10-20', '11:10:00', 0, 57, 1, '2025-01-28 23:10:46'),
(124, ' hJqpDwAqgVyUV4K', 'ed15063d7bc7b000dee56b579419fa84e2f44c42f6bf5679dac15819d88abde42e80ae60832a579ed61878bf60513ad78486ce4577b244a01e1daaf5cc2a63b2', '290.00', '2024-10-20', '11:12:00', 1, 88, 1, '2025-01-28 23:12:54'),
(125, ' 0s8Dn4czzCcM52u', '0d0adef0a30eb070d784f5cbb48654d2a3b83662d24b6f07bab5f171cc99f0a21b76f03ebe8d50227a01b8e1b5c582f5bb12c887c27681cc04634332fa1586a8', '470.00', '2024-10-20', '11:13:00', 1, 89, 1, '2025-01-28 23:13:23'),
(126, ' Pzf3fU7xkd928HG', 'd46b9b01490c8233297854579e91cbabb736d1a4f16022768c2639fae96982013d3e42d55b4c9d6e7a7d9513e2e5fac4091b371dd67f80a7426ff35c043570cb', '290', '2024-10-22', '11:14:00', 0, 58, 1, '2025-01-28 23:14:28'),
(127, ' LVgbPrKMqK8fgyD', 'c0b515cd3130e8842757930fb5328672db93ecd8094a35bb646a1f4750e5eba87e3e6bccd204678d47a0d7c7b9047e7ccc984e804e4ab7dd3315a0ed38527b82', '310.00', '2024-10-22', '11:15:00', 1, 91, 1, '2025-01-28 23:15:20'),
(128, ' 6E5PDutcsoNbRV7', '485ec858f41a9398287df9bb3685ee67a0814d0fa0448578b48d9fc91a57243166199566603121690c8e14ac3397c741ee709e930c23a4682fec870c6c6dbc69', '350', '2024-10-22', '11:15:00', 0, 59, 1, '2025-01-28 23:16:05'),
(129, ' lxp7ZjKBr2zatcH', '6440e2771d9c735963fc6230e22797a1778f8ba724e07a52aaf25c8d7a02c70b01756390e7b87973a54cb7ec221b320a0f5a421e148fdb8fe2341045f4bec577', '250.00', '2024-10-22', '11:16:00', 1, 93, 1, '2025-01-28 23:16:55'),
(130, ' ZEM7ntF2QvqBSiB', '868a98c8da7aab315af4e166e9445aa8fb6981b4e42317f3b3cb9cf0622cee24c135773273d68996df1d2226b49dcf7ead6434cfee5e08207efd5662fdbc6ada', '400.00', '2024-10-22', '11:17:00', 1, 94, 1, '2025-01-28 23:18:03'),
(131, ' xnF12t4bUELQCf5', '87003799db07784489f1c5f4c73ea89d9ed4e86ac99d4296fb08b054b35f8f8f5f0b862a1ad02a2252d0a6911072fbbb2f072ce615f87919d18077c86995ea37', '240.00', '2024-10-22', '11:18:00', 1, 95, 1, '2025-01-28 23:18:37'),
(132, ' QaoA7ybguMadF5b', '7caf46cc0e9511c724cdf09c6e2dc95c73b69c629893a7424904d516ed9925e15041fd48c02bf691209ab967a3fc8604a8784df5fc1832e51bad64bbdfd9405e', '150.00', '2024-10-24', '11:20:00', 1, 96, 1, '2025-01-28 23:20:40'),
(133, ' SRQ1c4MTSlfnryM', '385ce37c25eed09aa7c6e57e50dc732b5b48a899ebc185c205835bfcf77fc8cc43f948db0b9d3f68bc5ac24a6cb112e41deb8a3c190181f6f378542fcfb082d9', '130', '2024-10-24', '16:13:58', 0, 60, 1, '2025-01-29 22:13:58'),
(134, ' qcfKoifre7k8mP4', 'ea3d6686eb0aae09b46d4346293c0853545b990640fa4902121fb1017dbe6d65a1699f273abf23ab4ebdead66d49d4ce9ceb3792d43c522331f10e267039bac9', '380.00', '2024-10-24', '16:15:37', 1, 97, 1, '2025-01-29 22:15:37'),
(135, ' bj2tD68ddzcAQZm', 'bbede9398f927c1fb7834eb3450364ac8f48aa7ede8117f27b5db47dc19feb2c6dd14265a59b1e5d5dc7b2b140252c67a55259b543b0cddc6ca5c13868fb5a17', '500.00', '2024-10-24', '16:16:30', 1, 98, 1, '2025-01-29 22:16:30'),
(136, ' 3Z2RPLsjwDAX0E5', '639f21ac10b4e39dcaef20749f460819092c0294760e0ae99980d129453a52e94b49db1aa3555fa91410cb0b79db5c3099bdd2542ec9d56bf0f625c01346310c', '270.00', '2024-10-25', '16:17:21', 1, 99, 1, '2025-01-29 22:17:21'),
(137, ' MnCok5Jtkuz9Xe0', '4eabcc217e84bb7f3fbb1fc9e79ea88519b9bdeecf5b6a1e5686d115eddd816cbfe70cc0328b214dc10791f29d69b75920459eb4e055b54c110b542cbb6dd6db', '380.00', '2024-10-26', '16:18:28', 1, 100, 0, '2025-01-29 22:18:36'),
(138, ' yMqiSj5NUXpCEpK', 'ff3414b37f58f1ad2e3ecaf4bf72c0c503aec3270716061545dfba5b4d459da1371ae72aba9d728066d491bb822dde35d1506fa43eac9befa30a667356ff270e', '100', '2024-10-26', '16:19:09', 0, 61, 1, '2025-01-29 22:19:09'),
(139, ' D0dZ809JPLdS99U', '4fd492b6d7a39599175debeb5600913fb9539a936d3ea15b45702d4b37fc1217832902e4d83341f99496bb13c072d25785ffc1102967a7be91b7a2e52e136ba8', '180', '2024-10-26', '16:20:39', 0, 62, 1, '2025-01-29 22:20:39'),
(140, ' eP78Qnp9PYV0h1Q', '166f0a230d0ba053572560e184aeee215c8882432486f0cee4d4c1fe0e595e6d8a8637d3495ef0113465386d41206e9990c3d2674c380552e6d3a620741981d8', '250.00', '2024-10-26', '16:21:19', 1, 102, 1, '2025-01-29 22:21:19'),
(141, ' eeiJ2yOtelnHW7M', '91d857ba2083697c79a7132ed3315e792274cfcab465a4b539dbc02da795e0c4c3682bfff7f53c9ed3e4b06300c4ee7b1a8a9eaa0fc8aadc8aad98efb2f69fb9', '200', '2024-10-27', '16:24:41', 0, 63, 1, '2025-01-29 22:24:41'),
(142, ' OPbktLItafqu18x', '83cf90908712b2b64a6cec21d5ee173c6b017b8496d5ae0c47b1215421e4bcdcc92b3e7015cff7e2ada7f6bf75e64eea6ecaa97d06b3ec00da4aeff48ec97f8c', '300', '2024-10-27', '16:25:19', 0, 64, 1, '2025-01-29 22:25:19'),
(143, ' brx657Ut8gaVPW2', 'abcaba58ae48024168a7241e81e076fd6902aedf01e209f5abd024bd085d7a6b38fadbe17045ff2c9b778a0eea184c2ce6fa6c1909e26beecc9741312859076d', '100', '2024-10-27', '16:26:40', 0, 65, 1, '2025-01-29 22:26:40'),
(144, ' EswQPVN7rJmcufm', 'b5946054ba4895a47bcbb7020a44d1fb1b1b328079aaea9de59121ada639a8da8211bea30c723d39f683daff63f2657501c35b7dba3a43f5102665eedc012e17', '490.00', '2024-10-29', '16:27:47', 1, 103, 1, '2025-01-29 22:27:47'),
(145, ' V2PppMmnv0wT9Tk', 'e07fc42ee26624f99383b4aaf105a670f12a71f692b1f728a7468202a8374fa1915cda42aabcc8e52c3ca7a6597bf8d18e8d44088b8f19e4074ffd2aec9d460e', '280.00', '2024-10-29', '16:28:13', 1, 104, 1, '2025-01-29 22:28:13'),
(146, ' IayFHLUSqF1RnHF', 'd2bc229310246434cf9e16c051da14960ae939247e3e702509bcf24380a5d67522a59fd3d04a748a4770ce34096b780f8d9da86bbcd133d1eb1b2e26c6b488cf', '290.00', '2024-10-30', '16:29:05', 1, 105, 1, '2025-01-29 22:29:05'),
(147, ' TlFcBtSm2I3dNub', '4ae053b8483d98af0521a0fd062d7a2e2f70fa1445250f13b4ba9cc328d9e1f9943a9f8f5639e1c7190bc5bbff510d101a59355f982ad4ceebb50bb43140459c', '100', '2024-10-30', '16:30:06', 0, 66, 1, '2025-01-29 22:30:06'),
(148, ' 7M9VvZDhLkziZog', '9ff5a9aedce8269fc4e0cd13061f3fb88f1b5cc10f04d8290f8d5b5249c55de053f8ef7f6921e868685800c716a82706fcc8c188d8e542bb5fd58547c328a5c0', '50', '2024-10-30', '16:30:40', 0, 67, 1, '2025-01-29 22:30:40'),
(149, ' hSNcsEodLyeZXr8', '5aeab1cf2413af383b9765cfaf82e9f9817c04f74381b74d208d59b822e87c9f6797efd883b29d303770d4c0fb7aa0e7bb94afdcb09dc1a12ee1b8a0d68aecf2', '290.00', '2024-10-30', '16:31:22', 1, 106, 1, '2025-01-29 22:31:22'),
(150, ' pHlxhaMOi3ixlCg', '1930579714fea87195741f5f518ee6b20bb69676a27b6476660edc4936b390a68616385f40fdd74d87ecbd44426b56c29272c4bdca869561e0a7aa6df9f8b377', '100', '2024-11-01', '16:32:21', 0, 68, 1, '2025-01-29 22:32:21'),
(151, ' 9GMRrX2okUxrmur', 'baa029f7b0fcb090b44c849cfa6021dea4e35348f67db582a545c778ca24fc8085f09847a972e48b49a8d02afbefb4092b82b23bd6e460a84f26b78915e4d347', '100', '2024-11-01', '16:33:03', 0, 69, 1, '2025-01-29 22:33:03'),
(152, ' CQjqSdJXrpnnWuP', 'e721a9258645d3714410a9f624c372c4c7d3a48f8c1a2869303328405ad0c866d3aed5f3ed3fdb26c6162b22498f858825c614eabf6679f6dc12300d1032666f', '100', '2024-11-01', '16:33:38', 0, 70, 1, '2025-01-29 22:33:38'),
(153, ' 5Iu7DpAquLAj4HE', 'ed7756a3905d684476cd7add66a2cda7756745e762d3c27218f3e8ae40627aed1dc3e916edbca5be83b09a881f92fdf7d0ce565af476fffd36efb8618f1590fd', '100', '2024-11-01', '16:34:48', 0, 71, 1, '2025-01-29 22:34:48'),
(154, ' 9LzyMKG0YofnklT', '1b3ee118590730e1a04429e3d12c31bd74a02457ede5a396e67193914927fe376660fbc581ac3944e2c9fd13a58f64f1e4c563de3a0a910daacfcf006d2a487b', '490.00', '2024-11-01', '16:35:15', 1, 108, 1, '2025-01-29 22:35:15'),
(155, ' KZ3KOJUdvTvAkO8', '40782e4e4b7e27a48badc6fdff61fa23b72e8e3b0b324db6386e9c1e1a2e058d49339d6fc06019d2cb9100cb5532b53a1de281aec445e59aa67c71f12fb1caa7', '320.00', '2024-11-01', '16:36:04', 1, 109, 1, '2025-01-29 22:36:04'),
(156, ' IND1U160E2eEP5m', '26568ce4c61ae7dd72fb86f0084f1681d370e76b892dc8f15338e59f7ae89c32d3bb2431441e2137af6963719c7cf1929fc25192e85c0e95d36e570df56d7fc4', '310.00', '2024-11-01', '16:36:43', 1, 110, 1, '2025-01-29 22:36:43'),
(157, ' qKLFWp8DbpSZwxc', '09c218eaa3b8d7dada6d3c6b52c097291c854d3675f847b95fdc71f62627cf7ccb56175540ea6b2f717b6ecc293b513edc7600f3a9920e4578b8ce60f0249743', '370', '2024-11-01', '16:37:12', 0, 72, 1, '2025-01-29 22:37:12'),
(158, ' BjjeVwdmB0yOWo5', 'cebdc47e17bdc39f9d92efb83677f11c72617663c8da7ad4836ee6eec207d7fb20eed3b3e537cca8537880af005cd3199cffcc10df88e3b6c28a45457c7d90a7', '290.00', '2024-11-02', '16:38:14', 1, 112, 1, '2025-01-29 22:38:14'),
(159, ' scT6wiuQptB92g2', 'a75c2ca9fb8388042eeaf3a78050041a336422d223cf045ee738443af0ee89bdc768acccb4e4855e8e662d7008c92410f1eadb9bb74c1ef4f2bb4b5c3c86c137', '300.00', '2024-11-02', '16:38:44', 1, 113, 1, '2025-01-29 22:38:44'),
(160, ' 56vDY5alRMrCjwb', '86d689d869d8682f7f84808df4ff96a27128863dcdfd359bc372b5f4e67ac8c6143db18074ad8099e8db669b5bc41380f38ff2bf491957b65a35082a9deade75', '550.00', '2024-11-02', '16:39:12', 1, 114, 1, '2025-01-29 22:39:12'),
(161, ' ZCKaDfeVcUGSHxG', 'ca703fd4462ff1afbe58f99b114f79781bbce0e80ef24da29f3d5bb0d1b8bbbfd10e0f07ae821fc7a7ebc78919f467d51df71eb687e516122a36775798670a3d', '260.00', '2024-11-02', '16:40:18', 1, 115, 1, '2025-01-29 22:40:18'),
(162, ' f4anacOElPhQEtC', '4585631af4871d1d514cbb3f29772d1cc8e898373f5fd971d58bc4c85030060de3b9885b7376a985a2da337495c2e6a159d71ab79e3e9b6b1a8f1c03f8801bde', '290.00', '2024-11-02', '16:40:44', 1, 116, 1, '2025-01-29 22:40:44'),
(163, ' lydR1teqcNpJhBS', '29eb33296cf80ec20905abda6908982f5a3d3b2d4d9a4929f2b1706741585352903e3b2ccdf254e044f6b9b25e10fd7c235f80c3a4f7f47de2c7f03324799e24', '100', '2024-11-02', '16:42:10', 0, 73, 1, '2025-01-29 22:42:10'),
(164, ' lIpr6OuTk3ObdL2', '70d4766ced35ffd98613ec5fb2d0c8184780e910ee3e698fc8a59843c5451eed742e5869bd16f07f4d909a4dc3ad131446f18ebf46e28d261539261a66422723', '100', '2024-11-02', '16:42:31', 0, 74, 1, '2025-01-29 22:42:31'),
(165, ' bdwV5XdvTzo6ZaE', '26278a5a140f8571735cf5a037d27107734ba784e9e1a154b70df83c39339a635fcec7c1ba200f7ca6684782e1ea5878e4a1fff94f8f077db0d16be9f2f1b2f8', '150', '2024-11-03', '16:45:17', 0, 75, 1, '2025-01-29 22:45:17'),
(166, ' AgGl6FtYPuptm1p', '9095f447d6b8b0ce2ac6247648759bc2232994bd592a94ab52212ea3ed61f9707f576a50c54f9bf4d1a711cfa411df85c88eaab33c17e4c1126c970e681ae738', '100', '2024-11-03', '16:46:11', 0, 76, 1, '2025-01-29 22:46:11'),
(167, ' M5q3cMNiwyhGuOy', '5ddce23ca76448119e5c1104d81b7f3cdebd0caf0e347cd5cc959fee6b6b11e717f64cf77ad7fe6ee6f091c2b51b26a032b63b7d09535fb86f5e88187723dc1c', '320.00', '0224-11-03', '16:47:21', 1, 118, 0, '2025-02-03 03:53:29'),
(168, ' 7iXCVzaLfQpPh5z', 'ddebf821848837b9a3dcd5af08a03fd6a19e79020fb58f407de310c3096750bb55c3b1c89996f047c618851964ec14acc4109701ef95e269c91dbf65a296f2c4', '290.00', '2024-11-03', '16:47:58', 1, 119, 1, '2025-01-29 22:47:58'),
(169, ' 1hclQQEfEMvuuVV', '865dcc020958ab8b8d084c425cbc1ff67accd23f41f3f8f351e652803ec72885de8aada4e28fab366c0b9c8a71c6aff90458ecd423304e94963380a75fdecdc5', '200.00', '2024-11-03', '16:48:41', 1, 120, 1, '2025-01-29 22:48:41'),
(170, ' JN7mpZ0eCilYT0K', '994c92417bfbb8ca8a7231c4c56625b874e5a06b6d2e882206adde689cff51654172781b72727e55e6baf068e3680a5458efca943a43b71c1b4d4afa90c81283', '280.00', '2024-11-03', '16:49:14', 1, 121, 1, '2025-01-29 22:49:14'),
(171, ' XZFhIxDQb1Oqhxa', '8929baae55f5d6620d5f5d0165ffa53e0b55b8f8ba311beda4c7cac94eab58bfa2b4e6e3a01cc7c5a80c21483a9853d436a63c567cd995832bf8ad070bfb94f4', '100', '2024-11-03', '16:50:20', 0, 77, 1, '2025-01-29 22:50:20'),
(172, ' liIxiUW4EkLk4gG', 'bc719819756d81ae9f28250777ea46482ef378965815bb2eeb64452f254b66c08c6c10a3d6b1638d0f1e0aa8c8ce12f347f184e40fa47aea0c81d066b772e98f', '100', '2024-11-03', '16:51:07', 0, 78, 1, '2025-01-29 22:51:07'),
(173, ' zOCXwbPSDo9afWd', 'e652b4a0537ac3cdc00398ab4b9333950686f8fcf4e21c259c0ba09c295a22c6c40e208732c4e06174fd68cf5f66e95a968a6ed5bf03368446f568d2dcbbb0b1', '480.00', '2024-11-03', '16:52:40', 1, 122, 1, '2025-01-29 22:52:40'),
(174, ' sCeHOyagKlS4cH2', 'd1c007bdbfa7fdbd2e4a04522591ffebc6ef51f243880e6a49e2dfddb387ca226147b5bf73990b126bc77069e5b6849bb830902b7586514389d997c1108e6e7d', '150', '2024-11-06', '16:54:35', 0, 79, 1, '2025-01-29 22:54:35'),
(175, ' 0kjp1rP9G7SDDNI', '67c415c1a039c9839e8df3d2298d5d43ef661245b2872bdab957f66fd97f1d47e93a7f7f59dbdcd2475ea454be86cf900ddc494e61d73b001fcb0e0d251c558b', '50', '2024-11-06', '16:59:39', 0, 80, 1, '2025-01-29 22:59:39'),
(176, ' wkO1Piy35SvNcpS', 'b5199a8ab1f1f94a1bfa1a09cd26c67841bbff51993dc76037b4ccdff6018fc036aa79426c5c842c52498abe68a78b4f90ccc4db201649b089b6af9db0215d86', '100', '2024-11-06', '17:00:18', 0, 81, 1, '2025-01-29 23:00:18'),
(177, ' ggCIuGGf8u9lLoI', 'c312119b5bbec1aa8284651af47ae467cfad5c8ec67464439fd21e7342c34385d66d0663c8fb8b8669323f64ea3fbac92371830dbc2235706a442119e9c286a3', '490', '2024-11-06', '17:01:25', 0, 82, 1, '2025-01-29 23:01:25'),
(178, ' n62kwgIE1M9rUFC', '5aa67263d9306082bb8d9c3efa904c61caed56193da60ff81b2f720a9ddbcf228943d6972bcb0664d057f054f03c9c8f8a151c8b7cc9d21c4c97a086a8d70b59', '460.00', '2024-11-06', '17:01:52', 1, 125, 1, '2025-01-29 23:01:52'),
(179, ' QiS3RZcIgdlZyvO', '3b269e1d6bfbf5507899b9b3f2e2fe7fe0c0cb4cc12cb9cc52e09c0cf3362f985bc8772415479222fcb66ca53d5bc9cc8481c8f8029f2a170bf8699703012dc1', '200', '2024-11-07', '17:03:52', 0, 83, 1, '2025-01-29 23:03:52'),
(180, ' Xp8kEVfTGLETRT7', 'd3401ab63068699ec7e291d32f612677d074c5d55063ca0ca6ef7bffa7fa449db106f52b38e115d7352798b1d6ae0dbc5d70d9b97549f1d3102b551150e7fb38', '290.00', '2024-11-07', '17:04:25', 1, 126, 1, '2025-01-29 23:04:25'),
(181, ' 1MeHWF0J1IQy78K', '4446fa2f72644b0c545e44ed73a4c6e4203237df15feefb56d700999f59ffa8e4ef5c35e948bb5520170999b6417768aa4f733f5aaf731e984fb0306b7c46cf5', '280', '2024-11-07', '17:05:34', 0, 84, 1, '2025-01-29 23:05:34'),
(182, ' 8dUOaGPziymi4pe', 'ac29764b7cade345f9425f4d0b259aba78fc5d02e5dbc0e9330dd37d4caee24b14f271a86f19188d3f8dc84146cabea40201b70741054dffae33517624bec9da', '260.00', '2024-11-07', '17:06:15', 1, 128, 1, '2025-01-29 23:06:15'),
(183, ' jGdqKecEj9rlBqr', '80725f270ab301440256ee09ab0e11d3868a31c247c120efae6fe87b4cc299ca4db05c6e1ab2b608bcc67f07eac835536a8fea67e5fc4ef6b3e809eb6487c6a2', '310.00', '2024-11-08', '17:06:56', 1, 129, 1, '2025-01-29 23:06:56'),
(184, ' nsKXrjuFJIKs5ul', '7914a20be72ecead43bd5b6172109de67eb91226f19a517972321bd0e63f7d5fdd61e195333d8e1215157337c3a76d41e186ed10053e51ba6dd878ec9d5a9201', '195', '2024-11-08', '17:07:24', 0, 85, 1, '2025-01-29 23:07:24'),
(185, ' 0HrL0LKo9fQUJN5', 'a6ad98fd9db6455546e26ca7debe92d1c9f124562a293728a628ee893e760dfaa4440b803ca4fee30099a9490703e831181567c6d4bfd7cb5ad4a28ec985b160', '560.00', '2024-11-08', '17:08:24', 1, 131, 1, '2025-01-29 23:08:24'),
(186, ' 8GMn2DbNH2FBemH', 'af2c0195d15f594b94c8ac84f854145f56689f92b4a4cd02ea4857cb641626389592b730ad09982e8c5d53233e7cdc79893459d906c8115fb33471ec6cad8987', '95', '2024-11-08', '17:08:52', 0, 86, 1, '2025-01-29 23:08:52'),
(187, ' oSkYx7MfegPIV44', '9e1947b0f65004f966ffdc75ecc8cb8d296b1e8270a70513168a977e294e9fa242a9791161f047ca0e1a1a73a3322104c4043a382fd29b7ca351b06e88c328ee', '310.00', '2024-11-09', '17:09:36', 1, 133, 1, '2025-01-29 23:09:36'),
(188, ' LiamdDcSlYYGaFq', '455ba82595ba09a3fdebc4a3fbf6d5b695b6258266382175d30b55590be55ea60b13148e3199f94b49231cd4fe2880cd20f790941d7848af93d15b681b37eb0d', '180', '2024-11-09', '17:10:41', 0, 87, 1, '2025-01-29 23:10:41'),
(189, ' zdu8bXKIUOTzEgm', '86e8dfcc9bee05574552a30a3a25649ff914f486b4c400a53c96b6fcd8650457cffddc304c79383b457a44d349dd63c5821fc96db3aa0e14dd6309130b601e0c', '200', '2024-11-09', '17:13:56', 0, 88, 1, '2025-01-29 23:13:56'),
(190, ' ZBEiAa12WpKSVKf', '7779e7df7caaaf7fa92de2e159ffbe4b730249df8d8a3438a84b2bdb1550c85859a40ff1f892910a2a9a79dee57c82e753243cd4fb5106bacc4836b57ec57ed0', '390.00', '2024-11-09', '17:14:35', 1, 135, 1, '2025-01-29 23:14:35'),
(191, ' GLcwUUjqwXgQyB5', 'a388c908c5fab2d06f3d3c95fdf5c779834cd95848ebb2552e265bd31ef7f51edadad188e987144801b114c3fe5589bf0ac73f719466b2d4fefaf0dc41bcd313', '200', '2024-11-09', '17:15:43', 0, 89, 1, '2025-01-29 23:15:43'),
(192, ' UImBSqIBWNGY83G', 'c673153ddc54c2079cef7d04adca4e7769f648cd4c424f77fc0841ccd6fcde137717013d261cce871c7b0bbfca536e06e2df74d580475c88cd8b0d2b874da940', '290', '2024-11-09', '17:16:23', 0, 90, 1, '2025-01-29 23:16:23'),
(193, ' 6cF9feKMHqIqtuj', '618b7c2aac7db7c87fceadcfbe3abbb3d616d0aaf00befc2698d5572557fcf68bd8f687e10bed1230219da8c7ee7cdceed3b10847e4de8119ee9477d8d41b2ff', '560.00', '2024-11-10', '17:17:31', 1, 137, 1, '2025-01-29 23:17:31'),
(194, ' p3FZJG865HnjE1m', 'ea1cf4689db02bb0aa1bfe1b9ac36c28f390454de351e563fcc62738cefd5eb43f3ce122311c9f2e6d605d953002821114bc3e75a856ff140ff65ca099eb8d80', '200', '2024-11-10', '17:17:53', 0, 91, 1, '2025-01-29 23:17:53'),
(195, ' y7PaMwIFG7JtHMo', '6f16476c91da6d8a59b8a04becb4f74e07a5ef218c6e39cceacaf8d5ea73c300b406fc941fba6045527607e2ef620c66771b6caba3c052dbf5d42a0a7b002e33', '200', '2024-11-10', '17:22:08', 0, 92, 1, '2025-01-29 23:22:08'),
(196, ' 9au9kilD4V9gQb7', '981728357875b9acab527120deb64473f13dc8e7ac7e1419c2f5599397f249766dbf4a230036db46d2263f6535ce4b5054788c3177a612a2d09ffe358abc93d2', '100', '2024-11-10', '17:22:41', 0, 93, 1, '2025-01-29 23:22:41'),
(197, ' 9UJVfDDMDuNE2TK', 'f8fe62151e7166bf03ef9d16c7a5d8dbc2f82f4df3cf0abb176c7df34ef58ae6a9da7bc38796b8ab6a8280941102c0fb30524ca9d6b56731c516c8ab9d9d1f9a', '240.00', '2024-11-10', '17:23:05', 1, 138, 1, '2025-01-29 23:23:05'),
(198, ' DdfdcuiKUjX5lqh', 'de6101052d8bce906d1a5986e8da87cf81841029d0ce1040373a1be654c478ac136b7e7d22bfd713ce5d589cc65c05cfb27cf4cd9ea0161e7c577f4975de9f02', '290.00', '2024-11-10', '17:23:33', 1, 139, 1, '2025-01-29 23:23:33'),
(199, ' jLP0neTahhlN4Zg', '1715e0f8b9328eef8e409dedd4adac05e8adcd8294e6ad3c432a1e34843a5a12f6d0ba815bf8dafc6d697fea4e0937119ad775abbb3501d146c41989032c0794', '100', '2024-11-13', '17:24:00', 0, 94, 1, '2025-01-29 23:24:00'),
(200, ' XJMelAhpBDX1KX1', '65cdfcbad9cc7fecc13e3d47c57c9b8e1fe90816b48d33c2a880ca0593a799693092d3efe8e8c4c6163744353229ff22e74a16bdd7da0e92189577ddcc7a8969', '220.00', '2024-11-15', '17:25:25', 1, 140, 1, '2025-01-29 23:25:25'),
(201, ' ujBV00rQEMglVfS', 'ec452f01830af0ed3c44a99730d2c9ca9543f7562a7d498ba48d6bd7d65ac8dac498c6c70060f10da463a79bfcd6d95e3d44b2bd7eedae9500ef86d160ea8d14', '190', '2024-11-15', '17:26:58', 0, 95, 1, '2025-01-29 23:26:58'),
(202, ' QosdQYyxueRHUTJ', '8d867e49202fab1582c3687059c21c7875fa45c7ad4b465df89ab0df3d207417b4787c0734bd9f5b6611c335e0a1fb122028718c7a6f18c451d6a6800deae1c5', '200.00', '2024-11-15', '17:27:25', 1, 142, 1, '2025-01-29 23:27:25'),
(203, ' hcep6Sg5IUwewH4', '0c83a10ba24a4a945fab9b450827b96bbc358b193f0eb8ecc97015fe848cebffb4d25137a83f7ad84b8dea7ebc1bf3deb345081060289ecba12e7b0d52a0917c', '250', '2024-11-17', '17:28:34', 0, 96, 1, '2025-01-29 23:28:34'),
(204, ' 3esxEMSoTHWy6St', '66e896236517a043337e06bff7c93ddb6a9c2892371c932347b9ade7acef87e2b5f08f67a73db9adec87d6f998858bbf15cac0ceb715bfdefa3b430f5602beab', '100', '2024-11-17', '17:29:47', 0, 97, 1, '2025-01-29 23:29:47'),
(205, ' 2FlLb6P28DX8vq1', 'c9897625d7417d8d87dfcb5c4175842d07ca983183a6cf68e4c91bbd9c9f60898989c6add83ba760aa487bccd229097bacade3c986ea7d761e54bed3a43d1ffb', '260', '2024-11-17', '17:30:09', 0, 98, 1, '2025-01-29 23:30:09'),
(206, ' zdyyN6EEglPc1tD', '27324a315805037c5a08e605bfa757ae90919d6157841569ee2e1a45989faf27e350a53ec73d74c4779b4f102e7824abbd502b02088ad87c70e9aebb445cc6bb', '90', '2024-11-17', '17:30:30', 0, 99, 1, '2025-01-29 23:30:30'),
(207, ' F9MQrhRi1tozIqP', '799b6258a71391cda2d2703a23374476bae7f1a2f23f0991b5d350dc0ec51e473412b026dc3380d8b594dd9e4025b3ebafd8454d7745c05b682c11e9f3e16c97', '200', '2024-11-17', '17:32:24', 0, 100, 1, '2025-01-29 23:32:24'),
(208, ' NoCb4jSS6KHGPG5', 'e7942ce5cb66f815fe64aef29d7ae881552dc71cafc40c6e3a6ca05b751470e6269d506b1e6a427a61d96599e59509575909a56816aadea09b122a483cc5c89a', '50', '2024-11-20', '17:34:56', 0, 101, 1, '2025-01-29 23:34:56'),
(209, ' CKMnxqKY57oHYmE', '3a3666303efc20908f693a89efd0b1288c24754ff24ce9918736f9eba10e3f1758b9ead2499806c605650cf4996268f7f915272dda9ba8ceb946c79a0d362eb9', '260', '2024-11-21', '17:36:18', 0, 102, 1, '2025-01-29 23:36:18'),
(210, ' Mezr1pDciTXPT0g', 'f134cda9da484304ec0866da1439bd732adb73cc705d00d626513da78872363a9fae839f7c4c3922e39795596a802c21acdc8275db91cb275c58eecf38569cb8', '180', '2024-11-21', '17:36:48', 0, 103, 1, '2025-01-29 23:36:48'),
(211, ' llBAoGXkNcaEeU0', '7177361c1a4a2ffa1c5f06b8c9e3a3a134ca708e3dc0d980a761cea2d56d371a4ccc5171f5f7ef6821bc9b2550bc1e05fb17f2b4c66cba81afd37b9ebb7fdf87', '80', '2024-11-21', '17:37:44', 0, 104, 1, '2025-01-29 23:37:44'),
(212, ' BhS3W60p11FZZcm', 'ed9b6b3a5af4f2b6fe3a15523b6347fa1f9863ca3e0c17a70bc60091979d5571cd488c59f9172026820dd356f9b095e26ab67b2a8c49a769bdfbe763b8d7250d', '100', '2024-11-21', '17:38:10', 0, 105, 1, '2025-01-29 23:38:10'),
(213, ' JlYqx2fOxnJEacL', '9a93b6651b966b4e9bc83e0822d29f231ec40d19067eba5d0ced5aa2842f1c81dda8706f3f7a4fe862a9134334ab55084120ee1003927d7e2c0921aa6a255fd0', '480', '2024-11-22', '17:38:43', 0, 106, 1, '2025-01-29 23:38:43'),
(214, ' 2SAfGJcbP357CYT', 'ae10699ca5fce408a08e2c3db0bc5030634c87722ce1510596ff6dd7bd71e3e4d22b5e0d01b0f26511fcdc827d732f20f950398ab7361b54c2efa33a2a10011a', '550.00', '2024-11-23', '17:42:01', 1, 148, 1, '2025-01-29 23:42:01'),
(215, ' 34HJMMhvAf8VJnX', '706526670f0a51151bd26b90324db20cef44b8c212beccc7a35933ac853b92d8b19a4c0b4c5575a4e0edd1418ed29b2cde1afab7ff2ec024b29dc4d285ba5b83', '570.00', '2024-11-23', '17:42:32', 1, 149, 1, '2025-01-29 23:42:32'),
(216, ' ksoeJgcQD4sn2Cf', 'a2fcedd01b1d5e782d98cb34195167cd40e25a2a4652c3aab8ad8d83c0c17b4b37330895422b68c2268c2fe314dc5a942a3bb9888f84c6dd9b063e382c7758df', '290.00', '2024-11-24', '17:43:32', 1, 150, 1, '2025-01-29 23:43:32'),
(217, ' mDoHusIjNhIG111', '0988ac619d70e00d2a85063898ec9460cf355e3c6058a79700c9351e7f575f5551d826848ae0d92e9b56fa3ab61a9dea7521a11d34dcad5c1571effbae9ef301', '480.00', '2024-11-24', '17:44:17', 1, 151, 1, '2025-01-29 23:44:17'),
(218, ' sqCMC0Amzhyk99a', '918a916ed48579cb4faf7960f2a3cd38f07782209befc4592b80e306877ac24faec08a0ade4f61ce17e156af1ed514d73721b6dd2eec8a3ef9f54e86af9fa5e8', '130', '2024-11-24', '17:44:57', 0, 107, 1, '2025-01-29 23:44:57'),
(219, ' KO8gxAJWD4spTFB', '0ed3b8c698d6cb8fe942e5f2109fd44988122c2ec4eb60a2c57a22bc8020664c781583819a3c77dfbbca7cdf628f7fb7288d466af7c394d74d4f0b6b2a29eed4', '100', '2024-11-25', '17:45:23', 0, 108, 1, '2025-01-29 23:45:23'),
(220, ' eJIVUvCy3clyTzr', 'cd74c84e1943a0b78b30a0339d260df2651f49af5b659d20691dda64ddb3cbbfea8443f3dafb7cac5cfea953d60dd6e1805480c727e638f9db785bcbf1629d84', '150.00', '2025-11-25', '17:45:53', 1, 152, 1, '2025-01-29 23:45:53'),
(221, ' LXcYi3r41fWV3cQ', '07475d626efa9366095dcb5a0a47e6380fb146255cdef524c99b4001334f98baf7c72aec3c24254a3c509f8befca2aad0262577fc29949f89134025ab4f06265', '290.00', '2024-11-27', '17:46:29', 1, 153, 1, '2025-01-29 23:55:38'),
(222, ' cvUOqqX2m2x9vuD', '42ceb22ed713e510b23e97328eb0588f705e50b92fbf50f18e5fb0b2f6f675b5d2ae88bee6407cfbcf75e2fefbcf4168c451e705eeae0038d8852233c539d70c', '50', '2024-11-27', '17:46:47', 0, 109, 1, '2025-01-29 23:46:47');
INSERT INTO `tbl_boutique_ingresos` (`i_id`, `i_token`, `i_token_encrypt`, `i_ingreso`, `i_fecha`, `i_hora`, `i_flag`, `i_id_v_a`, `i_activo`, `i_fregistro`) VALUES
(223, ' E3AKcv8PUvdYSxf', '3ab7f6b61a2b6958b568782014cae7047b516eae525de77c88a0fb2791e65ea16d34410287ed09038cf8794703f6ddbca2ad17fb38cbcf3334c57bffc1da33d6', '450.00', '2024-11-28', '17:47:37', 1, 154, 1, '2025-01-29 23:47:38'),
(224, ' 1Zn4H6brwxC6Ome', '59fc9766ac4c3af9ce4a31cb38e4c30086d75398807d39b6b29c1f23d3e96bbc2ef65ffe4487a1aff95b852e9aea656903d8d19e5f61c75ff6f3f7190b1845e5', '550.00', '2024-11-28', '17:48:03', 1, 155, 1, '2025-01-29 23:48:03'),
(225, ' z6x2Gnswivj7x06', '40f043306a4093fc935f375df9f5b5408ce6935d565ed8f142b2e0900d7e07a9ae8e36190797598cdff4c35073854c7dcc7c936348b4a94493e2bf7c67b27a66', '150', '2024-11-28', '17:50:20', 0, 110, 1, '2025-01-29 23:50:20'),
(226, ' Nxxs0iqdKc2QCrH', '4c2dac66576500493be314239fd00cda9f7624057da7b3b500f4434b5c5f4820d3bf61018ba205bbb1ce73872f13b244010398684a9facd44ab6e2850f203c6d', '150', '2024-11-28', '17:51:19', 0, 111, 1, '2025-01-29 23:51:19'),
(227, ' nQOJmBS0xEgqJDS', 'ea0dbe7f28f276a9b7225367e20e276ea085b653658e44b306250721b59b50ed3a64e52dbd68f203534086dc4105f5c33eff3ae7f4aca315c407fa7652c5de65', '290.00', '2024-11-28', '17:52:02', 1, 156, 1, '2025-01-29 23:52:02'),
(228, ' E2c2TWfRzzF7OC8', '8b3d6a4eabf87db6adbd4f770129db7f89c4e59f5c0e16e715f2352e7f648193d022f0aba9f672f10cd12f0147af111814364a08a5e7a9364de2ada5cc37539e', '200', '2024-11-30', '17:52:35', 0, 112, 1, '2025-01-29 23:52:35'),
(229, ' 6LlO3MfqCBkcKnm', 'c9f57b8ebd24426a4425db39ca44266e24e306b54113be13e5c7cf4b0e582c1127f0c3d618925e7eb8eb841f7d14f237a740cf7598268553f42c1d8ec6ca7b96', '150', '2024-11-30', '17:53:35', 0, 113, 1, '2025-01-29 23:53:35'),
(230, ' EM5BAVgBxEvBglm', '7a02c337320d7d316a155e9a9a5a3447cd9849751b5bd31b624b654d3ca936f5320ebb6131b93990a080edd4491a63b5fb8556e7feeab601d2d7ab9fca0f4582', '100', '2024-12-01', '17:58:12', 0, 114, 1, '2025-01-29 23:58:12'),
(231, ' AybzTcjTYhH0ZFJ', '0e329a33112d9dbf5f2ed48fd26b25690106dcfaba22e833e7d89ed7561ccf3cf9b9d8477d1ee4dbb72b239b66021d38b6151356394ecd3deb7929fe2f1cfa00', '460.00', '2024-12-01', '17:59:44', 1, 159, 1, '2025-01-29 23:59:44'),
(232, ' so0cukR8Aj3Ykgw', 'c694e9125d7a2c860f0c67b072b9aa4731eb92869f1a54c8348ae8d130313710a135fd362442d72da4c4585818c12907ee29aa0d40ca4c8daa241cf1d9a3dd21', '150', '2024-12-01', '18:03:06', 0, 115, 1, '2025-01-30 00:03:06'),
(233, ' QpgelL31M06Gp3R', '5118ca39e5620163fe306ebd6963731777a1b62f27c1d96aae5d3c1aa4121f4a4ce73c6dd078d8017ffb7e63f154f4a215ecae26b83e42a0433285ae013959c8', '200.00', '2024-12-01', '18:04:03', 1, 160, 1, '2025-01-30 00:04:03'),
(234, ' VZuaThXcDWlSbqH', '3d06d65e9e399522eebb8256c83065a30d79ac7dd56aa9f75931c6a84db512d1467659b5dc92a9224bcd2752cd92f9d2f39b74178033c9480c0cfd6f10cdd78e', '200', '2024-12-01', '18:04:45', 0, 116, 1, '2025-01-30 00:04:45'),
(235, ' I0mOl6sO3hDuFGa', '42cfaa590c2a7221e30d133cbdbd1f80da707c4b9918678f148c082cdcbdaec535366a8bc788fe38384049e65a68651852982f72928aa81d3ccd319844c50136', '460.00', '2024-12-01', '18:05:42', 1, 161, 1, '2025-01-30 00:05:42'),
(236, ' A8ynFBux2q18FCt', '1f0f9f49c817c703d71a4cca77a6914efcfb98390ae4d603970b3b822368d7156fe6e2983b8ac7c3f0686d0c81c0184d8a65128cff0f0695b047f13c6cfe6dfa', '560.00', '2024-12-01', '18:06:43', 1, 162, 0, '2025-01-30 00:07:43'),
(237, ' PnIuD1oEZgdBwBp', '0789a4283875c69c6c686bc33799065bfb487f16f61d42c1f0a2a854208456b54c08f075c51ea89cd472356c27784389bbd241e93bbd419a9ab4ea0fda2312d7', '140', '2024-12-01', '18:07:33', 0, 117, 1, '2025-01-30 00:07:33'),
(238, ' 7jcvwIQnDCEdmwU', 'af603b1ab0fa0c3a8d6e8182504176d65d4f1f611339ad18be1525954a4273e2b9a6a0b8224605f30c3194630403fc650ec26693d4e2093f1445a85a17879ce5', '460', '2024-12-01', '18:08:07', 0, 118, 0, '2025-02-03 03:53:29'),
(239, ' CPsnYGYp79VF56l', 'caed14fe6c72144a2fd2b419f6b55878ed14e8c2c0c6569df959f3e8a2ebf05fe436c1930aadd4057670668ba459f8380f66f7c963a47a488d3299587b2d233d', '800.00', '2024-12-03', '18:09:08', 1, 165, 1, '2025-01-30 00:09:08'),
(240, ' XE5iDMiDKu0w2KM', '6e90f91092488809a98f32b4cbb850efb9513432021d44d9348c82f94cdf9f37830a3cdadf6ea27fe79d2adc0eedcfa3c68e5ce789200f224f9cd9013e36c0f8', '100', '2024-12-03', '18:09:44', 0, 119, 1, '2025-01-30 00:09:44'),
(241, ' mrmnc44zFrCkajG', '78a69f622abbd1b527e5ec0d4a95b81916ea824628932721f7fd77dba2b595e186ab068eb460dba905d9dacfeb413cd9da3e3a606294601716ad971f35c6c4c1', '500.00', '2024-12-04', '18:10:39', 1, 167, 1, '2025-01-30 00:10:39'),
(242, ' fx6WXKPDHLitGvo', 'e30a4dfc82628037d415fbb17e77cbf5d25dc11522e632ab0cfe013601ed51020f5046a06e87706b8781f9bb7092f3474b9250a6c754c4813917dc3c40b997ca', '250.00', '2024-12-04', '18:11:14', 1, 168, 1, '2025-01-30 00:11:14'),
(243, ' 9bwhaaTwCokPTus', '93eb227822024904d914b94bdbce3cf89fa2872c2c48d9be4c68809fc48c8dfaf9eb065c75fb8a867850b88ec787412ba796f65bc96cfaf83b19875f3a7fc0eb', '310', '2024-12-05', '18:13:41', 0, 120, 1, '2025-01-30 00:13:41'),
(244, ' 7ZEQ8win1zYBzGw', 'e59e1c053e04f15205277a989ab8c3ca91e1af2c2b2ed0b21da4ede8725565353e70b0af250b28f7358af905423f728078bac7ae4b6b944f6e3d4bfe552ef2e9', '200', '2024-12-05', '18:14:10', 0, 121, 1, '2025-01-30 00:14:10'),
(245, ' bghBCOIM5LWoAN9', 'dfa8df2081078f929a3b812296dd4307d9c36bdc57a81912a674aa6bcdd2c8cff6f435c779bd7a72064d0ac8314139cb85ade37b5979f4490ee2c034f90a85ae', '380.00', '2024-12-05', '18:14:52', 1, 169, 1, '2025-01-30 00:14:52'),
(246, ' olUAFLC20Jgccvl', '5f1e97ffc02a88ca2a926c82e96708b4d6a5f2c5a495a030a8066b8f1b228c1e95df269add6b7d9ed956fe9a935f0814812a18cfc7331939d94b65173d14e27a', '350.00', '2024-12-05', '18:15:15', 1, 170, 1, '2025-01-30 00:15:15'),
(247, ' xUzEXLJHk7zwXJ6', 'e8d3505b4f4beb9adb27ad17934a794a792c832154d606b5fedf4e97b6d7f85add9922e8fbe5f4f99bb41bc527cf7c4b74a4201a3da14b61256305957510cbea', '450.00', '2024-12-05', '18:15:38', 1, 171, 1, '2025-01-30 00:15:38'),
(248, ' aQPPkVGilhNrvCv', 'a1745877aa0ffa634552bf2037abf441899f9940b0d1e5b05706755fbb6cf640d858f994bc0dccab22f74bcbf7d539e0af82f1eae160070c213850a89bb1a760', '380.00', '2024-12-05', '18:16:04', 1, 172, 1, '2025-01-30 00:16:04'),
(249, ' kkozw7fgz7gji5u', '298ec8c4418c41aab80c6cb7ce6f9f6187f17d996e6c82703cfbf35589e8806745d98b6d18f797154dddae7a167ee99ff8334e9789f2b902158f337cde487fe4', '400', '2024-12-05', '18:17:06', 0, 122, 1, '2025-01-30 00:17:06'),
(250, ' CmrmE365FmBTAme', '5ff561ac51e130f2d5c00bda98578033fdefbd4f3e7ea2946a8421b4bc74273ab0b900d6e59aa9c56a6b652a312ea5ff3e99376c68939cb50a149cb29b99e1ff', '300.00', '2024-11-05', '18:17:42', 1, 173, 1, '2025-01-30 00:17:42'),
(251, ' la295ghkEvapf4a', '09b534ec3e6dcba19c7346510c2f4dd6ea924b220f633e939551b3123b5908c8240e82c8bb0eeba5bb8a395b44bf817a348aad8f66ad79202ed9b2333d7a533d', '150', '2024-12-06', '18:19:22', 0, 123, 1, '2025-01-30 00:19:22'),
(252, ' gLCudmEc9LKPZdS', '8b8593869619c835e3ddf20826a1b235ffaa7b6c2287f0ffa13157e1368b1200c10d5d5ed1de2ffad70490720c844e4e34a426904d378b00a2f4d750db1ad1e7', '100', '2024-12-06', '18:20:12', 0, 124, 1, '2025-01-30 00:20:12'),
(253, ' 8npLQkZPgOiJxtb', '2d994c1ae52d3718fba77157bad9e5fef3cd53df8f0e68e69334c2b4f91c302573ae327205cfbd29be8e44867a587ce05e2a20e7aef01d0d6b251087d2586bd2', '140.00', '2024-11-06', '18:20:55', 1, 175, 1, '2025-01-30 00:20:55'),
(254, ' j3fXxiBxJDq6hyW', 'b3badd99bc496f937a86280dafe2407321a812c1289905cb33319e4ae61c5ae385ef8f38903d490f91982fa6724060fecc612dabf125b96f95768f4e3d39a915', '160', '2024-11-06', '18:21:28', 0, 125, 1, '2025-01-30 00:21:28'),
(255, ' SB9rhVdM1bkhGwk', 'fb7b15d8a627f7f81fc94a82aa466a77e82b80244a9102a090f6244b5a239a924262a14bd3abaffaebbde5c4907e9e75b38948125ab517433918579e4dd95145', '100', '2024-12-06', '18:22:03', 0, 126, 1, '2025-01-30 00:22:03'),
(256, ' XPm1GMhAD55FYdp', 'a6a3299144373b715024db7da2bdaf262bfc9c84574e6a67bf0a0d7b730e27b69f1d788537223cb6cef59da1db4143bf7b1db46ad8b56cdfb1eb84535f0663f2', '450.00', '2024-12-08', '18:23:15', 1, 177, 1, '2025-01-30 00:23:15'),
(257, ' 73XYG5TzGh7bwnK', 'b84123a5515e73a46bc4a97096e95726372db2e609ded5eeeec5afdb14b9b1c98084d85b2bb0780ea71deb4fcf65c1599fdc77286fe3e394397ad0fdb459ece0', '380.00', '2024-12-06', '18:24:12', 1, 178, 1, '2025-01-30 00:24:12'),
(258, ' fLcqFZ7skWqqO0L', '92fb9b2ca7ef21b219dcde21e9273775a5e6dc22a11b0a8fefb4a99fafca781ae65d3b511bcb358efb88b515c51d14f240c085aceaab6ac3306ed01c3eaf1cb1', '170', '2024-12-08', '18:25:01', 0, 127, 1, '2025-01-30 00:25:01'),
(259, ' zWCKMqOizECXSOz', 'dd903dceb85de4e9a9056f5edb48bd616f457f63fa3c7944d28bc29c23929ad173a91e17e1328cff0d15776e51076f61462a05ff91ec05a3f278943b7c5d23dd', '310.00', '2024-12-08', '18:25:47', 1, 179, 1, '2025-01-30 00:25:47'),
(260, ' PcaflRq8xwNqYGB', '399787585067237449c1e06cf5fe1b1fa2d00e8dcdd54649c21fdf38add99b7ad0d88ab65de88eadcf05832448b9ad62040d106ac274f0d632f34698d2a93909', '295.00', '2024-12-08', '18:26:11', 1, 180, 1, '2025-01-30 00:26:11'),
(261, ' RX2fLsOqkRwFEez', 'a2a53a31d7e231c905670a764c9aefb94b85ce288da8c3395e681796fcf48ac1cd06eb9ec3418470b6f611b37dd8e77fb64c1d4996810c34ddfb6cecf42b16a4', '310.00', '2024-12-08', '18:34:32', 1, 181, 1, '2025-01-30 00:34:32'),
(262, ' yLtHGbi2thVWnhi', 'd8bb25932e90f1862d1fe76cdf813916361c62a7c169aefeab41be474f1dc95fe5da1082165352326dd386c7deac449d926f36f44be506522c1b881284fc0fbd', '460.00', '2024-12-08', '18:35:00', 1, 182, 1, '2025-01-30 00:35:00'),
(263, ' FSC4NasLwo8Vcpr', 'd0fc57e11b72591dc0685bb039fd35ff443d942c3180cddc52932ebd71e53234376913d312356621bea981d39101d86ec7c9e2688d116108691be33be3cfb16f', '300.00', '2024-12-08', '18:35:27', 1, 183, 1, '2025-01-30 00:35:27'),
(264, ' 0liz74PbZO0Olne', '9154703bc5b40d0fd44f2a7ea9d1047b9cbdfb25d0572ad4910face121afc849d4bc66a0a2742672dd3fe4c74091f64ffa3ced5c1896399869788bbdf3161ebc', '250.00', '2024-12-08', '18:36:16', 1, 184, 1, '2025-01-30 00:36:16'),
(265, ' jYLU0wXkmo1Xy5X', 'dff10bbadd994528ad66cf892aa2e99c6f5d161b297ed116545ffa3d1e9d60d84c9abed0532ed5b1fbe0bf316e59a47d0b36e25cba77eb363629fd247a764ee1', '460.00', '2024-12-11', '18:39:33', 1, 185, 1, '2025-01-30 00:39:33'),
(266, ' bcMomahulCxslWH', 'c8037f23976dd2ae540ec4451f42aee6fcf3b0120ee4e85a1b0008f9831c3e2b3defb9997a36bbcfc9838619ae55166dbcf9143132bfba5b944ec9d089dd8b7e', '100', '2024-12-12', '18:42:07', 0, 128, 1, '2025-01-30 00:42:07'),
(267, ' j6tuaeQtw4rTkG8', '09ed731f093c5b6c311ad88a8d154aa910ab32f3666afdf61f7f7a404fbbabbccbbeeec3eff8cf57116d6c1ef8c010713f11f4f55e049fe2421ac3d50f91ed78', '190', '2024-12-12', '18:43:05', 0, 129, 1, '2025-01-30 00:43:05'),
(268, ' z6f658mPBeHGOLm', '9f6006e5322a5c5b4180048cdd8c138e22180e0eee9cd0039721e9cc0877c9f908c9afb62f3bd020a27efe84273644d533c238bc95a65e1efab4cba7fa8d2056', '240', '2024-12-13', '18:44:40', 0, 130, 1, '2025-01-30 00:44:40'),
(269, ' it1IGNmT5SUliUA', '38d11e1705b59a57782ce65147284ab8254dce8bfb3a925ccdb29cfb3e2a98446c73701a47b1b6088f0257de6126ca6c7b8091a88c68a260815bb480acb7c590', '300.00', '2024-12-13', '18:45:14', 1, 188, 1, '2025-01-30 00:45:14'),
(270, ' nXdNsJyNJIqYYzM', 'ed085d802b3d1e9a29242acd3055fc7addc80c1021b329f1b6ee9bf8a2aadd1488a9f79332a7ea5bc6fb878b0d84346bb3835f6fb05d1d7160884d1928e91d75', '290.00', '2024-12-13', '18:45:51', 1, 189, 1, '2025-01-30 00:45:51'),
(271, ' 5RokR0d2hP0jpJC', 'ef9c82e71acc6c8197d14a0842de5bd30d6e829ece9e28afa3b2cf423c3a5d967114e3bedc28b018e2a81080bba884df1240a7c38fc32bfcf0a659bf5d594efe', '320.00', '2024-12-13', '18:46:16', 1, 190, 1, '2025-01-30 00:46:16'),
(272, ' eaiinflBTv08MuD', 'b71231083742e757e99bcf8047a9742705e7d3c7affdeaaefa098308eaab14a3f58dbe6f391cd87751a41f7fa3bd2d4513009676371db5b0c64f1a63c0ef046f', '100', '2024-12-14', '18:48:11', 0, 131, 1, '2025-01-30 00:48:11'),
(273, ' hUhtnZfs6kKsY80', '3edb2367f34c59b94cad64d75d7ca8b374ec7f40a74e3698e1d75d06b8917439ab3ed71704ec81c297c168ffbc2a6d8edb415d94a381cdc7babc7e9f900cf4cb', '100', '2024-12-14', '18:49:10', 0, 132, 1, '2025-01-30 00:49:10'),
(274, ' yiXNpRnWI96gSzj', 'b9d508c47cba8bfdfdc8ae04fc0f9cc781aee24791533d6ca047696541eb8fa2fbf5e6bb94b48946d60ea2af49b2eeab2e02fb0179f296a0a03ede7e37847721', '120', '2024-12-14', '18:49:46', 0, 133, 1, '2025-01-30 00:49:46'),
(275, ' GAPS4zDYfCfEwei', 'a17bdef3369eee1cf4329ac957c81a26254804d85c5552975781a276bc99cea08a991215aa92bd2e524e3f576381bc9340ffd05269fce6630714b8bffe95c0ae', '350.00', '2024-12-14', '18:50:57', 1, 191, 1, '2025-01-30 00:50:57'),
(276, ' sE4bzK9g83MG7o2', 'f1ffe1b942f177dcc0aba9c1f38b9df0c950c5a60f9ae6df10cbeadf1d69d94c284117bad34406818308ed79fb323cba742f772e7f5c519a0fa172ebbf9163a4', '100', '2024-12-14', '18:52:39', 0, 134, 1, '2025-01-30 00:52:39'),
(277, ' vWoOzyG4MlcOLCk', '26ce6520e2def4d8e3efb50490b4feca3e40c70e031bc312581e223725e1ddd66e96a8f9e6cb44c574359144e15d317769e581f47f4455a130ade5e3c6d055f6', '200.00', '2024-12-15', '18:53:15', 1, 192, 1, '2025-01-30 00:53:15'),
(278, ' nEp29amRui1JhL5', '4b96e3c8654a1a24be51f0f370f393c2abfd963a5c1169eb015be06d8365ad3cb38a2f43e72cd7d0b433280e4c5f4d9ce693d16b7452da04e743e8506cefbb41', '150.00', '2024-12-15', '18:55:46', 1, 193, 1, '2025-01-30 00:55:46'),
(279, ' fRuHzb4QoJ5RJSR', '501a85a88856f4979bfc6bb320d129607ea26dff012c014cf6ee47dd624eb2e1f7dca786becbcba25d27f6c5976263785f9b311e4f8d29f79e7d3c145a98a869', '450.00', '2024-12-16', '18:56:36', 1, 194, 1, '2025-01-30 00:56:36'),
(280, ' GZJHsgEmEpZKXhQ', 'd2b3a168322fa2d8108f0bce784439fb9c35ea51fc3307071ac7fd236a9305ef7ba72336f59f0865fdcfec1b772e70b20be46ebf176e096214dc8ab4437dbf1d', '50', '2024-12-17', '18:58:20', 0, 135, 1, '2025-01-30 00:58:20'),
(281, ' wwKxIZV5a04NiNu', 'a71e4519c11d2eae59470416857345e27600702c31c3fb3325488c8a193267741131d80f9154e8b87f73a274889e24947cd99f05a6f24d21d1039162e2014627', '560.00', '2024-12-19', '18:59:20', 1, 195, 1, '2025-01-30 00:59:20'),
(282, ' pSJxqye7VzKkBot', '7bf16fea3c11d863405e63076145c36a5494d16d9f2977366668775a1130ef5062aca8da43ea0c53f3e6481bd35606177d4d5ca0258bbce28fc0dd64451bfe32', '380', '2024-12-19', '18:59:43', 0, 136, 1, '2025-01-30 00:59:43'),
(283, ' ytjv793bKZLabD0', 'df7ae0c00c145b7bad094cdead316e8fa6ed24cf92b55cd293b6a22e40b97b8655ae7ec06d3729406eef517ce8e072fe5a1538f445941bb5474034577c3ce5c5', '250.00', '2024-12-19', '19:00:15', 1, 197, 1, '2025-01-30 01:00:15'),
(284, ' P5UKF7lX7jsb2Lf', '40311cace7a50fece562e9bb25d88618b966a8df051f4d96493af30bc4d533e6ab07e46639795e36cfe8b869d384d0486c23c07db27a13fca909e1f34fd1fffc', '450.00', '2024-12-19', '19:00:43', 1, 198, 1, '2025-01-30 01:00:43'),
(285, ' DfYCqUfeIqTVMWF', '62a2f383cca6454af9976661ef431b762dd0f966f5ac4df1c9c6be315177a7079dcb0d717d6ffb3322899ebe0f925aeba18a7a1c3df766aa08fa3f9c3f0d94aa', '290.00', '2024-12-19', '19:01:14', 1, 199, 1, '2025-01-30 01:01:14'),
(286, ' C7VvIx6ZJaNu4mF', '8516cc95b1cbf8dfc591745ebecaa9fe40a1640c5dd624305303742314ca5e52f36b9630db5486858a04c1a04613c7a2d936ae9efdf870fab621c895c0097e9a', '200', '2024-12-19', '19:02:48', 0, 137, 1, '2025-01-30 01:02:48'),
(287, ' LO34dko90Am5za2', '900a5ab1c3e73b1eb496e3d3dacfcdcd0d50a9cfc9faa98674b00acfaafbe687fe6a316a8af3c286143f767f7f57f3e66f2a52e31ba6e263d043896a683c4c4b', '200', '2024-12-19', '19:03:27', 0, 138, 1, '2025-01-30 01:03:27'),
(288, ' M4Dm0jodW4EJcRQ', 'a23c83e4a0b8ceca0ba5be4eab7cccb175bc47169edace3b7943a0041ca48b5c4c03bd252624aee436b601a0107a0d382f4a4bc65e03f7ec1f02d29d3361b0fc', '100', '2024-12-19', '19:04:13', 0, 139, 1, '2025-01-30 01:04:13'),
(289, ' RQiLcYQS0V0X7g0', 'a9d8507a62e18767466ec58a9a6c485465a15c8ddcfad3ccff0922679702eff3979354e19477e6f003208e87fd51f76fa15bafa0614878f9cc218f4724a08f68', '50', '2024-12-20', '19:05:19', 0, 140, 1, '2025-01-30 01:05:19'),
(290, ' JtQMobeYBj6g2cJ', '3369a61fe022dbb9a8f39869277caa314613454bee1cb66c597423e128670577f3f4c6b0215b82a3610965f1e09bbd1e298e16015f3a22de0d1053af868e2f0e', '210', '2024-12-20', '19:06:03', 0, 141, 1, '2025-01-30 01:06:03'),
(291, ' xac6yt73Fe4CzBe', 'df443fa37faa731df81339036bd00342e3c6c4dfef08bc415a6c1cc49b774584668213a4f5cfb2ffa2bf80550800bd615d4e3c74705d6bea06e91a87db6f296c', '450.00', '2024-12-20', '19:06:37', 1, 201, 1, '2025-01-30 01:06:37'),
(292, ' CgPuL5YdpHufMuP', '63865f84184531e350f37206653d0712aafa8ddc17469b962358450815e6d64e4114cd554136fd8677689285d12e9846154782d292b3dc276c21c510cc745b1e', '200', '2024-12-20', '19:08:18', 0, 142, 1, '2025-01-30 01:08:18'),
(293, ' kjWNXFuYR2BgvRK', 'e9bfb97d2d2169d44e049521c78d36ac3c6b39740c9ab2833552b9e3af1267ac23c0328488feb0716c09f1e9455c67751929494d79362995749e63911ef1d04e', '350', '2024-12-21', '19:09:31', 0, 143, 1, '2025-01-30 01:09:31'),
(294, ' vTeu3hpz41Vc3WO', '969e9ac00615d2f65f3bead50e669bde923d3c5232279b8d8686c52c9de5b3b9742fc34af1914d41d306f25c0ab8b7a13953a62fb3126bf8e5f54322a7399070', '350', '2024-12-21', '19:09:51', 0, 144, 1, '2025-01-30 01:09:51'),
(295, ' rF2Wxl4TlGNPTSp', 'e2a8cf9666d73b409f6962f20429887dd4a3e3790929e709aadeea9b65def98244b4549b6846d025a5aaaa0de6567101b6766d45a7d1bd3f1e848759ad7483a5', '450.00', '2024-12-21', '19:10:34', 1, 205, 1, '2025-01-30 01:10:34'),
(296, ' YMr23njAPC03lu4', 'f2d9455498927c271bd261edd5efb0f25e1e8dbb9029d834cca7a4e0a0b82f9676cc30b2f62584d9761350ac310f58e7c4ef5a12efd1090e2391b7bf3ee7ff9d', '620.00', '2024-12-21', '19:11:10', 1, 206, 1, '2025-01-30 01:11:10'),
(297, ' NvpjbowVhQ6ZKMy', 'f6e52d8f8c40de293b4fb82649c2b2006a1f933ba6afe5ba317fe3349b070c8a0ad90d99408ef2ca43748ddc84f5865eccaa4e7210d5d3d6483c54a7a40fa9b1', '450.00', '2024-12-22', '19:11:52', 1, 207, 1, '2025-01-30 01:11:52'),
(298, ' fNDsXxaN4t1cnt6', '9e6107cbef99321a96e13db34ceca53e554b2a9f36428d066a1ac2cee25fe4f37c4f6cebce02d883f60b47df9ee5df3167f3f60340bd55701571cfb94291d91f', '200', '2024-12-22', '19:13:31', 0, 145, 1, '2025-01-30 01:13:31'),
(299, ' Db8efB7RE6Pr2Bs', 'b0db4ccf344306ddae85219dc8545ef021a9f8813dfe19b0d5218330fb141909dbc29cd6cc8fb17ebf5a5ac0bf98f9a24de3eca43fde51639d79b828bf17eb73', '350', '2024-12-22', '19:13:59', 0, 146, 1, '2025-01-30 01:13:59'),
(300, ' lot020JqCY7JOWn', 'a7d2411741f8b8912d1661740c7a440706ce7002ab7ddf0629d85fffd7aa4ac672d93b9aaff5bbc8b8d27cec965c5856020c3b7d4c782e780741c4fbe318304f', '390.00', '2024-12-22', '19:14:33', 1, 209, 1, '2025-01-30 01:14:33'),
(301, ' H4zsudF4Ldtanmt', 'b4aa5594ef5f6e339c6c05828a7cc2933d1130c277da2a84201f0611ccea266a6705a35a014f0b4df967c420bd659bcf1608d08294ef9e96477320cb0781304c', '220', '2024-12-22', '19:15:15', 0, 147, 1, '2025-01-30 01:15:15'),
(302, ' e27l4sfRCkLAljP', 'a691a2fdddc53c24e725ce2f6bb8f893eeeb8dc4d586052ec2c109a2d545e3bab76822a07e102a32bb9194fa3f47c8584a169145d22d26523b5bf0f8260a07e5', '100', '2024-12-14', '19:15:59', 0, 148, 1, '2025-01-30 01:15:59'),
(303, ' mDPhmjKfPv6H6XY', 'e7e32e27f7516955a7d87375c8f28cb95729ff81deac22a61b02a9ccf1fb8e18fc5ce5b61c207e65097a33f5911de2e62146d93892f6d32a834fc607f0565ecb', '260', '2024-12-22', '19:16:12', 0, 149, 1, '2025-01-30 01:16:12'),
(304, ' Et4EbxFpfChCeVj', '838f6b84935cfcea991e8c9139b78bd33f6e709ad3047b5f898d20873bb7f502421ad19b60922aba9b15db443a06e193567a08b00bccd17811b2ce5a169dc3ed', '620.00', '2024-12-22', '19:16:40', 1, 212, 1, '2025-01-30 01:16:40'),
(305, ' dRoyIlukvyZPjm7', '8e1164bfb4f36033f17a4a69b4af42bdfc990574313be8b6175be6ff9685a9b2e48318883cc7091e6deb00df2c2e59712c6b148a0b1ff15c0a8de2655f73ed2e', '230.00', '2024-12-23', '19:17:27', 1, 213, 1, '2025-01-30 01:17:27'),
(306, ' 5f5v2ZFjhHMfyhQ', '656896db13718eb7f2628543ac9b0857fa5f63c8761811fbc986f01b9b6903381c5c0965909f53acfe20bbbd019d137051b5bbbb280ebfb0ac90b1303eeeac37', '590.00', '2024-12-23', '19:19:37', 1, 214, 1, '2025-01-30 01:19:37'),
(307, ' q76Oajkq2fd5qPK', 'a198299ba30c3033aa266e600b42e0329ab99da04e7f1d809c5f54dad718d6c485fcc34a27826c987c2dfa225ecbab84a8fc6250adb7fa214c4582c8f32f5c0e', '200', '2024-12-23', '19:21:10', 0, 150, 1, '2025-01-30 01:21:10'),
(308, ' 7bfmucqAdl68yYo', '2320d28e3d5d1ed7d6e62a96b526f901abf6a40a0bd2927a86b747044e9af3dae686f0cf0511b0fc5a5dd15ef78834d4ce4333b74a97d4f128c9fc24bca2a931', '220', '2024-12-23', '19:21:43', 0, 151, 1, '2025-01-30 01:21:43'),
(309, ' fkcyRFBpTttLLSY', 'd94581a8e91a4c50e40d1706bd5048b2425e55459657ed11617c830877456bb64304b9f0d756c03ff6238de5bf73e6fa518d050f69b173066241b078de2a9440', '240.00', '2024-12-23', '19:22:06', 1, 216, 1, '2025-01-30 01:22:06'),
(310, ' eEjWDwyyXIU8fLe', 'a0b17aae798f0f64ed076f3236d0f2ee6396ef645ea2588d6468be65ab27a3807230e988dd09f4ed3aa40ea2e75b3dd62157d4f7d3a10104015b498f64fa6ba3', '560.00', '2024-12-24', '19:23:04', 1, 217, 1, '2025-01-30 01:23:04'),
(311, ' o9Ka3lD98RJjtn9', '1cc27f65da8ca4148d86b09c324373c5a66ad488fa36a74e1d35ee15644740071abc70e947d8c3b1bc5f86d76ca8738250e7731954d8c2935f8eae5a873b7fd9', '490', '2024-12-24', '19:23:48', 0, 152, 1, '2025-01-30 01:23:48'),
(312, ' 5zotopRSFI52O5A', 'eea333881f8fafe255f8c7ba094a41a7e68ef45e770c32b62a4cb14ddb54dea68063f0fb217a65119e0f7801b092387a2b95b117f2900e7a2fcfe2e4d83d577a', '480', '2024-12-24', '19:24:32', 0, 153, 1, '2025-01-30 01:24:32'),
(313, ' bjtMYTIPQUBMSJ2', '10f774277ae431882cf136734b01b8365ea020babaf135e93863b627f1d9278d6e9eeedeb7904d3949b6d1cb0ee6e7271f2ff3639c135fd5fb8772ea9c66b1d1', '570.00', '2024-12-24', '19:24:57', 1, 220, 1, '2025-01-30 01:24:57'),
(314, ' WLffNo1QxSj0XWB', '4f43371c51469fc957c699acb6640ae193da8528f7a8b92bdf8f57dda4dc24121407a4121f08106f3eb74231c15f83187e34fbf947ec1182c7d9ebeaaf189b10', '350.00', '2024-12-24', '19:25:26', 1, 221, 1, '2025-01-30 01:25:26'),
(315, ' hSqd3JwADYBM0dM', '354e308446afbf3ab783a5029d389d332f737b152b971a271b9dba38161e66a732edac5d232820d4709cfa4d45061722e171e2230b60dd4884c89b11c1717579', '250.00', '2024-12-24', '19:25:54', 1, 222, 1, '2025-01-30 01:25:54'),
(316, ' ngliBXPAZktlpon', '064e42acc8fe923b0aa08c4e9a98e19b99d5cccccd86c86c970df814911e5c5b816c9cafd565968b07c9e1cfdc5329f81575e19a235b89f0d6853088c4971a07', '260.00', '2024-12-24', '19:26:33', 1, 223, 1, '2025-01-30 01:26:33'),
(317, ' J1MgnBm6QWxquLX', '7175abb9f0187f2bf1c66b46be6e706d0022b29766f8b1dd0efdc78881e75c52bfba02d2967fd7bb8e11c772ce5cb3cf1ec2e825a794999e31112f418bef78f3', '250.00', '2024-12-24', '19:26:55', 1, 224, 1, '2025-01-30 01:26:55'),
(318, ' PMekcTT7CaXqYbQ', 'ea6122212da33630fe24956a4408742d9231f554a919af019a92e1dd30be6b189836778485c935347e61fe38d247d8ddb98bb3e40b0ff12bd82587c0a62a6fc9', '350.00', '2024-12-24', '19:27:20', 1, 225, 1, '2025-01-30 01:27:20'),
(319, ' cfClsnZcxi1ktZW', '48c0b2ecdcf2a478b35579c5ed5bdec6759ab66825b7d6c83a88f09256ad084de69b6dcf22a296e48d1fc5f21d92d49d6046ffd020bb642780ea7e4f2807982b', '290.00', '2024-12-24', '19:27:40', 1, 226, 1, '2025-01-30 01:27:40'),
(320, ' 9RHHHx52yrjZnPg', '59e4d8b4d822193a9ebb11af76955b85e7eec07240347772cac6c604ce4f80d3f477c7446b2f5901db35f8f598ec83388eb0ced6b6a0d0653b59d89b02d56969', '350.00', '2024-12-24', '19:28:11', 1, 227, 1, '2025-01-30 01:28:11'),
(321, ' JMNX7ubYxW9s5tp', 'bd978471db58a8477e216903cf8c81f611f20a945d212d9280d495a5a6689a40dc4770ed45bcb5d742133da6efc8a8a404a734b0373062e8170cbf4c11901e22', '350.00', '2024-12-24', '19:28:30', 1, 228, 1, '2025-01-30 01:28:30'),
(322, ' VL8YWRGwj0DS7xz', '937c3e030ffff64e0639c2cae21f57ad4cf5e10d3b0be53b475b3ff5823478b0733574e4a03f6ebcd97fa4f6b7cde6fc06481a9071bebd7c999d33d95aab04fe', '180.00', '2024-12-26', '19:29:20', 1, 229, 1, '2025-01-30 01:29:20'),
(323, ' EwmQyk7T6FWUpEt', 'd781085a3bd80aaf3715bfb9848170db1b2dd74efd6cd971f7c576158db801003530c5d20ba56973bacb1d0a272a5eb235ee04618a295dd45e22142c9c077b12', '230.00', '2024-12-26', '19:29:54', 1, 230, 1, '2025-01-30 01:29:54'),
(324, ' GV7UzwrOJEEnAl4', '7044717aaa22092950f637665f0581afe2b8d0ceac866b887a3cba69851d07ba548af9f31af77a797500a90b5ec32648e1f4fca561fc027a43f7b2258ebb3799', '500.00', '2024-12-26', '19:30:20', 1, 231, 1, '2025-01-30 01:30:20'),
(325, ' iLt51nfMbrOw8fN', '796a2903e1ca8bc6d20f4a7f10324a274977600bafdb1d02daf1bcb3b0936661e7d59ac6500ef2e394287f4663aaa8851c307cd8c95bcd33776e3ce888283ffd', '320.00', '2024-12-26', '19:30:50', 1, 232, 1, '2025-01-30 01:30:50'),
(326, ' mvmuXd2S7Ffuxo6', 'c3e19f1fd8da6698abefe0c9f49ff35bc3fa267a9c1341a8949bdde0be89b16ae52ded691b5e3c43cefb3ef08aa6b5283e2bd81e84fe7ef82c60ec6582af8228', '690.00', '2024-12-26', '19:31:26', 1, 233, 1, '2025-01-30 01:31:26'),
(327, ' ee1OGjBhXbh8dvt', 'e66e490285df54d449914bb535ce5a7bba6314a8b2876c6d2464918ef2dd002916a308fcc3a0ca8bc8b615db3af6f978da88aa2d0bf0d79a14d8a166644ab24d', '500.00', '2024-12-26', '19:31:54', 1, 234, 1, '2025-01-30 01:31:54'),
(328, ' Grg4PzIHG62NutF', '82d148b21cab511ea7d24d02f2c302f4e003c461290f474943016539cbe90f73c76aa7c117f09de6b3d60d3f8c5c5a89439d9743c1b7e6f04388add6f41278e9', '450.00', '2024-12-27', '19:32:29', 1, 235, 1, '2025-01-30 01:32:29'),
(329, ' v6tCxhCpOQAdWO4', 'ea76119dabc725980d30c86b1f843cb5e15d67e08b5af9aa08b066b1792fa107050e78e7fd182b7669bdda15693db64ad0a83048119e38e66da44dd2ff66fa1d', '150', '2024-12-27', '19:33:28', 0, 154, 1, '2025-01-30 01:33:28'),
(330, ' BtIB0QqpDBeCUAI', '3237fddf326bd11ac562789df2284f7bec35fbdca8fcf4d9b110a845aa71ea07290fdd7d21e657b30e4546b6be3f664a0ada6a237ee730435b2f0cb6f5e8f79d', '350.00', '2024-12-30', '19:34:28', 1, 236, 1, '2025-01-30 01:34:28'),
(331, ' YEODwmMrzn9X1j7', '452311b2143b1a33cecf7515a8be7bd951191fc56de3636beda5693e19c5c1c3b9c1179eba954822d32748266202b33966e003dd00f5e4c52dc67592b04d12fb', '300', '2024-12-30', '19:34:57', 0, 155, 1, '2025-01-30 01:34:57'),
(332, ' jfGC6OvMNkSILnT', '75f214a870276ec64b729e68da15058e77811252e9d7a9ec42a7741107644c923e195468f38778ca7f9980b89066e040cbe2b81ec1c2686950351a1faad98d37', '230', '2024-12-30', '19:35:28', 0, 156, 1, '2025-01-30 01:35:28'),
(333, ' 3E1ev8dhUK6LAYn', 'e0326af257747ac1b61cf54a81111fdfea85ec07f956afc90e2684ef7a633da7e686cdad6aa2f90629aca6d8874cbf690bde601aa614e056cb3539e5b3ad81ae', '360', '2024-12-30', '19:36:21', 0, 157, 1, '2025-01-30 01:36:21'),
(334, ' It6Aa5GwdtSjIu4', '75638aa2229b99cc8a2a337c4bd931da196a327ec70b3093cba9774c653b901f2a71cb92a20f62122b57b264575dd389a0162d84ff2f0747ddf881436ca60182', '560.00', '2024-12-31', '19:37:48', 1, 240, 1, '2025-01-30 01:37:48'),
(335, ' B0X4A1NiMJwgPvR', '5d412356cb037354e26bd97bbc038c5b4cc1ba4647a8ecdea63288c5a4f95c3659415aaa2ebb9dc5ec90c26bf5c95212f1f04340bc1f2e9e3ae2fab280162d99', '350.00', '2024-12-31', '19:38:46', 1, 241, 1, '2025-01-30 01:38:46'),
(336, ' 9SLTFbzn22JP332', '6d3ebe16a2c0c399e05eaccbb764f1164030c2b72d78cdb68fc416422a6d61fd139bcbd4e6730c2131bf9a99ac35fe09d3babe3c7fed71b73a7af1b9e498d56f', '350.00', '2024-12-31', '19:39:24', 1, 242, 1, '2025-01-30 01:39:24'),
(337, ' sMgScW0FAZnbz0O', 'a7b4058139753e05cf8c09d5b539a64e93ddf6758ff1dcc201a3ed414980471ca728d0bac1ef2df3ec7ce51253d0181b0b0ae2f90ed0ee575bdaa688dc85f812', '430.00', '2024-12-31', '19:40:01', 1, 243, 1, '2025-01-30 01:40:01'),
(338, ' PVgswtjWjhStXGo', 'b3b6c588eb8a3888d4b7bb2fbf3ca8bd3d2c770e0508d84466c5f3717a8e28b90fa40b4c046d557cc859375d5785d1980197f4d3f766ab50f83b37d43180bd0e', '350.00', '2024-12-31', '19:40:34', 1, 244, 0, '2025-01-30 02:05:33'),
(339, ' 78QB99hoMufJlu9', '5318cff5390bdb46d2d594581b0a28b3d0b96f28d7a8ab9a6115c0f0e69c8b1e35888adbfc9375cdba135af099196a42b33845bc0b7c30195a4c173c3c0e95f4', '350.00', '2024-12-31', '19:41:13', 1, 245, 0, '2025-02-03 04:06:33'),
(340, ' dOzl4L7cGWzRh5T', '33cb932eefd959ba1df1e2c66f1159f8792f36bb0727f55286aa6a0bb94c0c1aa11d7d8056c62ce4a72df35e517bc8d2e351cc436712139a5d68af654f321024', '390.00', '2024-12-31', '19:41:51', 1, 246, 1, '2025-01-30 01:41:51'),
(341, ' ywDpAt1aQG4HHmN', 'f47d7d213012d670d489383fc44354ebecf45122c0289d20f94319a165800d6f026273b4318c206022f8bfeaebef8f6790614076eac1d7189617b040ef5653cf', '500.00', '2024-12-31', '19:42:18', 1, 247, 1, '2025-01-30 01:42:18'),
(342, ' tExhsjfVpswkNeY', 'c6f94ce2a7398594f1f71c8cd3788cfdb5b098acfead331d14dfc4e2817538bbeaa183f184ab439422a0ae7ce159650b6df0460cde01f6aa4fbc40f6325152d4', '300', '2025-01-02', '19:44:19', 0, 158, 1, '2025-01-30 01:44:19'),
(343, ' 6pkbu5Dw1Cojzzw', 'c809c56673a10328c94d434b7aae3cadcd19b88ad384fdc2683b90d892e24c85df4542bb6fa5146db5865904eefe98c6b1586e43a056a9d3a92fb2d206ae1c0f', '150', '2025-01-03', '19:45:50', 0, 159, 1, '2025-01-30 01:45:50'),
(344, ' OgN0IlC8aTt6IiG', '64e7651473374d2f6c6cb548893c22ce020b61dbaf054766e7d8c3507b12dea9435384ab1ae052db9531d0f0f87451c70fac205366ce72c47a9743893752f36c', '150', '2025-01-03', '19:46:22', 0, 160, 1, '2025-01-30 01:46:22'),
(345, ' i5ZLg6RXYC3vy6Y', '7ea989525d1a3c07aa29c047fe3d357dfc05e7d9dc35798040c9779cfaef1a3cd3b1dfb90918d1b9fcf205bfedea950fecf37c53e4b075297b160a1eb914b8c3', '400', '2025-01-03', '19:46:50', 0, 161, 1, '2025-01-30 01:46:50'),
(346, ' H1CrQqh7jb0HzgK', 'c555fba8539d642e2e285c120fb7e1f79a8476f332d77f59ee92a407f58cc21f1e6b44f573d8cf6698bcd62674faec02fb6b29d805cf49dcd85d4c02f36577ac', '680.00', '2025-01-07', '19:47:32', 1, 251, 1, '2025-01-30 01:47:32'),
(347, ' JsLcQjbXeAhuBzq', '6d46bab7616f37e9a0c915cbed81173712ca847da88d53581eada0f01130e7468f671511646a2b70592972174b22650964264083181c7aa2c4b3d677e6900836', '100', '2025-01-07', '19:48:18', 0, 162, 1, '2025-01-30 01:48:18'),
(348, ' 1F6lFTpRUffa392', '354e8c86de8a1286d5ebce19d0e991a1eb570b6ce6ea83f0a48c352924d9e0417abf004d6985579226f9ed3a033e453c4f0335531a06587b0f5a6e73759c8c2d', '200', '2025-01-07', '19:48:39', 0, 163, 1, '2025-01-30 01:48:39'),
(349, ' SqbdHARiCFtMkL6', '7a3a619559ed6cf50e41b901d0f9187607747761d18efd12930912e3fe1dde12c00788c6a1edf396b78033a9c73a7c98a05b620362a3ddea415e726a182133d5', '190', '2025-01-07', '19:49:08', 0, 164, 1, '2025-01-30 01:49:08'),
(350, ' ZLQa2iJIlPCMPVL', 'f8d318db0aaba82f3cc75125ffc9ce7ffcc235111ed643220f410eeaff8570e773e83566f66c752af896d39fee3e757d4f0ff9fa65663479f85fbe8e6df7c1d4', '100', '2025-01-08', '19:50:39', 0, 165, 1, '2025-01-30 01:50:39'),
(351, ' DzTHYwwnWFK9xOR', 'ba72f1d8f4c43bd56214ba78b0784d2ddb94fd812b2651e364ece407641ef5abbd1b182393f2bc6ee6d857600ed7b2b3f2c335ff9e1639c15c13a81d04da747d', '680.00', '2025-01-08', '19:51:54', 1, 253, 1, '2025-01-30 01:51:54'),
(352, ' 8slOJov6LTuncoD', '2b5f71900f85cde2fad3c1200a4e265094bae5f68d8aa3abb84b3af589b719d9691c991c6f3737463d4e46ec04257bb4e63d99e4848d8e55c089735ccf02789a', '100', '2025-01-08', '19:53:14', 0, 166, 1, '2025-01-30 01:53:14'),
(353, ' i1JKM4GxEp0WVP7', 'e02ba488f549dd56f91dfc1a45df5eb75a40952a65584b59ad2ad0f172a64b625fbc270a7f9917fdb53f76c86b19662e1b5261a4798916379d19119f409ee974', '350', '2025-01-08', '19:53:34', 0, 167, 1, '2025-01-30 01:53:34'),
(354, ' yUlipOA3nZyWL8F', '4d4bfd708ca63ba3bc879df0494269c87e883c554616411ba54775c07d3bd3fa62804cad20fec56022ebd471d549d7062976aa797f178f8022597de9303ac570', '470', '2025-01-09', '19:53:51', 0, 168, 1, '2025-01-30 01:53:51'),
(355, ' B1bxysUXhGLNoRw', '1214f2bda86aaf87ef594b83b218f9e111587d56acad9a4ffa4ce121f6dd306e971038c51ae4d54ebef2af0f5079e0541bc20ddd619c7323d68a4689d2bc79a0', '220.00', '2025-01-11', '19:54:18', 1, 256, 1, '2025-01-30 01:54:18'),
(356, ' nhbtyMS6QO334Bh', '39c6ed334b551db1771872cd0919a8f565dc5ff4c78212fe2f8f5abac16340fec1f98f26630994162070f87076581fb97a2ef57f8f4ae667e7d0e246790b9574', '350.00', '2025-01-11', '19:55:20', 1, 257, 1, '2025-01-30 01:55:20'),
(357, ' 493yTDwgfLfLMxT', 'e5bf92e8d789b089278f46e444e4c54ac3c1751e3496ad53639c7762435acb3ba177bcb3e813f602a49876dfbe1c1c11840d59225d680cca4187baaa57015670', '350', '2025-01-11', '19:55:59', 0, 169, 1, '2025-01-30 01:55:59'),
(358, ' SbnIDhRMtiXOX82', 'eb5b019aade8bf86bf28483f80591e47d868784be692be26e13105a37a3009398db110b1359c7ea301520e5e39d597a62655f4c778c3796f0d90db7296e7d785', '200', '2025-01-14', '19:58:08', 0, 170, 1, '2025-01-30 01:58:08'),
(359, ' MzE7f2WT2XEpdsP', '30b3b942a295feb60e2781d28db510e9c95e99ccf222cca526a99757ff7d4fdc9c6a5c77ada1d8a22343424d8b4975815c6960231bf865286470309f5c2950ef', '320.00', '2025-01-14', '20:02:06', 1, 260, 1, '2025-01-30 02:02:06'),
(360, ' VpqUXMlLOTKFI3s', '45782a1dd5c9f2388742db38d0672f94c65bd59a2da153bd0cc7805f5cd6d987c1ae0536e7222b01c8cf0e8111edb9d5d1ef3ab80823ce15c7b4aa71dbe80179', '350.00', '2025-01-16', '20:03:18', 1, 261, 1, '2025-01-30 02:03:18'),
(361, ' uGY4IqiIaoTJYbr', 'b69265a4c45472e674b78fb2c3ba26c82a19d5875430daa61b522905d4c3f8dae67731e0a324f32a0cd2ad56625948676f7d60179c1b28adc1b3e40fde7460e8', '300.00', '2025-01-16', '20:03:57', 1, 262, 1, '2025-01-30 02:03:57'),
(362, ' m0IcknVteFjRk3f', 'b849e991c6db6a527139104433c7288601ec465b368c6c45906c838f7c8e61d353730dff7a6172f31e8ad46a05febbe0ef53b7d17d0cca7564440de88c6bf2cd', '290', '2025-01-16', '20:04:42', 0, 171, 1, '2025-01-30 02:04:42'),
(363, ' e3XR8gT1RVuBwib', '9549e38c5d88582a4457a935829a789389bae3f3a3ea9bfe08fb0c85011d28f2942f78c33365afa0fa8602636a9888205ca2d7324459c57ae2c9d6929bd5a620', '200', '2025-01-17', '20:05:09', 0, 172, 1, '2025-01-30 02:05:09'),
(364, ' VU9wYkctyW4Rirc', '6c0272694e0569de4b462db5a8df0cead91db38accaeae3e98cfaf61892b86186225057a59cd51ff13114d4ea38d4ef3a97eef15a7834ab8ffcff67be05988d1', '450.00', '2025-01-20', '20:06:27', 1, 264, 1, '2025-01-30 02:06:27'),
(365, ' boUIG9kYKKMGvT2', '734365911c45569c0ebb6c47e1320f7e630cf52a930d3e852bc7feec104b33ff81c306ef448d887a34692727c66e8feb2705df0a5604275db60df382b3b29984', '450.00', '2025-01-21', '20:08:45', 1, 265, 1, '2025-01-30 02:08:45'),
(366, ' uK9je07LWiu3CJ6', '84c0e778c5b3fb38477238f03a12e9f65b412d68015f9e68f90af5fc62f38cfea06bf32ff540b1bbdf49b196b09402a7730d0e807ec22760e7b07bc74d2bcf50', '250.00', '2025-01-21', '20:09:15', 1, 266, 1, '2025-01-30 02:09:15'),
(367, ' WJ9mr4X7W15TBGr', '16b65d08c653e341d2ee1817a53902a7746299506250081ebeb297de678c4d0ce941057de21c985a865e494353c052f002d71ff5afb2cffd764e282f44d658de', '250.00', '2025-01-21', '20:09:35', 1, 267, 1, '2025-01-30 02:09:35'),
(368, ' cCpn5bWPR1IC3j6', '27b44dd173dad449076e4675a6097227b8bfeca574c01faff3c4e125299d7fc135ecfd75ef6930a1d50bc6a74aeac0224d38e95d362b4996287b4cdfb01d8754', '450.00', '2025-01-23', '20:10:20', 1, 268, 1, '2025-01-30 02:10:20'),
(369, ' ElrIoXXnSD8NIg8', '078acfe7c2aa796b299a610b06ca271b2855293ae199ef7052fd434e04f32f6fc7585093cd604f8b4aae575d1910191f7c533f61342e07bc2af8e9678a3164a2', '460', '2025-01-23', '20:10:43', 0, 173, 1, '2025-01-30 02:10:43'),
(370, ' oNxdjDsAFmmxFzd', '33982d88fec71fc652c72b9198e1b00b866c1acc0f0fbfed3df81d27989c772ef97158dddaa12ee1e13868778e5af6935ea871fc4db2d9abcbd7737429ab61cb', '100', '2025-01-23', '20:12:41', 0, 174, 1, '2025-01-30 02:12:41'),
(371, ' IWe9b03TqR6kTb3', '66ebf86ce1dcdf56b469d4b3389f59b800d8423a6d6d2da12f107a207f4e480178a2e0710cad65a51b0c4c86b1ac99af40c50d191f4e2af74c3ce192d1bd21d5', '390.00', '2025-01-26', '21:39:01', 1, 270, 1, '2025-01-30 03:39:01'),
(372, ' XE0VpjRpLiM3O7h', '463f3fee3bfe31d2d09aa4275e2f1d5326385b005e22bc64f728e906e19a39ab9b57602afbbbd6837ef2f278c73fa532f7658fce7c4c6a51699b25f3a8c431a2', '100', '2025-01-26', '21:58:20', 0, 175, 1, '2025-01-30 03:58:20'),
(373, ' uyYvq38e4NXVeod', 'c79abdf770bd13ac4c6ade1cc3dc8d20bb6e92b573d3381c7d7e6bae67f9678dab10b1b94d764f06cf5312adb9615c6cc3946cd60dd9d2b90cf6cfafad555de4', '100', '2025-01-26', '21:59:58', 0, 176, 1, '2025-01-30 03:59:58'),
(374, ' 1siAAisynjUMhrC', 'dc2f4484ff201ad43aa0a65107d86970c338946324e16ed745b73e36080a3d647a9d05ed5a9639534e1c25ad2c7f6f0b903a1d84b9a3a1caf0964ddf2c9cd60e', '300.00', '2025-01-26', '22:01:37', 1, 271, 0, '2025-02-24 12:27:41'),
(375, ' vKMEEAcxmj3lR8r', '9222807296da5796f0d2ebba149a71233d05c8ebf02322b5ed1f9538dd7e15351039cd0dfc55974dfd2b0d41b5a2b4f6f5400a62a707b7f8000c0da0d6c5e8de', '150', '2025-01-26', '22:03:19', 0, 177, 1, '2025-01-30 04:03:19'),
(376, ' N4wL71fCmHgGGNw', 'c313fe8f35d2d8146caa33ff8d2abbb8d63c29c305356b64429cb4ccdc617186c95c3e9c522e276018bacbc39cf427c996393dd77a7ce5862d987f4b4c319e09', '270.00', '2025-01-26', '22:13:55', 1, 272, 1, '2025-01-30 04:15:23'),
(377, ' 8ht1uQqXxx8iG9C', 'fc378f4aa19e46458cc29deae7b3a076971058f9cca3b6b81e966acc008dc990b8ea28fb631dc47dfe4c6547545082dc80ba60b208812e28b6f9c9eb79bc2c86', '50', '2024-10-10', '22:18:11', 0, 178, 1, '2025-01-30 04:18:11'),
(378, ' MJ8zbEYPEgQymWO', '5e502ef0385bbc85fbbb9843865f2d76f9d79e04c0281c131c68d6d56793dfc3a4b9c2550ba8fb0252e423805fbe0a9115f7715daca6e6fa7e170fabf2e75e41', '50', '2024-10-30', '22:18:51', 0, 179, 1, '2025-01-30 04:18:51'),
(379, ' cLDrFfGfb55jcjN', 'cd5738a83c4eaed0bc352d2144d7206aea746c5bc1d366347291bdb07f4690f81bcdcd443a6ef6e6f067021f56b8020304dcbb50be32638299a4da4a23754a8c', '310.00', '2024-10-20', '22:20:25', 1, 275, 1, '2025-01-30 04:20:25'),
(380, ' 8lMPzh7T4B5aL1R', '39dfaf1c6c367ded718e8f06f47b712c0eef04fc9671e12a8b7c86ce687884576a9105005f8f680f783d09f71b10494a9200552a93f147c12fc8d60e8c00e427', '300.00', '2024-11-07', '21:13:11', 1, 276, 1, '2025-02-03 03:13:11'),
(381, ' ED4GKZUAQf22Eiv', '7da6db9a12cea740031ef5bd4f5494e0dbb7a45fc3a7ab77f71c03b7d5b5fdec20597aa661f808c6f46a61e9fc1ab02a3710987f9e7b11ac62c5a519bdf2635e', '220.00', '2024-11-22', '21:15:21', 1, 277, 0, '2025-02-24 11:45:28'),
(382, ' aoI1QVLmavVSpI1', '33ef7f69473d8c3e2660007bcf7b1afd33f9ed3393f0d4c880b26036d50882f483cc440864471f8f8fdb8efa2b280d476e8bbce02ba81ce6b27dc9ac86354431', '450.00', '2024-11-19', '21:19:47', 1, 278, 1, '2025-02-03 03:19:47'),
(383, ' vYFaQBcbytEQ7cp', '6f12d6564c9b1fee03204908dafa6fb4d9d76cce0c07603c31a3afe808e43dbdb7a10bda32a0525f49024720996e0b13e7813b67c52114d52005a48651e8f1ac', '450.00', '2024-11-12', '21:20:10', 1, 279, 1, '2025-02-03 03:20:10'),
(384, ' UDCzEnAetwONC9R', '4b91b110a9193f8c2411df62f586aee6b3206bf8e4b43c4b49f271f6b684f24123e2ec976b790e6c67beff23f4f84f5e409b9707cd388ee681a465ff4d04b311', '400.00', '2024-12-10', '21:25:36', 1, 280, 1, '2025-02-03 03:25:36'),
(385, ' K4J5tl0yZnVmwfl', 'a70c7fef6bfafe034a41c93bcc8e61919ae3d9e05eba98ec77d47409f8585438e37234e6552603a587259ccd131f43c34c80496530d27d8f5f1bf358e03b7037', '450.00', '2024-12-08', '21:26:59', 1, 281, 1, '2025-02-03 03:26:59'),
(386, ' 6NvIe0uAPf5vnVS', '809067476c09f081f4aefbbfdcfe8f79f91e6189e10822204f29cd62097dc51d52b619ac03da7fe4151864b39a5836effa9586ee9a860828ddea781f6f978921', '450.00', '2024-12-15', '21:27:25', 1, 282, 1, '2025-02-03 03:27:25'),
(387, ' J2tRVdqupuQpwQC', 'd3017bdfbbad8c1c82f63ec828574298358cfdba058d848bd98a01a66b33d04c4670d04afebcd897f74aa4892d19b785d44491dd11fd08c27267605b5c4d5c08', '450.00', '2025-01-07', '21:30:17', 1, 283, 1, '2025-02-03 03:30:17'),
(388, ' i2hRvUOZnvV9QQX', 'c0f02e1bba42e8d54971a340a1ff043baeb7ae1b49b2904fde8a8d4eb2fe82d56d1fc79a3e92f451c4b3d1d698907fa06cefb97dd18b7337bfa20684db5708b7', '500.00', '2024-12-08', '21:31:10', 1, 284, 1, '2025-02-03 03:31:10'),
(389, ' T4z8aKYDMdRnSm8', '99c2d6f7a22ea59b9be078293571612a1aa53a6a651930a30ece66ce87acdab35daff445b905cec3155be5a244bfd5de71ac9ae99650a137676244e4be5ae5c3', '280.00', '2024-12-23', '21:32:24', 1, 285, 1, '2025-02-03 03:32:24'),
(390, ' qfALSoktiElDIdb', '7a91c64c21a312273eeaf909b1b68f24b44879db0cff5663fca2785c858b74754f45c40e7b4042f3e3e2441e5ef759bff960c07253a3ea1306dd7d6e617c415d', '250.00', '2024-11-04', '21:33:36', 1, 286, 1, '2025-02-03 03:33:36'),
(391, ' bSXF6c67mm4vleL', 'eb945a8b95bb40354c1bae933c750334c58e50763a6f7585bdcd253b21b1f6b54c504e22ee8a2ca25ba37af6cd8cf9453857ef7f66a3bb7615f084ed8942a339', '280.00', '2024-12-01', '21:34:25', 1, 287, 1, '2025-02-03 03:34:25'),
(392, ' sbzb70eXOSgjk7W', 'd506899fb785fb2df651202b4f51d5d721e6352d2b5047176d957bcdb03d0935f3beb4988345e0dc9a4dc2726e86420297719f5b092e0ff99989da8b678055af', '320.00', '2024-11-03', '21:35:41', 1, 288, 1, '2025-02-03 03:35:41'),
(393, ' XwOVJN21rfcAHNv', 'ecdf9fca9aa7af55e777d177146be518bf0bdd0ddbe18ba4b5198a18eb0593c87c7482c9608fe35ed9e9658dc0e9f5829b348e9d3f91b3e3276035b62b6859e8', '320.00', '2024-11-06', '21:54:54', 1, 289, 1, '2025-02-03 03:54:54'),
(394, ' 9Tf0W17cVwOy9QP', '28b01f38a0909a399e6fb383822580bb3aa158d47c048cb6fb4b9d2dd3e5453b008f8761cb196c47dfe8aa47598802407ea66031dd7ccf8bd43d1e6756c0331f', '550.00', '2024-12-19', '21:56:08', 1, 290, 1, '2025-02-03 03:56:08'),
(395, ' IGdZchYDbqJOBOG', '798731f92daf04d2e1e7631f1801072379b53abc9aa441a0e3d8e5a10708c30de5ce9b9d1092821e8323f78a82e0359152110712fdc3927d8fee3122979fc22c', '250.00', '2024-11-15', '21:57:05', 1, 291, 1, '2025-02-03 03:57:05'),
(396, ' h8GJln2UugR3E0Q', 'dfa11777f964d5d7453b994df0fd594f6ca306122e07a6606fcf9aee855b105dfa53b5021c144fc9b5bf0bc994e79597096d111b72de3c61dfd183dfb9564a41', '260.00', '2024-12-20', '22:00:17', 1, 292, 0, '2025-02-03 05:43:46'),
(397, ' LhXtav78spOdJc2', '3d1424f47ddd899bdc77d2f8f10515915b3d2d625e7fd2b29a5ad1ff8b09ecf4b233f94109ea5e265d39654febbb38d55393f55a454de6ba8ce49d629e22b5b9', '260.00', '2025-01-29', '22:00:36', 1, 293, 1, '2025-02-03 04:00:36'),
(398, ' 03KO7PXNGHJKTim', 'bcb7f443c26615d3001e73ffb7498f016ceac9110ab53587cc6b72df449f32cd662853ef0f524f044f9aab327f142b1f3aae405e4c2dfea648abb9c58e7df06d', '100', '2025-02-01', '22:01:49', 0, 180, 1, '2025-02-03 04:01:49'),
(399, ' yFa7B8G2k6YVnXe', '23296bb5568042793345e6f1907b2271c59d3c7f3d6eea8aaead9b71d3c079f783e4d100a6c58e2dbb5e089c581449c5f25c43199b4d9f038c71e574c17b5bb3', '500.00', '2024-12-24', '22:11:39', 1, 294, 0, '2025-02-03 04:12:37'),
(400, ' H6XCfIEgpf0E64k', 'e6e770db8c5ce3a45b174f61353e46a850e51e0970d9d8616e6bed26072dabce675e6701320a47e18b514c1db2b2c5fb5c7cd2a404ac609e0b53e200885a2c79', '500.00', '2024-11-17', '22:21:07', 1, 295, 1, '2025-02-03 04:21:07'),
(401, ' QogQ9M2QSmacZIX', 'cba9263eb0e735e0438c5f67957c7f8a4abad202ddafd9bdbd5e347dcd5dc966eb5e9117f89c665058d4a1e62c12dce95a0a08700a3908420922c764c37d8f6b', '500.00', '2024-11-08', '22:21:50', 1, 296, 1, '2025-02-03 04:21:50'),
(402, ' 3VTSog5wTG3DWel', 'ab585019da7034e64ed0207079046306ce04e87828a2165681fb94b7704213b8dcc84d6ba27e454e98489538a0ea2f2c01b9149f72867f8ad8de773197b8bcfa', '490.00', '2025-01-27', '22:35:36', 1, 297, 1, '2025-02-03 04:35:36'),
(403, ' sVaKtQpcmtIFJxI', '0589496d575082f93fcf968c824ba08970d38d1574b109aaaa96f5f3126fb758b16b5034734387e2ac3f2a89c1a63fef3addc7935a84fa7b690c90c0e464aba4', '100', '2025-01-27', '22:43:05', 0, 181, 1, '2025-02-03 04:43:05'),
(404, ' w7YyZ7xjbsuIffw', 'd2e93bcdf916c3cb7d5bc10de32f279f4094708d1a57f50c42f827acbd7fe352d3959c6bf265bc8b543f640a2a9fa3dcc5c7cf23d54ec39350aaf9d572c91a24', '500.00', '2025-01-27', '22:45:10', 1, 298, 1, '2025-02-03 04:45:10'),
(405, ' Yw76KbAga8y0gzO', '384b71345aab5aa2d6d574060b0db6dea0d9084e958b742d0e44bdf16550b46a673c58b4c3fbe7091203caadb78838579bdc7c8c4cf802391da1ba6a90d31780', '350.00', '2025-01-28', '22:51:40', 1, 299, 1, '2025-02-03 04:51:40'),
(406, ' A2FKir1Ezolb0hM', 'd401f06d7d553a02ba49e9f00333fec84a3b3df1f60fa46936c8aca15eaf5686bef779f27acec764fe08d31ddb721c8269803e6f0e077c9653185c7915e6b448', '200', '2025-01-30', '22:58:17', 0, 182, 1, '2025-02-03 04:58:17'),
(407, ' T1D7sQ0aB03bQ5N', 'd5568de135179a6819d6af3b5242041db31ba04837c860d8bbf1c8176e788325ae4e876d9bef9b303574c57b55b048245c4b8e3fb09132896175ecc30435b738', '450.00', '2025-02-01', '04:13:14', 1, 300, 1, '2025-02-13 10:13:14'),
(408, ' L31i3jQ48BwlqEZ', 'ba50ae50329609899084f1bb48e526b9fb35d5ef35a28267b721670aacd08007f01635c03368bce95ca19c061dba51f011c2505f56c7d3ce890ecbc67cf4b113', '350.00', '2025-02-01', '04:13:51', 1, 301, 1, '2025-02-13 10:13:51'),
(409, ' hJkojZRZoGxJRIT', 'ae0ff15ab3be0574f978f77e7d0888bb75922fb0496806489619bfa4309452b925e79bcb0a9333f6e7d0f490678de88b894e62833b0d84a588a1c8498072f16a', '450.00', '2025-02-01', '04:14:32', 1, 302, 1, '2025-02-13 10:14:32'),
(410, ' zqb2MfMqfah2uA4', 'ee4086d981ce6a13fc1e54a1d9dae590a7db6dea3dcd0e982c7a9a009494d7659d2a93b4bc704381919dd62382aee7629c96ffca5b5b2cd12daad93447016a09', '500.00', '2025-02-01', '04:15:06', 1, 303, 1, '2025-02-13 10:15:06'),
(411, ' YUSuAFkTvu4roj1', '6abba06aa18962bac9ea17176da1f003b78b05914f0e9c231aa86f4576496e183a1f6af77a61675af5542aba2f5521afa583a8598f38316f9c55973e11ef1eb4', '100', '2025-02-01', '04:16:34', 0, 183, 1, '2025-02-13 10:16:34'),
(412, ' bPrzaEOqBRdMT2T', '6818a7ba00cecc8d217bb30ac5b471814196e989ef11f30e2da0b35d12f46acc5e6efd70b4db64a59f01ad8eadba709233299e77984890ae65249b1147a577cf', '100', '2025-02-01', '04:17:19', 0, 184, 1, '2025-02-13 10:17:19'),
(413, ' Y88CtbTi9tEzBDt', '21507677d0e5171d15e2cc5977a09f0adfcbd477b096482f3238626a686826d9d4faba73b11c0787161d4fcddb68f81300a7010c0fd884a9150e222c49cbb3df', '480.00', '2025-02-02', '04:18:38', 1, 304, 1, '2025-02-13 10:18:38'),
(414, ' QEgNHcRGnXuFr8v', '622db0e51c08a91dccec0d76aa42da2956b53e56697c24d54a58954eb0438d734892413eb20b369ffd523b0f72947eee748a50ca4ea2cda2136daf8331985079', '480.00', '2025-02-02', '04:19:12', 1, 305, 1, '2025-02-13 10:19:12'),
(415, ' 6lqF2Z0Y1bHefIS', '3bb2fbd5ff762d02282d834cd8437e0df7ad8812b105f36d2bdd08beca4dd1936f5b7421d8fb69c4fd64602f4f863264078d8927f531eb8a9d04bc79428e2cd2', '200', '2025-02-02', '04:19:46', 0, 185, 1, '2025-02-13 10:19:46'),
(416, ' kUDEG6wBGqVT2nh', '4002349d507ce7a5d0d40626a3aa4bb981ad6cb3b2ddbd34d9f21d1e37a1373c8d8320a8a0ccadb9a72d907299926593d9c097e2bc58ffb124b2bee172bd8a4f', '320.00', '2025-02-04', '04:21:37', 1, 306, 1, '2025-02-13 10:21:37'),
(417, ' MVRJSajQudT3CSp', 'cd93bffaf709d7c4512309bcb613991b134cc2aec210610a71428b78fddf9e549fea9151a3a2b8bd429ccb351c7102f5dc111c1274630503ab0257da26faa6f9', '250', '2025-02-04', '04:22:08', 0, 186, 1, '2025-02-13 10:22:08'),
(418, ' eg02hgsLokzj5ER', '4ac87492d6e6bac867a7aa6ed7e0beb8ce5f9ea18de5b3f16c716d96bdd407d79c6e9650fb3fcbef718b4b8c011e8a65fe747f0d346725589bc1751e03b8a934', '250', '2025-02-05', '04:22:50', 0, 187, 1, '2025-02-13 10:22:50'),
(419, ' FLC2Fgt3dg2H0nw', 'a53b774c9c76540878fce0ccc1179f143ac8d995c300b935227f35e81a19043129a9dfab9fe9bf6f4b46d70d7249a4d1f0aff39a67255126e5d2b50eeaee4baf', '200', '2025-02-06', '04:24:01', 0, 188, 1, '2025-02-13 10:24:01'),
(420, ' FEL9E2VM86wuw8E', 'a9d758a77227b10fc073bcc47161435307539f74281534c0cb20b0cd9da5e029d2e1bf5638fb4253859bfdf4a1da6d244ad0e5f37d0f440df7e39ad5b11be538', '270.00', '2025-02-07', '04:25:58', 1, 309, 1, '2025-02-13 10:25:58'),
(421, ' 4wDBghcjCX8EMjh', '5610e81baa84bed38a1eee68beefa3eb0360d8456049cdfb44246103e559a238b9fedd12bfd174b5e41ed432b1fc54fbd882587611eafd3e23dc87e4ecb9a3b3', '490.00', '2025-02-07', '04:30:23', 1, 310, 1, '2025-02-13 10:30:23'),
(422, ' D8uxYP4Snf931gf', '6846cd65e9821f8081855677319073ff92db091cfd9578028b9a6b6e04f63cc20b7be19750b15ea9936b4fc7239c29b9d913116cd75cb1b48ee4c3789297742f', '150', '2025-02-08', '04:31:01', 0, 189, 1, '2025-02-13 10:31:01'),
(423, ' C3spgOaZ7sZa3gD', 'b08e307099479251a81619437cb2c9b5dd6a5c62f49221a5eb1fb2e9197d7235609514be94b97d2b5ec57d4d1dccbbb2c13dc1b90e81996de2f08c8af4a0948b', '200', '2025-02-08', '04:32:21', 0, 190, 1, '2025-02-13 10:32:21'),
(424, ' cF6Y8Mg0gm9am8j', '0387a5261023b3de7f5cc0605072f6685028e2a1a6a644d0ce903b0485830f3312b170ca5ee72b31f2c4545c471da1b747e5ba9d53d38fdc820e2c50b7365991', '480.00', '2025-02-09', '04:33:08', 1, 312, 1, '2025-02-13 10:33:08'),
(425, ' h2TyoSHXDM7J5SQ', '05d28c0f1f56243a5aa98fc53c85e5b42c77e400b9b9d628ca8f1aa437a2acfbf5b2c993569c965641e6b3a914a7526899083fb712f44d8e35ca3e4e0619a7ce', '290.00', '2025-02-09', '04:33:30', 1, 313, 1, '2025-02-13 10:33:30'),
(426, ' SZL2LyaYL7wC7EI', '88595f82b9bdf1e20380dadd01e3485ec87904270d2071111a7c9872429d5c042b5a00601206c7540c5ed1869a8b1d111ca62d195160e8897c80fa12c37e9017', '450.00', '2025-02-09', '04:33:58', 1, 314, 1, '2025-02-13 10:33:58'),
(427, ' YqQ4Iwbsg3Lnh1n', '7462d5ce98011f1069ea549ea8775e9b883062a20babe52ce6f43b7d46c0fa516059b9ee4397828162409252977c5588931cd5314f0e9f409bd9efa9c48b25f5', '200', '2025-02-09', '04:34:27', 0, 191, 1, '2025-02-13 10:34:27'),
(428, ' KyacLkQqY9U6Uq5', '54d0080cdd0333e8472fc695af8072a2a808c15cc3c69fed0058ce1a4aefdf6083b414155410d39ae360c1c3310c8899b5ed32528860a2fd2a9c4e17d948f89e', '250', '2024-11-30', '04:36:46', 0, 192, 1, '2025-02-13 10:36:46'),
(429, ' nmrgHzNEP2XiFuG', '8de939d1e8d102448dd066b244443c01298ebcfbc2b8af1289d923fc029a83b35e106222072c1fe0d4234e56b62ebb2212f0e861d863f293a4d13465dd4d4372', '250.00', '2024-11-14', '04:39:13', 1, 316, 1, '2025-02-13 10:39:13'),
(430, ' RJ0WNty7HaP9fIc', '0f2ab73bf5039dbb94c6a9774856e0665f74c5caab6c72bd5de44319932391bbd4f8530fa111dccf5dd981927339c708ae6d063d607987c81cfcabd8ff67a083', '90', '2024-11-07', '04:42:42', 0, 193, 1, '2025-02-13 10:42:42'),
(431, ' pIlmkaRSH57i0qI', '4b22a1abfa933a10edf8d452a70c9b744501631a14bdccda3f7df013a7cf7b372909d0d53ac836988938e7363a98140dd1bd2f94cf576c2bad206749869c08d6', '100', '2025-02-09', '04:42:09', 0, 194, 1, '2025-02-19 10:42:09'),
(432, ' sV2bGzLSDCbwTHo', '1a6c42077dcc555196ed6a5c93349fa8909389a38e7a0a005881e651d5a64dbe6393bdb4f56eab2adca28da07f540ddfe5334abebfba731e5cf5b0435649cb0a', '450.00', '2025-02-09', '04:43:01', 1, 318, 1, '2025-02-19 10:43:01'),
(433, ' nvmd3P0teveoyNP', 'a931c4d71825e425ad0247b78bfe32066f2b107cb641a0a2d60bc4c90a3e35f3342e2d511379f8b5d9f31ae04b8c58de8ea6423fc05372f8107671df1b79d62b', '400.00', '2025-02-09', '04:43:32', 1, 319, 1, '2025-02-19 10:43:32'),
(434, ' VwVVPWoa8kkZqvC', '6dce7abeaa2f2f83ec669c4eef44d0bd008916f031057846967f79cbcc086ad1e8cfee1d943da4fc35fc89d2b79055fa4c91820b34cd9399392d35484c1c9c76', '190', '2025-02-10', '04:44:18', 0, 195, 1, '2025-02-19 10:44:18'),
(435, ' RgHtUJW2N7X3Zf1', '4deed07eb168c4bf62b8433cad4d3acf44d38fc98fecb4785b31632fa038cff70c635772faff2c5b2e3ca14e8dfe9adee311709e10a6bdd14f2b28b134409a52', '60', '2025-02-10', '04:44:37', 0, 196, 1, '2025-02-19 10:44:37'),
(436, ' mLPMGXV1H6ODJYi', 'd0d20f1a9a19c13181bb3b7878abf0d058e14878006b90cf3bce55a09df4fb2e9ff52e326663cf53b8bc7d5db8c89a47e831384e1a15b826445f3807695c2e1b', '100', '2025-02-10', '04:44:54', 0, 197, 1, '2025-02-19 10:44:54'),
(437, ' JJHwii7BJvcD29j', 'e089f524fd2e1c92e3c6a6f67f62a77e5981a88468932ab65f253c7829eb088bfc2cac28d02559140e965a8bd5b4afecf666e98bb4ae90b46496be9df682a920', '490.00', '2025-02-13', '04:48:04', 1, 322, 1, '2025-02-19 10:48:05'),
(438, ' NLZ6TDpoUwD1h3h', 'b42412b7796970946175145559b8451c095033ea322546f6ad86c9f23e9e0f90ea2b1711179b5bbaec53f616892a596dffb958c22f450a09583058c1635beffb', '250.00', '2025-02-14', '04:48:22', 1, 323, 1, '2025-02-19 10:48:22'),
(439, ' MlpR7PnaYKPab4l', '193ccf9ae0f0746d5a66e9a5bf15c86422ff2a41c66e273a829f475ac409bfff757ed203adc88ff8f716410530de9f75ac65613739836446f7136582f622fcc3', '200', '2025-02-15', '04:49:15', 0, 198, 1, '2025-02-19 10:49:15'),
(440, ' W7x2KgOS0yAqNu9', '87e8a6af240f4febdd13fd78f10d0878afa9e90ad0b1d747b098217b3c9b463f10c86047f173087dadfd1e2f2cae875ce9ac869bf8e29d40adef83c4a26e9890', '150', '2025-02-15', '04:49:47', 0, 199, 1, '2025-02-19 10:49:47'),
(441, ' kzkByoOhzVyixxP', 'b29dc86d43e3517c010b061d6dbd084cad62e5262568836aa1963a01836991782d102430cd39088c83a5c9e4fb29f8c8601ee9a8230405466199bab0e2d65352', '200', '2025-02-15', '04:50:44', 0, 200, 1, '2025-02-19 10:50:44'),
(442, ' eR5yfKNM6Xxao9a', 'f87b6a6d2403256639e528eb5fea28b75a589c2ed67c1aca7b9f3029c537a820314c18f2f4b11c219f7d0bce395ad89e8c1a6861aadb4023610fde2beb7ea442', '350.00', '2025-02-15', '04:51:33', 1, 326, 1, '2025-02-19 10:51:33');
INSERT INTO `tbl_boutique_ingresos` (`i_id`, `i_token`, `i_token_encrypt`, `i_ingreso`, `i_fecha`, `i_hora`, `i_flag`, `i_id_v_a`, `i_activo`, `i_fregistro`) VALUES
(443, ' SfMBEq05uV2Ehdu', 'fb9874aa9b4542f5823c8ed58f85c1a8ffac917bc1958903a6226653302c3dca21e511a29eb1e7791626442bf1e61ab3d8426de9dbb09d5ee78001669de62483', '200', '2025-02-15', '04:52:22', 0, 201, 1, '2025-02-19 10:52:22'),
(444, ' LxHmYIHvFKE0ON5', 'ca5af1678b0765831d9c9039a4252553d0dcd7e072f9010c30d2e7f1513d76932488ef47b69199ac1cbff6f5291f876d44654ed5a18c34f824df9936b7659e5f', '350.00', '2025-02-16', '04:54:02', 1, 327, 1, '2025-02-19 10:54:02'),
(445, ' UNblDzJ6OWGLhv0', '325adcd8a452e920e7822b7c64f16b12f47286b9d272ec97091c8789acf1e2384e16dec2d63d875014ecf23d9884f0704f59f7b8b05b5a26b557fd817b084d46', '100', '2025-02-16', '04:54:35', 0, 202, 1, '2025-02-19 10:54:35'),
(446, ' hg06WiCc0ZXmrb3', '6fd07f95a97f98d57fba99c0c7c5edfee50550cbeda574407a6ef027d0e46e1091fd04e13493636be1d7a977c76ec94ea87b1c526e629c698d8dc857cdb4fb50', '450.00', '2025-02-16', '04:55:22', 1, 328, 0, '2025-02-24 11:44:28'),
(447, ' wsymYQ7sQWTqwfD', '29392c74602fec1bc6b7a3d47c5ed0c4ba606d4e71577056d6368760000c12f102d38b1a098623ba272e044f9bd44d1ff883e679163fdb5c64e665e32f8fe7a8', '170', '2025-02-20', '04:35:54', 0, 203, 1, '2025-02-24 10:35:54'),
(448, ' HKU6uT3XcRqI6E9', 'e3d2ee2dc97bccdfa7487c4fc7f7be3eca107f5b23217866a3e08dfab631dcb734122f8e963ebb73d44b9fb39af94bce2a05e48394348462a5e6d69d38def48e', '150', '2025-02-20', '04:36:19', 0, 204, 1, '2025-02-24 10:36:19'),
(449, ' krcsCvhBhySZzKD', 'e4a503222951576c41874092a459c77b62cfe996e132f748645390bf3224e9574cb3f363ded6f6019569a585fb013adf32c4d2814deda42edc2d7bc01ff77116', '180', '2025-02-23', '04:36:42', 0, 205, 1, '2025-02-24 10:36:42'),
(450, ' weBRPIt4mCxH1UW', '22a7e5f7566be33dd3cf9334883f07718bd694a7735771baf0bb8b6764d3c0f06fc16985951d1f6af45459e7a86517884a4fa46c9f9aaf09716cf7089ef0e490', '247.00', '2025-02-23', '04:42:30', 1, 331, 0, '2025-02-24 11:06:35'),
(451, ' rm1NhL9zTCSNRHq', '5cf0bebc415cd67fa879650037bdc801f84a2d78d3f7fbe5f9004a86de7068b4242c33837cdd431e2acffca2ec15db70a6695843d710c69441c0461c53b709bd', '1', '2025-02-23', '05:07:33', 0, 206, 1, '2025-02-24 11:07:33'),
(452, ' U5osQM6PwqnWMD1', 'f96824ea8b2808c20cf48d76b7485f903cbf178cc376a831e6a2c9780ce5a11c4b7def8558a8ca49ebda3bef8e65782e809a12489d40680cfde37c7c9b2e03ba', '1', '2025-02-23', '05:08:16', 0, 207, 1, '2025-02-24 11:08:16'),
(453, ' yDotMOFvwvREoju', '0648d1649147af2f44799c711e0d91d38ae436a2f915b07838cf00d8e52d4f1bf417ef109d5e9db536c68ede06484dc370b20a91778ab76a329cd33db13c03ac', '1', '2025-02-23', '05:09:03', 0, 208, 1, '2025-02-24 11:11:04'),
(454, ' R8hWjAyLrwORGFW', 'fd01c9c59cc25a2bbedd37c93b97b7782bee5f394b3d527dad383d4a11c3c0b5a017a6740ce32a6a97c3a6b71e05bcd99be54e66aaccf47837da5e99b9f8639f', '1', '2025-02-23', '05:14:41', 0, 209, 1, '2025-02-24 11:14:41'),
(455, ' 3daSgbDQdmGGepE', '685f67427c307245e7402c78e7e15748acf2e36518e4a8be92840f7d13b76ca17a7c8cbce9a8b40bf7b4db367e259e7a3e27ee946f46640311872cfb2557fe3f', '1', '2025-02-23', '05:21:00', 0, 210, 1, '2025-02-24 11:21:00'),
(456, ' 21advLBDplDVjHW', '3f6f4da631da97f4275c9006551e4a836714700ef15670c7ce8a903d8feddb0e50ab95557148e7f3315f3891a18f6c8d8e3d21b1a409c453a667c9a0dc2aef42', '1', '2025-02-23', '05:21:33', 0, 211, 1, '2025-02-24 11:22:38'),
(457, ' RhJgpJaLfde1Pp4', 'dd37c923141b31c32c86d268d9f98877acfa042d9655d7cc56054d09c2f66231c4ffb0fd9be0c157a06b4e485df438b7b43903889d2f4c01512826051bdd11a1', '1', '2025-02-23', '05:24:27', 0, 212, 1, '2025-02-24 11:24:27'),
(458, ' XjfAiYpzPSCotOS', '45685ba85ff426108085bb1eeed75cf54f63ae7adb8fe3ed65121cc2ac8fa013dee22131c1e63eee0e3326606a5e217ca189bfbfd9ad3cd6035597752f9ec82d', '1', '2025-02-23', '05:30:55', 0, 213, 1, '2025-02-24 11:30:55'),
(459, ' ll6mw1sOiq9ShnE', 'ff74b28b4a9039e0d35d6b58739637088a75769a5597e13070cd68a9a5998311b523a50b67dea0ae12c0ba3b9d2425a850acd5734d37e4ce7d171e3c6a94a638', '1', '2025-02-23', '05:31:47', 0, 214, 1, '2025-02-24 11:31:47'),
(460, ' 4Fl5PI0hMK9kFhh', 'ea90a76725d3ce6ed926675a10607a21922c952fbbc0126b2a149875c98ec5df7a36b75501455de5322005e6e2f864c104fd4c0f8f7ad66f865c6c10a88f1c51', '1', '2025-02-23', '05:36:31', 0, 215, 1, '2025-02-24 11:36:31'),
(461, ' oBk8wNp75Fo6IIa', '64260c92899645fb581a203ff07debabc8351a7975ecc44158860e20e980daa6cc99cfafc1b79b65d035d7036d86551cc196e46703227b8656ef8a0f20975cf8', '1', '2025-02-23', '05:37:08', 0, 216, 1, '2025-02-24 11:37:08'),
(462, ' faKvnybt7Z8VzID', '291ab2a27430a5321dc7e7e4a05302a23c03e5433a705a3c117494638d4d593c2297fede6f31a36ecf2a597e69a60a2a3940b57d26bc4d3f6dbf832f7eb3d525', '1', '2025-02-23', '05:37:42', 0, 217, 1, '2025-02-24 11:37:42'),
(463, ' XGY4NlHSGEl4XI2', 'ae1e3026c161cd24d444846eb33d2bff875a96c043d097f85d6f50666fbb71b617096ad7c30f8b967774d1887b96740521d655fa3d5739c21bc6691b2aa3b2e6', '199.00', '2025-02-23', '05:38:19', 1, 332, 1, '2025-02-24 11:38:19'),
(464, ' jVpesn6Im52pAHW', '8828f459a485ec9e2246bf1fef882c37fed393a2ffbfaf696b01ffc67cdafcd5a6a30f853a23b24b54ba91bb28840f43c7e546e7aa3954d1719d27fb01870e44', '1', '2025-02-23', '05:41:25', 0, 218, 1, '2025-02-24 11:41:25'),
(466, ' Q9oTueJ0Yd15tTy', '55b64b3968d027209c1198269baea62db7a5e25d1e6826a068da42888bae2e159b6bb34a2593f5e6bb8628929d8637d15e380b5a44cf58c9abfbe7f21a1a338e', '1', '2025-02-23', '05:46:10', 0, 220, 1, '2025-02-24 11:46:10'),
(467, ' vol7hCmwhWHr7F7', '7f105a24138d2953814947bea399381ca9e0859cdfa08c82cad705aeb63e046737084fa79fcf2c1fe3f136135175e665dfdaeab8dbcbfd08c97dc9c4a34ed273', '1', '2025-02-23', '05:46:53', 0, 221, 1, '2025-02-24 11:46:53'),
(468, ' 8R1W9toIImXCOVw', '05ed813265f4a250277f1b6ef24d2f9e1bd37d7a61398b1786b8c27935aaab6614db045c97913e2d01b52a9fc932d77e997ffa7fcc2f1fb29e3a9d31635925ce', '220.00', '2025-02-13', '05:47:28', 1, 333, 1, '2025-02-24 11:47:28'),
(469, ' f2ckfiViBSZPe3a', '568cc8a000846073ba50ee9f6cde33c2085b2fb5f918feec6f9abe69633c99e2cd2dac895642d1bf13ec406f8e795c1f00d725bd87a7064d7aec6f7187b8e0f3', '224', '2025-02-23', '05:49:06', 0, 222, 1, '2025-02-24 11:49:06'),
(470, ' 411q55AKejTpYCM', '135833a2c9950a4e7e2a49547a93259528e6855d3b96bc71ae1ed4efdf063137627bff96341b5742b6abda61872c66ec553b7216a58cbb5b9a0836f660c0b993', '109', '2025-02-23', '05:49:39', 0, 223, 1, '2025-02-24 11:49:39'),
(471, ' SZG46QzAvuoFAGs', '93845791305b31d96071a4fdad8462e622bea3a0d20fe5c96393043756c10e3a4e2e2ca811c1542f49f6468ed5477c6babf7dde852858493e0c6a6b2801e9f34', '1', '2025-02-23', '05:53:05', 0, 224, 1, '2025-02-24 11:53:05'),
(472, ' 03NBXfBpinNzQMn', '05ff67ec95cb4c7ea3f95049634cb79ce7d8e8ffa237d771fb8efec9e8ce7f9936db4386c1cc68c04f59868b2d94ad74fcdcbb8ad201662d4e536c66a6ce71f5', '300.00', '2025-02-15', '06:30:33', 1, 334, 1, '2025-02-24 12:30:33'),
(473, ' s6p7ByroykWAS1B', 'bac611987392cc0a7c342a1ed7fea99336f62d2ba612923237653853ae4c5b1c5e6b38422af3b16ff9e35af147f5c150d489eafe03b52c1c29942bf644dc0edf', '249.00', '2025-02-26', '02:31:41', 1, 335, 1, '2025-03-28 08:31:41'),
(474, ' 6oxjOTse75q5co6', '5846675416d678b2cf9391f8b447bae6e767f71cf4eeba333ad2f8fb4f070f91e2edd30214f8f1e67e0765d83608f7c2890ef6d1eac296e742dc606a2f73b968', '370.00', '2025-02-27', '02:35:08', 1, 336, 1, '2025-03-28 08:35:08'),
(475, ' eghqIG5GyPro6dx', '39e09116f447c87e234dd637197edc53832b9ec0e0597701c42670fe34bd7e1b41be70cc09fb069f087260bcc9d8daeca226635c248b8eaffe1d799ca0e07d40', '149.00', '2025-03-27', '02:35:59', 1, 337, 1, '2025-03-28 08:35:59'),
(476, ' 05PvMF0kbwZAbPu', 'ec9a9fbb22a5253667c8c675fa674230b00f44f9230b13d0dcbd0b517713878d6f21363c95e2d89c2ba7aaf9422c7c49ac99ea654619068a1e4222e28a441e31', '299.00', '2025-02-27', '02:36:34', 1, 338, 1, '2025-03-28 08:36:34'),
(477, ' cVsh4rxcLjqATJE', 'daa6e2b8aec78ffc81b5e8a8387ea2339119293896a657f99603dc509848c42ad98b52f2bfa1ec33329906aae97ec7c8b3e199e5e386cab65449e806c37f5343', '290', '2025-03-01', '02:37:20', 0, 225, 1, '2025-03-28 08:37:20'),
(478, ' 1LlGoWb7gz6HPSp', 'ec1f9d116c2b0576aaa91f4bdc92b9775e84ae5d6e938ebb04d12c11d886065ad8248a6afe813cefabfc14c51a7d8600fc5ebe28c9520ea6bb6925782ff4085b', '499.00', '2025-03-02', '02:42:40', 1, 340, 1, '2025-03-28 08:42:40'),
(479, ' D4vIyuPsiJwVFC9', 'bc3ffe809b135bb71fc92d3c63e7e50c5566d2917cbe5591fd91a1a96c5d21f94c815a45a33d60202ce410c7c486f5a6ca44ae1eca249721d163d80cbef46470', '399.00', '2025-03-02', '02:45:23', 1, 341, 1, '2025-03-28 08:45:23'),
(480, ' M1T18rMJXQLUf9c', 'f9b3c47c33edfd68264d5acabcbd474494d5639885214807b2fc170d858b4b27fcc54ef3ca18f2c72ed39ba206146c5efe2bdfe8c6b324ed0d1ed9ee4e6e730f', '149.00', '2025-03-02', '02:45:53', 1, 342, 1, '2025-03-28 08:45:53'),
(481, ' cJpnfRVbVRYQsMM', 'a30ed7d50374c3614a4adf21eac16fc0660596d5f913b66ac5b87809f355465bb9eede92022df30dfd643936f6f1dedf5d270843f5399856cbdb080a6d08424a', '515.00', '2025-03-02', '02:46:52', 1, 343, 1, '2025-03-28 08:46:52'),
(482, ' DyHS5DQ49PowSkl', 'e77001de77892312a8ecc74fb23254748f28b182f02430be4b4ee98583f9ba612edffeb63bea4b8687a1bcfe1574ed67a200bb1d9e8e38b7e994a88016a072ce', '249', '2025-03-02', '02:49:45', 0, 226, 1, '2025-03-28 08:49:45'),
(483, ' ai1pJ1edGr1l9qD', '1118209a5791a1bdb97f5bca41abdf281f16e1dd4ea1aac1be2826b59f0f2193ae93e8240fe3f13add2a81408da56d1a4e3ccf27988b24bfc431fb322b8ffb1f', '269', '2025-03-02', '02:50:07', 0, 227, 1, '2025-03-28 08:50:07'),
(484, ' OGfhVK16ZRHeScA', '29974a7e92b383ffb515d0a6f18af2fbb4890f5e712c565f8f73a94f615973e28e7265ddf3b3103b964e669257b625c84108fc7aa703fe51ba37a57f462a4bc4', '342', '2025-03-02', '02:50:32', 0, 228, 1, '2025-03-28 08:50:32'),
(485, ' YQWvjEcVyJb5SxV', 'a86fb3b53643ecbb73666bfc65fdb4c055a4faa1935ed6ef241bbe91635721818bb4bb81893e5705a0f67ae53154062f5ba815d07fce8d61eccdb1579502c4e9', '309', '2025-03-02', '02:50:54', 0, 229, 1, '2025-03-28 08:50:54'),
(486, ' XDG4kiKgKMdojUR', 'a5a6643be30f8c442ff9e47987647169025c79fa970978ec08d6924174116f1a25e321f34059d57217e3731e941771a1f151978204da26cab939ff0d92c0c39a', '127', '2025-03-02', '02:51:37', 0, 230, 1, '2025-03-28 08:51:37'),
(487, ' cmYyfO5PgaFgcvX', 'e5fb1fd3811ecda844cd157fbf9fe3916f3cab2e06dd32d18382acf2303a8c58bcc425761583d76b2a9fed1e7959001f50c21acffd45ed8ec7e9803081a5a149', '100', '2025-03-06', '02:56:53', 0, 231, 1, '2025-03-28 08:56:53'),
(488, ' nwRnMJ3EULmIxYs', 'ad50749e1b867fe1d369e55c353d0dee2cfa31b680b76816a7ac50d0dc3aea817f53d687379c21b78e3799ae9b60c105b9e91daf7e446e8e38c8bb540536b75d', '100', '2025-03-06', '03:03:00', 0, 232, 1, '2025-03-28 09:03:00'),
(489, ' qvYqxKlkmDlg3ZL', '2b27d372fd697338576fb0c16c88f66e65540adaefe9a16dc9f9d8af01d9ec8f1db805a030c27102bdffc03dc6f4ca99d955320d72a3fb19b62decdc530fde4a', '100', '2025-03-06', '03:11:43', 0, 233, 1, '2025-03-28 09:11:43'),
(490, ' f9hjBywXt2cwdwD', '1050a34c7edd7fbd51ca92e3e721304e2ac8c053aec5b13b1421c36fa157b52b96f053fceaff2b5d2f7044e0719ef9fd059e246f9c53d8ab4498f75435334660', '150', '2025-03-08', '03:14:23', 0, 234, 1, '2025-03-28 09:14:23'),
(492, ' DBMBCg2PzjtSfi9', '7f44610817d93eda394331795aa544c6230a8c76aab06462149ec1fa8040fa3e585bf27438d56c75c76185d350324bc65ac1634f988692b2a9fde713712f0e55', '1', '2025-03-08', '03:19:28', 0, 236, 1, '2025-03-28 09:19:28'),
(493, ' HHmHVvZNTxz2K4L', 'd825eb4e4bfefb8ac7eb2a4232530606d8ec56ea7f691302c5ecf688774a69874c59c9b40dcaa413db0f0525fb76e6a6a68b862c5d75652887e0e8d2133fd8aa', '480.00', '2025-03-09', '03:21:58', 1, 348, 1, '2025-03-28 09:21:58'),
(494, ' gKMyBO4fgEf7AoM', '9ef578b5c6e2034a41437c49090a603d1526d50db080039b8d74959b3743136c4b08627d43e23b3557db4e7c07fc3434de877f4f721cef908d303cc3c0e1e0b8', '200', '2025-03-09', '03:22:21', 0, 237, 1, '2025-03-28 09:22:21'),
(495, ' vsjoxuDxDUjVenA', '457eee0284f7128cd1f4811c73e533e7da30b4c53d4d296d3e0bd053b472824588b00a2023d187e1e1ed9d7542b0c5c27da9dae0ff6baffd6e6411f67b675e8b', '515.00', '2025-03-09', '03:23:22', 1, 349, 1, '2025-03-28 09:23:22'),
(496, ' geFFtk40Fy2Fz0g', '7000b214af023715fa41f2342b050106761b728de85353a9950d8d7800162827cb7158811f3e352ea79c7aa8159296dc316e21bf04de34b52991a9ff16f0e31d', '515.00', '2025-03-12', '03:23:54', 1, 350, 1, '2025-03-28 09:23:54'),
(497, ' LWzt5QCj04hMlKp', '71202b0643f81cba111dd580a16b09fc2fa0f2b121b0ab20e4855add51a786bf46ff52fd7804798189c717936a9ad3dd34193d4d839dc1657a0e5efa72c83e88', '100', '2025-03-12', '03:24:36', 0, 238, 1, '2025-03-28 09:24:36'),
(498, ' 9IvIzsNPNrZ6Aj1', 'e603ceb40c8dbacffbac759dc15eb1b335ff92a87241528b5be9fc1b9ba55a1a9bf233613fe37892fe05f663a4ceb6b685450e86e9ea8b94bef7f651b9830c13', '100', '2025-03-12', '03:25:10', 0, 239, 1, '2025-03-28 09:25:10'),
(499, ' Ymb6IIz2O3ImfXj', 'e26ecb96a32a731471e1794d1642a2e731c67f1dd3800edc599469b72f4533f895d8310b6c7a4f37bb6417efbd1972d4c1b752e92ea9f2cb8aa71ef48931ecad', '100', '2025-03-12', '03:26:03', 0, 240, 1, '2025-03-28 09:26:03'),
(500, ' iAyRpqrSRHqBuTm', 'bcdd10c78d70b1538bffa9c49b77990e4da9b8c92197ae7d12c4a087593e8588659812796fe651a8cc8a0c09e9d4cd6f39d978723c00c405677b54d352d1ebe6', '164', '2025-03-01', '03:27:34', 0, 241, 1, '2025-03-28 09:27:34'),
(501, ' 9IcltbWBOIhE1Kj', '2352ac9b59a72a4e730732889d7e0d6aca58dd7aec86fb1ec94c78d676f9339b8532b019911f2e2f48410520b2054f5b157752bb8cff6ce973154bd082412b86', '274', '2025-03-01', '03:27:55', 0, 242, 1, '2025-03-28 09:27:55'),
(502, ' rofPoPobdEpbJwi', '0633d06c7da3f2dc3b18c96467c546b3a3e831759cd5f27d08caab72409c2f14558a648203d00a9cb6b0d0f6aaa650a7cfbc734e5d064d69634706b2d8ace59a', '299', '2025-03-01', '03:28:16', 0, 243, 1, '2025-03-28 09:28:16'),
(503, ' R507H5DzGuXiCRx', 'fe1317dd4c31ad4003c37780733f0e9bfd539d87a8eafd686841fd8ed7b910682f9b87d8c68c30ac463e130a188c996957866aaebb3ee17aa1173855ccefd6e1', '110', '2025-03-03', '03:30:21', 0, 244, 1, '2025-03-28 09:30:21'),
(504, ' O6t9inLDUzht8b0', '2880d4cc606eae2a2ca38fcf378dceaad0dd63a111b1cf7d0033d18ba24f3bc47081ce9b1a6961ecd9321f00ac310a297c76838f3ce603757292a7086d82cfd5', '225', '2025-03-03', '03:30:41', 0, 245, 1, '2025-03-28 09:30:41'),
(505, ' 502lwDoZl4IupbW', 'eff2b9290d9f2190c798ccf5bb701f9c49c7c5d63d650fcd6f006e05fe0338ea003da674b40b0026755e1c96da597d54f161f5e3f62ae9a62ef05129fd74c362', '100', '2025-01-16', '03:31:14', 0, 246, 1, '2025-03-28 09:31:14'),
(506, ' MjsEBt6YttO76t7', '2ff1de6ee03c94da82ac0be44448b5661dc22b50bfc8875c595f6f113f5678b4c624c5e459b69285d5357fa9dbca17d4ff3271a8ae9fe3e66acc1235602c20d1', '220', '2025-01-22', '03:31:36', 0, 247, 1, '2025-03-28 09:31:36'),
(507, ' 41pB2Yr4ErgCxFk', 'c4e5e7cc11b5737bbb8cbb706000a8f60cacd78df9557febe5664407768f23d3b02a5ce6d5c657b2c346a850126fe5cbe46f97e48ccb6125a88156c8f78bedbb', '246', '2025-03-03', '03:32:16', 0, 248, 1, '2025-03-28 09:32:16'),
(508, ' wcDXW4tHPlazIx5', 'cfaeae600a1c33a8d7d9e3ed8cf6a852586ec5494e9d4954582c606868099c92d35cafa3ba6c3f1d0e84e86ad1e863503c49d6bff55977bf29c6f811df5d8878', '153', '2025-03-03', '03:33:06', 0, 249, 1, '2025-03-28 09:33:06'),
(509, ' kgIkqvsSmVl6KIv', '708d7962b6d0b379a592568f82fb1b98a25b400f2723e5c6e3cf2143184969b62993b69d3a5718d48ed2e39473b685b7df9864e1311d0012d1e21683f9440529', '400', '2025-03-14', '03:36:53', 0, 250, 1, '2025-03-28 09:36:53'),
(510, ' OXgnFW2ZO02eumr', '0f1881005f944186f5fbedbadf4806e33f1dbf1d90bc5ab5499fa30e7ce2210ed4904342a2c84948b45e3c9817f2a5cbdea6f809d8ba9d332dfc819378cc4c17', '100', '2025-03-14', '03:41:04', 0, 251, 1, '2025-03-28 09:41:04'),
(511, ' MExTDpX2QKFlRky', '96874b47a89ebc211442760b33f871f1d2bdd1a114d6270063d09039108ed740753541f9a9711e15994bcccb63d99b9c9e3d6347ec4bab1279aa0611a123fecc', '100', '2025-03-14', '03:42:39', 0, 252, 1, '2025-03-28 09:42:39'),
(512, ' hjBuiclc5sNueM0', 'cf0d367d648a7ddc3cf135100724dda90d22a47553001511e5d175b5482a8b840ead95093da38a62094e83dc9c57edc51e8a78ff368365a716c8d45c94a1cd1c', '150', '2025-02-12', '03:52:20', 0, 253, 1, '2025-03-28 09:52:20'),
(513, ' NjeppHReAPxtB16', '58593eeef709b1652dcb8b789f21f258e58f079489a555f8ca2b04f190363c326eae413c471403ad2f2b202ac2ca3e33cc44ff8354c91ad9e95699f7864eadbf', '100', '2025-03-13', '03:54:18', 0, 254, 1, '2025-03-28 09:54:18'),
(514, ' juuPyxdWvkAvG2o', 'ee7ef934cb40778dfd5ff640475d7a1579a3155aeb8a4fbc646b59be53ea3ef08564ad38db67cece71602447513002b3f43223356bb9b4f0a5654349939c7d65', '199.00', '2025-03-02', '04:40:19', 1, 361, 1, '2025-03-28 10:40:19'),
(515, ' K474aecpVeCaFyr', '027da53985ac4d6e5fa32af7b53884410204f6a40c507fb1ed499feb9f5cfe831b4ed01c55aa5eba9bbe5dd63bfde3c9a0b277a5060b76d44c56513b4be6fe76', '120', '2025-03-16', '00:24:27', 0, 255, 1, '2025-03-29 06:24:27'),
(516, ' uYQYqCVO11kBkeL', '862e1584315874036bdd1d79e28f9e119014cd2a58ae2006e6c5be20978fba3b5614763578798aea7083436139d00fb5a6d4710a56165128c095262ade9b43b5', '370', '2025-03-20', '00:26:19', 0, 256, 1, '2025-03-29 06:26:19'),
(517, ' G6ksCvFLNtIDhvn', '2bfb4cbc800d272aec86f55982fa669fbb90f09c6695704a0a7cf2735941e3afc2559cb0ab0698c107c00c0fb3d674dc7c54fe4c5a7488457fcda4cc9e34e61e', '200', '2025-03-08', '00:43:38', 0, 257, 1, '2025-03-29 06:43:38'),
(518, ' wyAgFwZpcXJ7Vmt', 'd7e967a8b9c395734d50c9187228073bdd4ce59511e7ab232f794c4040f3587b063b1d18df03dc56ede1b1b518027559ee1f829ae1b7c4a222fbda806af2229f', '220', '2025-03-16', '01:32:15', 0, 258, 1, '2025-03-29 07:32:15'),
(519, ' VlVAayUTpwUUcPK', 'ca093115546fafb5b079e1c34ac28cfcf8c65e52d6b44f0dfed1ca164e5476dcda9be925b8ed4b589c313e0c2f0c39fd88483612b90159939ed45cd64e7f0cf0', '385', '2025-03-22', '01:33:43', 0, 259, 1, '2025-03-29 07:33:43'),
(520, ' QSc65yj6ksnhpfs', 'b80dd803a9d9bbb7be0ba622f068cf34e1e52a6e9504511738d103bf75e23bf43ae671ad55ab0932e23dd576a26933d93daa5ee3aab25c702140d1dfb0923383', '210', '2025-03-13', '01:50:13', 0, 260, 1, '2025-03-29 07:50:13'),
(521, ' BteuwBQ2E74eyE5', '7034ee2c80ae97ae8827e008ca4bc254bb39226a6cb64262fd20b3e270d8aa248084736909e7df7cdf6d219fdad42bcb228d1278cf1349045506f1833993ee8c', '399.00', '2025-03-13', '01:52:28', 1, 367, 1, '2025-03-29 07:52:28');

-- --------------------------------------------------------

--
-- Estructura de tabla para la tabla `tbl_boutique_productos`
--

CREATE TABLE `tbl_boutique_productos` (
  `p_id` int(11) NOT NULL,
  `p_url` varchar(100) COLLATE utf8_spanish_ci NOT NULL,
  `p_token` varchar(16) COLLATE utf8_spanish_ci NOT NULL,
  `p_token_encrypt` varchar(128) COLLATE utf8_spanish_ci NOT NULL,
  `p_nombre` varchar(100) COLLATE utf8_spanish_ci NOT NULL,
  `p_precioCompra` varchar(10) COLLATE utf8_spanish_ci NOT NULL,
  `p_ganancia` varchar(10) COLLATE utf8_spanish_ci NOT NULL,
  `p_precioVenta` varchar(10) COLLATE utf8_spanish_ci NOT NULL,
  `p_imagen` varchar(100) COLLATE utf8_spanish_ci NOT NULL,
  `p_qr` varchar(30) COLLATE utf8_spanish_ci NOT NULL,
  `p_fcompra` date NOT NULL DEFAULT current_timestamp(),
  `p_activo` int(11) NOT NULL,
  `p_fregistro` timestamp NOT NULL DEFAULT current_timestamp() ON UPDATE current_timestamp()
) ENGINE=InnoDB DEFAULT CHARSET=utf8 COLLATE=utf8_spanish_ci;

--
-- Volcado de datos para la tabla `tbl_boutique_productos`
--

INSERT INTO `tbl_boutique_productos` (`p_id`, `p_url`, `p_token`, `p_token_encrypt`, `p_nombre`, `p_precioCompra`, `p_ganancia`, `p_precioVenta`, `p_imagen`, `p_qr`, `p_fcompra`, `p_activo`, `p_fregistro`) VALUES
(1, 'croptop', 'P6I1PxsEmEoyJLHo', '8e9c2e8c51284a23c7994954b517dfdf812b50bbfd1039975449a187abff5251f9d0678423ce2899297af7e0a93590d58526b16197bd1b56890eff3dcf8c12f2', 'CROPTOP', '190', '35.593', '295.00', 'croptop.webp', '', '2024-09-08', 0, '2025-01-30 00:26:11'),
(2, 'croptop', 'grfSnb5nhKxxzhHm', 'dc8999072b5da4c319a45fcc34377fd8876faac46c28c5f9281d1ba414105a38b9a8cd1f78aa32ef3ed9f7f9eda046b37e6df98dd003ae244be8f931669ee6cc', 'CROPTOP', '190', '4.525', '199.00', 'croptop.webp', '', '2024-09-08', 0, '2025-03-28 10:40:19'),
(3, 'falda_short', 'rd4Uvmcte9wgxfUl', 'ef356dfff039c141a17852813080d0bab114698f8eb7d7c2dc7b7727e8e8b99b4f7f65cc915a7ef63f20807cfe996150612969562d4544624078ba8d6e4a3d8c', 'FALDA SHORT', '190', '38.71', '310.00', 'producto.webp', '', '2024-09-09', 0, '2025-01-29 23:06:56'),
(4, 'falda_short', 'ojhyRrSYhy5OoRBa', '64370718e41a6d270c7b55c8ef5ef5f75849054dc0c0698eb4f04b73835c42425f9eaaa984cf85b0c20f5508ba210850bf6733254231491a5278a13c5bb9fbe5', 'FALDA SHORT', '190', '38.71', '310.00', 'producto.webp', '', '2024-09-09', 0, '2025-01-30 04:20:25'),
(5, 'falda_short', 'ty1rqTxGDVxmVqIt', '3f03207cfeb9355072d9b5223ab6ad700b98d54ae2bca68c10556f6c6a1f67f299f221eb9e23a4cde357a6b57410e7051ca0e004ea7a79455f002b0b097970d2', 'FALDA SHORT', '190', '38.71', '310.00', 'producto.webp', '', '2024-09-09', 0, '2025-01-28 23:15:20'),
(6, 'falda_short', 'RqEQFQVW6rXNxsac', '4c5b59f91b9b4b2dfed0225795f45af49d663be0dfc914637936fc391f308da781f9b268f2a28741d86f58209b84f5074f66d85964e78ce35128c66ef06088a5', 'FALDA SHORT', '190', '38.71', '310.00', 'producto.webp', '', '2024-09-09', 0, '2025-01-29 23:09:36'),
(7, 'falda_short', 'RmHe25zN3gUQ2HRE', '3e8f7f8aa0d4c53726b78308884bc4b280095cad76289c8cffd69de91aedae1335bb156f2610b5c031a4f397e58868b78ef4a4e72a93bd3b3ab6497e2632104c', 'FALDA SHORT', '190', '38.71', '310.00', 'producto.webp', '', '2024-09-09', 0, '2025-01-30 00:25:47'),
(8, 'falda_short', 'iHdNHszadKMHZdxS', '211b05b8f43a07c7aa032ccd89ef389e75c70c27038755511e79069f2789b289412fc49fe4b089bf8d99363445ef9be911d4637a708e4f193098ffe7b6020152', 'FALDA SHORT', '190', '23.696', '249.00', 'producto.webp', '', '2024-09-09', 1, '2025-02-22 11:10:16'),
(9, 'falda_terciopelo', 'UTdzzzZTD3gREEL4', '7be80a9d770dde61684fe434e8fb82c8b8c293ad22b7ebb04a38d416c9c2cda68bd4fdcd255724cb46f12a54912221969d01a99846eac047f9f15baad05fac51', 'FALDA TERCIOPELO', '200', '37.5', '320.00', 'producto.webp', '', '2024-09-09', 0, '2025-01-28 22:14:39'),
(10, 'falda_terciopelo', 'OrpIX4XCw54tIPqC', 'ee7957604df6a8d9c77b0f788b4c1ff60b3d8775d791049c28a5fe1413181642631008e6da2a5768b0a273bf4f0ae27452e39374ef99b5d477fe778fde88d7c4', 'FALDA TERCIOPELO', '200', '37.5', '320.00', 'producto.webp', '', '2024-09-09', 0, '2025-01-30 00:46:16'),
(11, 'pantalón_tipo_zara', 'okYbzbnwdfPNL07c', '51bcee70cbdb896de8c7f857da6fc5c725daede2d6c4ebc055449eee28ac8a9f80c2a2974fad7d645440a184078ab1e7484a59c7f9049ef33cf8455921a521ab', 'PANTALÓN TIPO ZARA', '160', '19.6', '199.00', 'producto.webp', '', '2024-09-09', 0, '2025-03-28 10:51:26'),
(12, 'pantalón_tipo_zara', '39Vtr1fWVGP95L5p', '0ddcc40935c553e48bd690b52513578075dddd768ef1830b5bc9f6e3f5fbf84287d0d9de8af4f3d865f69b208cd61e321b4991430ceb2b0854edc783d26b31a6', 'PANTALÓN TIPO ZARA', '160', '46.667', '300.00', 'producto.webp', '', '2024-09-09', 0, '2025-03-28 10:52:44'),
(13, 'pantalón_tipo_zara', 'GCKEaoAQYvVYVRzZ', '2ad02ae9a325394f3077d0026e86ea8328cf3b86c0b487c8e3d77bc0df4eb8a0b919caca1b0fbeb7e24b18276c8117edb68d3d9399937da261f38fd464f517a5', 'PANTALÓN TIPO ZARA', '160', '46.667', '300.00', 'producto.webp', '', '2024-09-09', 0, '2025-03-28 11:04:33'),
(14, 'pantalón_tipo_zara', 'TuHsoT5I6YBMQkGE', 'a07cf8ae8372f835e4ab181f4bff32bf16b4e4f97d1eb2208508e61a71c71cdc002af45eb70ef69600f20eb82ae082f372471848d8a83fb3dc7c3acee3784009', 'PANTALÓN TIPO ZARA', '160', '46.667', '300.00', 'producto.webp', '', '2024-09-09', 0, '2025-01-28 09:13:39'),
(15, 'pantalón_tipo_zara', '6lmGb3Fjp7pgUqTM', 'f410cf44fa2400b31e7df6a035c2069449d9897890f4a3a5f5e484a8454b415a1c1fb8c85f13bf6218972e0675bdc928b45b5188d80d29507e05500f3320aa0a', 'PANTALÓN TIPO ZARA', '160', '19.6', '199.00', 'producto.webp', '', '2024-09-09', 1, '2025-03-28 10:51:57'),
(16, 'pantalón_tipo_zara', 'QcE6bIgP1BXYTEhk', '17b80a70f453d943949ce9048dbc0c6ea86a4b439dfff1414e9644d7a50c7ce90a6b08ff773d676a1982714c9b50c6a139ee2b183ebfeee4ca694d1ae8d480f9', 'PANTALÓN TIPO ZARA', '160', '46.667', '300.00', 'producto.webp', '', '2024-09-09', 0, '2025-01-30 00:17:42'),
(17, 'blusa_tipo_polo', 'Q8jzHYTxdTpkdixf', 'dfc33538f0fe6c8f3cbd1a6aec66cd1c5a2a2169b2e6813a66d651f3e5e98e449d9412a29092eb210e447e809f7d3e886ddd817270f052d10cc5b259266a9e65', 'BLUSA TIPO POLO', '120', '45.455', '220.00', 'blusa_tipo_polo_negro.webp', '', '2024-09-09', 0, '2025-01-28 09:36:23'),
(18, 'blusa_tipo_polo', 'hdn3BiDk4TlSKFDt', '95a7587da8b99fc7209d5d84e5066acc030550529abb02547e6409ada12061a66e8171a0205d3413366bd58d54cb36c9a53529c94142c4edb030be4340346c58', 'BLUSA TIPO POLO', '120', '45.455', '220.00', 'blusa_tipo_polo_beige.webp', '', '2024-09-09', 0, '2025-01-28 09:18:32'),
(19, 'blusa_tipo_polo', '497bfauiGLxgPW7V', '31b048ff45fa33f6726052f3379c466894f2107dc87dfba2090bb46aade90de38257ad9ac7617295434d426bf2a5e36f72249c6004a36bea49ffe50eaaa6dd43', 'BLUSA TIPO POLO', '120', '45.455', '220.00', 'blusa_tipo_polo_blanco.webp', '', '2024-09-09', 0, '2025-01-28 07:15:46'),
(20, 'blusa_body', 'N2PjlJY9G9f3SAur', '0aa920ff209f28028db34a2f6501b26ee5875c64777af0d2c37d4c3f9128e6f6bbd1ca23d76d6819f408122a24054cdb50ca1cb16751c19790150daf28816841', 'BLUSA BODY', '160', '36', '250.00', 'producto.webp', '', '2024-09-09', 0, '2025-01-28 22:13:50'),
(21, 'blusa_body', 'JSIV5LAr4maNZV2A', '96367b55d6e64a25b5659b65bdcde742434da29e471ff5c78ff3d4c8e517e05bf114d44c7146e73f7c40c0e9cc0f4fbbddae5ad977b1ca9fb0fe47a5edc4a0fc', 'BLUSA BODY', '160', '36', '250.00', 'producto.webp', '', '2024-09-09', 0, '2025-01-28 23:16:55'),
(22, 'blusa_body', '6EUp0WHtCSKgpU7p', 'ebf2170ec358a104973ef6a86573a1b1017a34e65c77450a1d5968d04abc0aa2059dcb8c43b86ec2ea52360b9633799c6702f070df6aff3024c928cef4eb3787', 'BLUSA BODY', '160', '36', '250.00', 'producto.webp', '', '2024-09-09', 0, '2025-01-28 08:52:04'),
(23, 'blusa_tipo_polo_manga_corta', 'rKst8xXyaC0N5SXS', 'f00f163935418410729b0bed00433e5cba00580adb3ef6b0c098ce68a45646f3806f1f8108585d4fa76ce749dc3c7cb76bc57febe34bd43986a145f270427e01', 'BLUSA TIPO POLO MANGA CORTA', '120', '45.455', '220.00', 'blusa_tipo_polo_manga_corta.webp', '', '2024-09-09', 0, '2025-02-24 11:47:28'),
(24, 'blusa_tipo_polo_manga_corta', 'pAQfLVDMcnEwKbus', '797995ec3bd5512f3c369a687222acbc04712142098c79a0f343cbeab37454eedb3ae4c1a2ba1210ce8810f2b1629f88a1e47b040d39ea860583b5570fdd9e7a', 'BLUSA TIPO POLO MANGA CORTA', '120', '45.455', '220.00', 'blusa_tipo_polo_manga_corta.webp', '', '2024-09-09', 0, '2025-02-24 11:46:53'),
(25, 'blusa_tipo_polo_manga_corta', 'DJpIqOvXwXnVNSCQ', '99fb886ec8be188a25eb13f643d6209726a2b0f9ee49fca3f0d45900e7c8049413e14cec085e6b5c0ad7d8cee7f3038a2761b351de3224fe6ccabdb00a3aca22', 'BLUSA TIPO POLO MANGA CORTA', '120', '45.455', '220.00', 'blusa_tipo_polo_manga_corta.webp', '', '2024-09-09', 0, '2025-01-29 23:25:25'),
(26, 'croptop', 'UzYZwEkbb4QXuXIv', '1d88aa5548d1bd5a6a70b11680e7bd62ef64f053599cc1f65a626fec2fed793debe79b024471c8f63f6f020edc28adba636c2c1cd09b24db12b9f4f793ed710d', 'CROPTOP', '193', '44.857', '350.00', 'croptop_flores.webp', '', '2024-09-10', 0, '2025-01-30 00:49:46'),
(27, 'croptop', 'vU5ze2arJTo1miCU', '2920f280e95128bc9f4a1ff2fe9e0d0075ef1a8e3fc8b9e7f291303eb35447043aae3d31eef0c51cafa880fcaa870b1ef04b77b648cba336df1de2b318f4ae48', 'CROPTOP', '193', '44.857', '350.00', 'croptop_flores.webp', '', '2024-09-10', 0, '2025-01-29 23:58:12'),
(28, 'vestido_con_moño', 'xERQdRlmevhcEhtj', '115264ea597e7deb0710b257069bf0afd0cf71103e6757de9e01b0119cfe740271c419ddde8f2bde71e5672b514b112d6c7fc2110759b938a22a0032ef88fd9a', 'VESTIDO CON MOÑO', '99.50', '64.464', '280.00', 'producto.webp', '', '2024-09-10', 0, '2025-01-29 22:51:07'),
(29, 'vestido_con_moño', 'b3ZKiB3h9Bl6NSrh', '1dd3f7ff3acc237b816364b1263c7d406c741a8602d0a2b8ec2c673b108a49442b015ac34fc2ad1947cc8da1f616ecfcf28c27b7af2e814a2e73ee622f4a0fc8', 'VESTIDO CON MOÑO', '99.50', '50.00', '199.00', 'producto.webp', '', '2024-09-10', 1, '2025-02-22 11:15:48'),
(30, 'vestido_con_moño', 'JgRKrms865ROgdCM', 'f96256da26a65b3059a8e833835fb8faff8adf5481d7eb5fe85bd827c467bdc326a685321a8894bbae55d29b6be36e22297fa37a69f078085cf044ee8db5663e', 'VESTIDO CON MOÑO', '99.50', '64.464', '280.00', 'producto.webp', '', '2024-09-10', 0, '2025-01-28 07:40:07'),
(31, 'vestido_de_flores', '9XuzuU1HxNvt8u35', 'd2c0ea8e594283fc5201bf5b1b59f05704497d6b5e3981e21237b2eedbf26d56af0be1ba53e0af18f0f0249532b85edf134071fbfb3d3d5480c0e300d8b163e9', 'VESTIDO DE FLORES', '197.79', '43.488', '350.00', 'producto.webp', '', '2024-09-10', 0, '2025-01-28 07:52:40'),
(32, 'vestido_rayados_tipo_polo', '2IKyAeRkVHCfEprR', '97c61f2a13dc51e4d8441ce24a73d581dee9c207f671d976f2bee095fc7202865422867869144cd72e720b2a35ca6b70a2ca33bf18d593d80f4804569a6d672f', 'VESTIDO RAYADOS TIPO POLO', '150', '44.445', '270.00', 'producto.webp', '', '2024-09-18', 0, '2025-01-28 22:13:10'),
(33, 'vestido_rayados_tipo_polo', 'IE1IgBTRT8K6YzDx', '0c16c1150e525634082ec65572f415bea8bb59f893358fbef4c2d0773d9f2d1122db3b1a3a121338ddcba610c855ef491a93de7092e017a5b4a5e8b47fe42a33', 'VESTIDO RAYADOS TIPO POLO', '150', '44.445', '270.00', 'producto.webp', '', '2024-09-18', 0, '2025-01-28 22:22:10'),
(34, 'vestido_rayados_tipo_polo', 'xzr3glEh5wXb6WzN', 'af0587e257d6e714dc501c687cbf878a549b35d27eac7766f65dc218f472e54e4a90ab3541be77eda72e0088bd18e4111ec434edd1cb84991f6ca2bb2271dc49', 'VESTIDO RAYADOS TIPO POLO', '150', '44.445', '270.00', 'producto.webp', '', '2024-09-18', 0, '2025-01-28 09:32:06'),
(35, 'blusa_rayadas_de_cuello', 'naHAd0NJ0HCfB4JU', 'f66d88074743113c7313468a184bfd71e3afffb8a0e45059731bdd082ab95dc8bd81b7010282c3497b89de3d3f0d94c17d0cac3acab8ebaddc1d9019dc5ea1d6', 'BLUSA RAYADAS DE CUELLO', '130', '43.478', '230.00', 'blusa_rayadas_de_cuello_rosa.webp', '', '2024-09-18', 0, '2025-01-30 01:29:54'),
(36, 'blusa_rayadas_de_cuello', 'pDMaTpF6tDkOtY9C', '603254612330ddc043f8727f0afc9d68b30a1d8b45ff6a51074a8ab9ee468bb41d2fe83eb90a9f25b8cf637a88e8eae2a799f24cd4dc696d6984ac02eb131ea9', 'BLUSA RAYADAS DE CUELLO', '130', '43.478', '230.00', 'blusa_rayadas_de_cuello_cafe.webp', '', '2024-09-18', 0, '2025-01-30 01:17:27'),
(37, 'vestido_rayado_de_tirantes', 'U7RLapR62YpJItig', 'bbc9b640a2223ee6f7b6b94c81ee0181848a03d31d4134e50a6f7d0499336db52d6c9a1a31a1964c738627e9d874ee20221aca9b29e03445fa7fbe9e8c3166e3', 'VESTIDO RAYADO DE TIRANTES', '220', '31.25', '320.00', 'producto.webp', '', '2024-09-18', 0, '2025-01-28 09:12:56'),
(38, 'falda_tableada', 'pxWfj8rFuXqBZEu4', '83f988984b88abb134c48e6ce08bde874585df3ea04fa87b5a575b414f47b65bff0c7ad7ae8933e30fed21278b5f0df2c0df7c852e4aad1a13e49c18a1050de0', 'FALDA TABLEADA', '160', '44.827', '290.00', 'producto.webp', '', '2024-09-18', 0, '2025-01-28 23:12:54'),
(39, 'falda_tableada', '6UUKdqO0sKg3czEG', '91b2c2e27dd92db3697b0bc8b984621c05a2716e2b821d1df38ca5e9df40ec7133b0fec614fe958943e4d6abb6644ff36a37fab227d0c9d0c34a5e691ca96610', 'FALDA TABLEADA', '160', '44.827', '290.00', 'producto.webp', '', '2024-09-18', 1, '2025-03-28 03:50:31'),
(40, 'falda_tableada', 'SNcmhFV7iLJxZI1i', 'ae2f0ddeba84b973f8ee54a48878a5d8a4b01c5fc50ddb6d10fd4c52525c1a74153ddb56f7370772a38632415ea816e5e436448f5760311b1d199a2f602b1cc4', 'FALDA TABLEADA', '160', '44.827', '290.00', 'producto.webp', '', '2024-09-18', 0, '2025-01-29 23:50:20'),
(41, 'falda_tableada', 'BHnFW2d9MEZUPKqn', 'd76af7e649b8d277dba870984339b0a329f4c0a3cebe06ef7a10bfbeca259bd16adc24b24e7511419f3aebf4f680e54c7de18d2a6cde8c90bc189a3852458de0', 'FALDA TABLEADA', '160', '44.827', '290.00', 'producto.webp', '', '2024-09-18', 0, '2025-02-13 10:33:30'),
(42, 'vestido', '1zhYjFEiLrOl7T6m', '36a7052bc3e5203d406d6d9d4648c2749311e4a0fdde5a1ad62bb5d3f1edff226d315a25a60535ba93f96c2058c9a3b770cb554fb5e5e695bc9d0a7a86c4afb9', 'VESTIDO', '200', '42.857', '350.00', 'producto.webp', '', '2024-09-18', 0, '2025-01-28 09:21:15'),
(43, 'vestido', 'v5lVP44AoJNqZSzp', '44001aca78dd96f756c3c92882b4fcc762af31cf9312a4d5dfd1286e4d6ca16502610fc1b2bbce34667de0cee3764d2b01fa6731b79083c70d91ec907771e7ae', 'VESTIDO', '200', '42.857', '350.00', 'producto.webp', '', '2024-09-18', 0, '2025-01-28 07:22:43'),
(44, 'vestido', 'RZFPu3FYDZg29EpY', 'b1d02c963f4edcf575a97760b3c933ff600977c124974e21ed3178eab119ac3f266dd7eb481977e36824df5d41f246dae671adfb103511f2147cf1decf0d8d38', 'VESTIDO', '200', '42.857', '350.00', 'producto.webp', '', '2024-09-18', 0, '2025-01-28 07:30:05'),
(45, 'vestido_con_olanes', '40a6fTzNBs0Mci5G', '6a30fd909055e1fa7a64a1effb8670d747de57ca865a51c1085e99ff6f5b5464b6e8defb1360ecfd6c01d13f15a434571381467abc28cbb4b7d1e36244ce8e0f', 'VESTIDO CON OLANES', '220', '37.143', '350.00', 'producto.webp', '', '2024-09-18', 0, '2025-01-28 07:44:10'),
(46, 'vestido_con_olanes', 'BqfYPN3VAuVKujQ8', '046c7ddcc4a96a0a6d6f7e22602d55145fff50721550cb07f9350a4dd5de5910f1ff99eec1ab1cf96f576c9f4b336acbedcc64b0d23fd1de6f44ae0feddbb5fb', 'VESTIDO CON OLANES', '220', '37.143', '350.00', 'producto.webp', '', '2024-09-18', 0, '2025-01-28 07:47:05'),
(47, 'vestido_con_olanes', 'TLnWDKNDGhvYgxyY', '2fcc2c812a31c94bbf5eb0f580b152c74d520df11348a4f950c4ea67dc9061a2d3a18ce849bb8849dfb94506d2f170a8413c4e916e54b9cdeb52c8c706a73a8e', 'VESTIDO CON OLANES', '220', '37.143', '350.00', 'producto.webp', '', '2024-09-18', 0, '2025-02-19 10:54:02'),
(48, 'blusa_con_flor', 'l5SvIKztRcOauPaN', '2685a41e96449e518ca256f30491d7d32d81d1e1ae0c3110aa329d6117576159727fd5617cd4e8fc36e389a703b7ac35061bce5697e1ab2801d03bfb5a6950d5', 'BLUSA CON FLOR', '130', '45.833', '240.00', 'blusa_con_flor_rosa.webp', '', '2024-09-18', 0, '2025-01-28 23:18:37'),
(49, 'blusa_con_flor', 'oHLPNEYBLRF4j0p1', 'ebd8d8fc65db397bbe106771a04b7b7fd3fd2bc6ebe10c1e7f54f08bc79661492fc9876c5f990fb9b4a4145134e7732d34e3a46cb25c9f2be4d3f68e1e663683', 'BLUSA CON FLOR', '130', '45.833', '240.00', 'blusa_con_flor_negro.webp', '', '2024-09-18', 0, '2025-01-30 01:22:06'),
(50, 'blusa_con_flor', 'SR8LAsmc240LtCjt', 'b48c6ead96b4831f7f2d8461c245bfc8b2afad02fd405d3c7247eb6819f9b8f090af484799b560924c76c6706c849275a145a9895654f6a37674cc40568b5d64', 'BLUSA CON FLOR', '130', '45.833', '240.00', 'blusa_con_flor_blanco.webp', '', '2024-09-18', 0, '2025-01-29 23:23:05'),
(51, 'vestido_de_tirantes', 'ZPam1EoAJ4OYqsBU', '27efc1667ba61d015e90148dff6601c933c397fa153cab631ccd3380fe702b798f4a460a6e25fc4cf3d0c29e26798bd4e2332708fd605deffc9e7b88b1efe3e9', 'VESTIDO DE TIRANTES', '150', '44.444', '270.00', 'producto.webp', '', '2024-09-18', 0, '2025-01-28 07:22:02'),
(52, 'vestido_de_tirantes', 'YNRrS16bzN5SBPeE', '959e8ad0f76d985b75e5bc9b353b043dd6a8d382117c86790b35a83afbecf48039e5dbffc23ac430627caa468e370654221a20f18c1be96cf35a3deb8c721c1b', 'VESTIDO DE TIRANTES', '150', '44.444', '270.00', 'producto.webp', '', '2024-09-18', 0, '2025-01-29 22:17:21'),
(53, 'vestido_de_tirantes', '4IyODKt9KyY6Qlu7', '3741b38440dc1e4220d1c216ae39a0bd0c46f9a0c199b42b96716a060829b46a6b8829622d306378137c916796a9b21292052be3de64c69b8545cbd50b8e3e6f', 'VESTIDO DE TIRANTES', '170', '43.333', '300.00', 'producto.webp', '', '2024-09-18', 0, '2025-01-28 09:17:03'),
(54, 'vestido_de_tirantes', '5WlPQMYCOMvLDV7q', '6402425ea0d123e79c97ce183ae2f9e14f67d5731fd1410b0be5b8e54c87972ac3e093b41754701c32b786f8be8112a2aa223cb83438166a37188e60d464a5b1', 'VESTIDO DE TIRANTES', '170', '43.333', '300.00', 'producto.webp', '', '2024-09-18', 0, '2025-01-28 22:35:42'),
(55, 'sombrero', 'BhD4kdeGDYTfKvvg', '0d63b80bc05c916e5cae87730df5cb89f9c243511e272ea35d8162aecb6ddbcd18048f87a40b9c9379c6aa028947cf33e75a3827b9a020e36db7c5e2ff3002d1', 'SOMBRERO', '65', '53.57', '140.00', 'producto.webp', '', '2024-09-18', 0, '2025-01-28 22:40:10'),
(56, 'sombrero', 'g5pZoLYBoGTuKt6F', '63f45909a037b73e09752886956d367c3568e3bf8be9e39fbe05e99a14dbd20e6005a3ba227ee4360ef3a859656992e1d622451d581df7e375e62b3982bf0066', 'SOMBRERO', '65', '53.57', '140.00', 'producto.webp', '', '2024-09-18', 0, '2025-01-29 22:30:40'),
(57, 'sombrero', 'uRBmm7GRcc4WDFX4', 'd485c15b56801fe1533c72731d3b26f837c83e99be124ce895d985471906c35a1776aee3237e4416f2eddd35fe3659fbe93183b837a6b8d02a09a829da6530a3', 'SOMBRERO', '65', '53.57', '140.00', 'producto.webp', '', '2024-09-18', 0, '2025-01-28 07:56:25'),
(58, 'sombrero', 'ZfGHFQmlDQ3sMMDX', 'ecaab3dfa56619d84975583f0df34b5306f43bd228a56945aab35915c77c8b7df08e50f2c2914a0219d24f31a7931c4e783e2932131e11127672d6b9b9944e2f', 'SOMBRERO', '65', '53.57', '140.00', 'producto.webp', '', '2024-09-18', 1, '2025-03-28 03:52:26'),
(59, 'sombrero', 'GsoNnWcLaF5TUN64', '97a44d376208874deaae7d12a7f37c67fc31feb50389daad8b7ebe52fabbd2cc0cc7c22ea6ce939210dc406ae27b463e5d288babd78a2991763c0e65e69cedd0', 'SOMBRERO', '65', '53.57', '140.00', 'producto.webp', '', '2024-09-18', 0, '2025-01-30 00:20:55'),
(60, 'sombrero', 'T1mcnNGwDckwhNwT', '958e947337a8ad8147fddd0d77a79a5f4ad7d55d83691e7becfe1261b4eafdcfb754a5fcef2132dd3ea0a26803a96acbf85cfcdfc6527617eb28ee2e7edc475b', 'SOMBRERO', '70', '53.333', '150.00', 'producto.webp', '', '2024-09-18', 0, '2025-01-28 23:20:40'),
(61, 'sombrero', 'fDiFf5Lnxlt57Dyb', '9194392eb9c1ea44d36939e5d2c0ebe7b07c43f9383f91c9866f55a6af97d9d3b137db75ca97c1554209c7b714481a7b33158d4b6b6a390ba19793382836d448', 'SOMBRERO', '70', '53.333', '150.00', 'producto.webp', '', '2024-09-18', 0, '2025-01-28 08:24:54'),
(62, 'sombrero', 'YhDKm9IwVLj16WMz', 'f7a2185f23fa9e26cf3021c8eb060faff96a9f245acc9870ef7689c63b177c687855c78ac3657b97bc5722518ce3fffc7c64843bd8fe2220cb2301571644d2cb', 'SOMBRERO', '70', '53.333', '150.00', 'producto.webp', '', '2024-09-18', 0, '2025-01-28 07:30:47'),
(63, 'sombrero', 'CS0SQ4QxkMJbGQd8', '8ffb9e9417008c86ee7abb38a897ed41be496782ef2f044a9d9083c7d000c919b3635db279d45fce13a78fa6c03df38b289e656fc481058f7772eba9e760d303', 'SOMBRERO', '70', '53.333', '150.00', 'producto.webp', '', '2024-09-18', 0, '2025-01-29 23:45:53'),
(64, 'sombrero', 'ybunBMJaI1d1kUlz', 'a95b230fad196890a2dd7a6f19556e72bfde9919d083004fd95b478f79cf7b091ffb24d9269fa08af588d6e6de266baa1dc2b2171fe0285e8f0b5683e9659f39', 'SOMBRERO', '70', '53.333', '150.00', 'producto.webp', '', '2024-09-18', 0, '2025-01-30 00:55:46'),
(65, 'vestido', 'z2j5Nk6rHoinZy3R', '07ddb2729ff885dff62841ee74ed8500e2fbe881008d23dfd29400647a14fed36cdf44779ed1cf73c83df5cca0d72d342ac301fa6b982b4a217e62e39b8b10c6', 'VESTIDO', '380', '15.555', '450.00', 'producto.webp', '', '2024-09-18', 0, '2025-01-29 23:00:18'),
(66, 'chamarra_de_mezclilla', 'emKRjtpPqic6TB2O', '906deaacda19e95e3075362db4cede7d61e892b9d43ae9fb9676354e5ad6b83a07347a5e769b422c7e41916ea56a8c15413306c1cd53d8f4834797f0307baa1a', 'CHAMARRA DE MEZCLILLA', '255', '26.935', '299.00', 'chamarra_de_mezclilla.webp', '', '2024-09-21', 0, '2025-03-28 08:36:34'),
(67, 'chamarra_de_mezclilla', 'nTO8IRYsPMjOQrUz', '693deeb757d9f95f907a7b32113f2c15e58f7032520068685f20ed25b0fdf96d54471fb7fe36b78df32d0a06ce7e7ba7cf4186c5d48b3065a9298fe629ac0510', 'CHAMARRA DE MEZCLILLA', '255', '43.333', '450.00', 'producto.webp', '', '2024-09-21', 0, '2025-01-28 09:38:01'),
(68, 'blusa_marinero_rayada', 'rXSCfOOko3TWKUfJ', '7ed191c043ca000bccdc78da6092cedab0af3fc06e961ed29ff15e8b4ceda9443b64b6a45645ecf8d1a0390bfbaad06605f4d27f98cc53cc7bb262afc004791c', 'BLUSA MARINERO RAYADA', '112', '44', '200.00', 'blusa_marinero_rayada_verde.webp', '', '2024-09-21', 0, '2025-01-28 22:44:05'),
(69, 'blusa_marinero_rayada', 'hQ3JH03RAauFfxDS', '6113dce7ea179c37cc215c74f064d48a67a3f368deb012b61b0ce712f33752005b236ee5abccf988c56b9fcf497adf7e0f3bf799bbfc70734e0c4005763af1b1', 'BLUSA MARINERO RAYADA', '112', '44', '200.00', 'blusa_marinero_rayada_verde.webp', '', '2024-09-21', 0, '2025-01-28 09:01:50'),
(70, 'blusa_marinero_rayada', '3SoqxTUGUpLUSdIM', 'dd0fb2e516e41030057a5dcbaee61a8f8550008727bdd429071f134c70e51b778235989f2dd78a4b2538237ffeea964cb560267ce307385d2b0c4b5a0a87b844', 'BLUSA MARINERO RAYADA', '112', '44', '200.00', 'blusa_marinero_rayada_verde.webp', '', '2024-09-21', 0, '2025-01-29 23:27:25'),
(71, 'blusa_marinero_rayada', 'ZOxMiVYIOmI0v0v5', '75d5b236f3ba8079429b05acccfab0adb7b3ac3662103c0794e86e3eb3cb00978f0b9ad0ea823a008312e12ba53431977f11bd8caf75b6d5cd27d1fc3266b293', 'BLUSA MARINERO RAYADA', '112', '44', '200.00', 'blusa_marinero_rayada_azul.webp', '', '2024-09-21', 0, '2025-01-30 00:53:15'),
(72, 'blusa_marinero_rayada', 'hUQ9dSAFjEdrSIyW', 'ea2ef57284d9603c3b1781d94624b2fd52fe98da93d6cf26def99b8f0e92a2aef5d05e0b818ac7eca36a9e9726a4ec78322e8561724f7cf19febdf8d5700d1f7', 'BLUSA MARINERO RAYADA', '112', '44', '200.00', 'blusa_marinero_rayada_azul.webp', '', '2024-09-21', 0, '2025-01-30 00:04:03'),
(73, 'blusa_marinero_rayada', 'vju8KA8qadwMpEtI', 'de02ed75f08b0f0613e53b15878bcfe594d1ca313bdd3dec5fe4d01d3a4d2642f04c0e655d9d5b523aa0b0ca0983f7a9a1f005d3754c8ddba9ec965d1eb2feed', 'BLUSA MARINERO RAYADA', '112', '44', '200.00', 'blusa_marinero_rayada_azul.webp', '', '2024-09-21', 0, '2025-01-29 22:48:41'),
(74, 'blusa_manga_larga', 'rmMakZClQPwOD0ES', '7f8dc4cc30de508e87b77d9ac6325f99480a2f78c05f741f32b09470bdb9815cb5485ec3cd982a5bf4ff28d75b0160efc79661aafcdc3d68d860cef0fdac19b9', 'BLUSA MANGA LARGA', '164', '17.59', '149.00', 'blusa_manga_larga_negro.webp', '', '2024-09-21', 1, '2025-02-24 00:35:29'),
(75, 'blusa_manga_larga', 'ij4Vgxu8jRA0lHEg', '1794a32c20554bdb01123a71bdd734bcad5dd85840402a0bbd256b5a1e6b87cc9496229e4e19be70be13c77c69f6aede6dc65d07100fac926b42407ec11d2d26', 'BLUSA MANGA LARGA', '164', '17.59', '149.00', 'blusa_manga_larga_negro.webp', '', '2024-09-21', 1, '2025-02-24 00:35:34'),
(76, 'blusa_manga_larga', 'Ye4mypm69k0Y8Vbp', 'ec5a9e03c32d50c67258f36330cd2c684ecbde7d2d3a1bf3ed412001754461cae99bddd944d61bdefe4ffd8b0c2a3f78534d63383eca556899dd795f3e87adc4', 'BLUSA MANGA LARGA', '164', '17.59', '149.00', 'blusa_manga_larga_negro.webp', '', '2024-09-21', 1, '2025-02-24 00:35:40'),
(77, 'blusa_manga_larga', 'yIeLn40qERckt9oX', '68309ab1743861fad69b6066365e3c6c006c9c1fa625a67dad95d88baac40f20ff138f9c21c443676e44cbb8299e0aff5db332fa18c90f03c7a71578a8d82def', 'BLUSA MANGA LARGA', '164', '17.59', '149.00', 'blusa_manga_larga_blanco.webp', '', '2024-09-21', 1, '2025-02-24 00:35:47'),
(78, 'blusa_manga_larga', 'QoMAeeYft75AtKF8', '101a2deb1cd2c523df915c54e43ced9fe07ffb15a977906aee4a10fb0fe9a09689e56098abbfc7166fab945cf844ed4714174967092b212c29ff6566100235db', 'BLUSA MANGA LARGA', '164', '17.59', '149.00', 'blusa_manga_larga_blanco.webp', '', '2024-09-21', 1, '2025-02-24 00:35:53'),
(79, 'blusa_manga_larga', 'ETErrfCP8UFGYSp4', '20296d926021f73e5b8a87f7f27d876022077e42998b6826a7c97bf7ade2de20a2bbebd5fb54811fb1411436de51513d4fcbca14844c0ec0b4d26ef755b14d53', 'BLUSA MANGA LARGA', '164', '17.59', '149.00', 'blusa_manga_larga_blanco.webp', '', '2024-09-21', 1, '2025-02-24 00:36:02'),
(80, 'falda_tipo_cargo', 'NVEx5Q7eMt8rOWyp', '8b6e22582c3a98761128a1c2dc25b7cea40000a8decc226affae66de0bf79acd5add3bd4792165cd934caaf36c6fb5561283fc7aed417bc75ac9b3d1b98346fe', 'FALDA TIPO CARGO', '185', '47.143', '350.00', 'producto.webp', '', '2024-09-21', 0, '2025-01-28 22:17:42'),
(81, 'falda_tipo_cargo', 'E4BAS3J0EODJR8eq', 'f87020b2e7e7d5d792731c9638383f6ebd7c9318d4c7694171545681cbc1007fddda86f61548e7c8e6277837776b64dbb91edf0404baf8bf23f830ac8f5d3fed', 'FALDA TIPO CARGO', '185', '47.143', '350.00', 'producto.webp', '', '2024-09-21', 0, '2025-01-28 08:06:22'),
(82, 'falda_tipo_cargo', 'LDVOVC4Spodtl1o7', '4a5ce89b19a9c98e5ed80dde3a8d9f0c5bab6bdea2ecc9cbb13ce59b599790dd55c63a892dddc5d2cc201e8d215547b4b4b1afe49c429e6d9bc32bc8613b4fef', 'FALDA TIPO CARGO', '185', '47.143', '350.00', 'producto.webp', '', '2024-09-21', 0, '2025-01-30 01:34:28'),
(83, 'pantalon_de_mezclilla_boopsy', 'MwQX6qxXYDsxIsU5', '48ee345a5591666b30f6d4fffce133cd4e049a49bd6a522387fbfcfc25faad64c2e3d803a41b8092e4b5563dca70955adb9bdaedcc74fbe2c25439c615722b59', 'PANTALON DE MEZCLILLA BOOPSY', '240', '44.186', '430.00', 'producto.webp', '', '2024-09-21', 0, '2025-01-28 09:18:01'),
(84, 'pantalon_de_mezclilla_boopsy', 'Kqa9mewmSXF6AQCg', 'd128bc38ace537181ebebebd0066094c46073d5276dee4616cc0c3e655f653b11c51494ba4726b5549f388c998935a0e1b448a7f4e38d1410b5f608c68d91525', 'PANTALON DE MEZCLILLA BOOPSY', '240', '44.186', '430.00', 'producto.webp', '', '2024-09-21', 0, '2025-01-28 09:45:24'),
(85, 'pantalon_de_mezclilla_boopsy', 'jbExigkRJb445qJw', '2395eb54695ab5dc50a2400f9d1af762a99f0026a65e368a2a162d7e40b781c62279a9d71eadd01cce9b2f16aad582990e2b47daf808c18427e1f3a403b529e0', 'PANTALON DE MEZCLILLA BOOPSY', '240', '44.186', '430.00', 'producto.webp', '', '2024-09-21', 0, '2025-01-30 00:58:20'),
(86, 'blusa_manga_larga_con_brillitos', 'zoUYGcsGrB7asgnu', 'd6bd5bdaaf5801ef9bb84b4b61ef10384552e94bcd281310d8e2da699a3db528afc82d7cceb27ae6e2c64171dbe322879bfa6663ac0164f90e78be929190c14f', 'BLUSA MANGA LARGA CON BRILLITOS', '110', '56', '250.00', 'blusa_manga_larga_con_brillitos_negro.webp', '', '2024-09-21', 0, '2025-01-30 00:11:14'),
(87, 'blusa_manga_larga_con_brillitos', 'LdDD3ySAuFAN0RrY', '7b2c488e7bca23f8962d6b6dfeedf818c6482e7102d7b06c5cf1f996cbf9cd75176d8817845679f0cd57796ca1e4cffbd87cc2f427b8f32801b47048f66ba0e3', 'BLUSA MANGA LARGA CON BRILLITOS', '110', '44.726', '199.00', 'blusa_manga_larga_con_brillitos_blanco.webp', '', '2024-09-21', 1, '2025-02-22 11:34:56'),
(88, 'blusa_manga_larga_con_brillitos', 'SrdEvP0m3RNStMMi', '2938f72c691e49b9fd03e091b195bc43beb6b0a364eb86dc063745020de87102ee2cf3414df71f37953340ca3f9057f33ed4f9504be6754c7e5dc4b2db306025', 'BLUSA MANGA LARGA CON BRILLITOS', '110', '44.726', '199.00', 'blusa_manga_larga_con_brillitos_blanco.webp', '', '2024-09-21', 1, '2025-02-22 11:35:00'),
(89, 'suéter_con_flores', 'EhHqQmtRBPBOk1dy', 'c74d49c7cca3475dd5ce8bc7765427233e0bbbd58a047cc8c835556feab0fd6a7d0a112d5b5cfa726e739220a4332dafb1b744df6600f9943432aed241fea358', 'SUÉTER CON FLORES', '160', '44.827', '290.00', 'sueter_con_flores_azul.webp', '', '2024-09-20', 0, '2025-01-28 09:19:24'),
(90, 'suéter_con_flores', 'ZUAo6RGTKLaVaiWh', '2b552e4d23a20ce5945956c3a644a18895a69eac7f350405e5a6fa37ef5d7969ee1dd1ebd2d8696398735ceca4ea9229503bc2ab3a7be1ba18731a108f25326b', 'SUÉTER CON FLORES', '160', '44.827', '290.00', 'producto.webp', '', '2024-09-20', 0, '2025-01-28 07:35:26'),
(91, 'suéter_con_flores', '5J0xhli9wQh9fJE7', '584c331d3a854e1bda495acb3b6b8a2072bdc82c61d79b08e5658c1a0c6ea89e55bc03579113fa2882c20b019f82a0c9a4723295e8d142ca5b4e4390491b9d1a', 'SUÉTER CON FLORES', '160', '44.827', '290.00', 'producto.webp', '', '2024-09-20', 0, '2025-01-28 22:19:30'),
(92, 'suéter_de_lana', '6OL7lHw85RnQJdOT', '214edb3d70252e5773a6849131cd6e98ae484830425deefd021f7c3ebbbbfe53c993e06a5fff2ac8c618d11660e3504637b169a00eb58f7d451af69a7128efcd', 'SUÉTER DE LANA', '135', '46', '250.00', 'producto.webp', '', '2024-09-20', 0, '2025-01-28 07:26:23'),
(93, 'suéter_de_lana', 'eSYm6bLMWv6ZXspx', '7ff2ecd137778a2790ebf7efe1b7d3dce4eb95a53a17fd930c39823fbfad9c990ff54bca41dbd547af225182ac8d88beec6ed19eb3a69f5cc1da543ecdf3ed4d', 'SUÉTER DE LANA', '135', '46', '250.00', 'producto.webp', '', '2024-09-20', 0, '2025-01-30 01:00:15'),
(94, 'suéter_rayado', 'k0PhFFDBHlRlbhjt', 'bf7d7f6c4d936c27bbf71ff19867b78e2c9c9e11eea48ab8178767996dee123fc325b543f8957ee1a4d46b9658e51f05fd36f36c1969bb4b944addff720c44a1', 'SUÉTER RAYADO', '160', '44.827', '290.00', 'producto.webp', '', '2024-09-20', 0, '2025-01-28 08:43:21'),
(95, 'suéter_rayado', 'DujZUBhIpf403gY9', '47fc4963de4c9109b622c2286b737c4d86129a65ebb8ced36a137df23875c81c496c482cedee9e6d6de9fefe15c8e5c95067244630571dfad2756728b95a9983', 'SUÉTER RAYADO', '160', '44.827', '290.00', 'producto.webp', '', '2024-09-20', 0, '2025-01-28 08:30:19'),
(96, 'suéter_rayado', 'KyQQARldol1VdkBy', 'c45aba1126a4ac5d76ddbfdd36d0c0a93176ea43e722f04c4db5cb758e9cf704935052c316c2156b460e1d1d566045708a49ca1994baf8f6395d2cfcc931af6c', 'SUÉTER RAYADO', '160', '44.827', '290.00', 'producto.webp', '', '2024-09-20', 0, '2025-01-28 08:55:09'),
(97, 'conjunto_de_falda', 'TLtj89wMYybr5CQ8', '5705a66863a3c4463fe2bec119f44c8ff532a050af7c3cffd3c54ab233e8afb1432260a2c99d93bce04bf58ce6940236a81cd0bb059e06a190fdc1d6af43e527', 'CONJUNTO DE FALDA', '220', '45', '350.00', 'producto.webp', '', '2024-09-20', 0, '2025-02-24 02:59:24'),
(98, 'conjunto_de_falda', 'Mt8VbxQI90e464C4', '026f6c14a393b597e1f3aca4b0484f5fbe1a6e80b9a6536b1acd2d95998fd675891258a0b4b51104705d0a7585e179101c14358ecf674e5e6176f16ea9f10787', 'CONJUNTO DE FALDA', '220', '26.422', '400.00', 'producto.webp', '', '2024-09-20', 1, '2025-03-28 03:56:36'),
(99, 'conjunto_de_pantalón', 'RBCvRlaqxNMLqgOO', 'f6d804a24004b21cf23fc7bcb5d81c0dfcb3bc20a8c6564f24fedd15319f516c116b4c44d419fdc9e7edd1321e3030485444faf3dbfadd9faebda96e5c7a558d', 'CONJUNTO DE PANTALÓN', '200', '50', '400.00', 'producto.webp', '', '2024-09-20', 0, '2025-01-28 22:42:26'),
(100, 'conjunto_de_pantalón', 'nJ6x4k1GlwXhKv5M', '9e51b76b9143b395f91b11bddebfe960d848a6e79f2eec68e8ef73923a916894a5208c107bdc05b1b7e9dab2956cfb35e590a9b8913fb16510961c15d53af4cf', 'CONJUNTO DE PANTALÓN', '220', '45', '400.00', 'producto.webp', '', '2024-09-20', 0, '2025-01-28 09:29:58'),
(101, 'blusa_falda_con_botones', 'rpHoaar8rVf5Dkqm', '78074a19c75b49da242a1f071d4c536f697cb858de1d917e6b4c2aff032c028ff19ef0713e99c048363e17504a6675b838b3ce3f088698c26ed3da4053f7c692', 'BLUSA FALDA CON BOTONES', '140', '46.154', '260.00', 'producto.webp', '', '2024-09-23', 0, '2025-01-29 22:40:18'),
(102, 'blusa_falda_con_botones', 'RumsP9ajicF4IZrH', 'a597f5e1fbdff4b513c8e6ecada7dd0ab92e5de026cb3108399fc6f6710ec7f566a3cc75727770336f82ecc3cb1b75ceed0e31028487997bcefcda0960f55001', 'BLUSA FALDA CON BOTONES', '140', '46.154', '260.00', 'producto.webp', '', '2024-09-23', 0, '2025-01-28 09:06:25'),
(103, 'blusa_falda_con_botones', 'Zxb3Obux99Y1ivcf', 'dc0de0efc8522d1b95e214f8c02e86fc01a4fa65b017545765e6d5c2adb0569928c9ae0138d616e971dac4a0ec01b3ca20192af5cbaeb403c43dc2737069a0be', 'BLUSA FALDA CON BOTONES', '140', '46.154', '260.00', 'producto.webp', '', '2024-09-23', 1, '2025-02-22 11:39:01'),
(104, 'chaleco_de_cuadros', 'dPMAYyfTlVFxoHcs', 'd8b7c0944c5952279922c63d707683823362d0533c9fb985fdc4b392857697c91f3714c3b2b27157e9aa052eeb7cdc75cdfcdb8fe2107e964cd8cb65ca9fd508', 'CHALECO DE CUADROS', '145', '46.297', '270.00', 'producto.webp', '', '2024-09-23', 0, '2025-01-28 08:45:54'),
(105, 'chaleco_de_cuadros', 'yPjbbsPjPWOvgDec', '157c0ec11f13a448c6f141070d9586c1a2cccfc4b6b23793caf3c3e1c77af24fbc9258a102cc7cfe4bb35e2b17cba42aef91ce0fec225aa07b6de8af58008504', 'CHALECO DE CUADROS', '145', '46.297', '270.00', 'producto.webp', '', '2024-09-23', 0, '2025-01-28 08:20:00'),
(106, 'chaleco_de_cuadros', 'rJUydMJfAefiuokW', '3461b4f2411f8784ede6db521dea595b91a3e46ea3e9dbf28aef682b6e3f7efc2e6101eeef04ff8a1a534067d7a7cae251f6ca69d2d51a48cf8639bdd3d0df63', 'CHALECO DE CUADROS', '145', '46.297', '270.00', 'producto.webp', '', '2024-09-23', 0, '2025-01-28 08:22:33'),
(107, 'pantalón_con_suéter', 'YbKbdO4R5SQTLZyJ', '97ba81a5956356e8d9cf59bb83016c057351288d6e1cc48c17b889e4b681f8f1f43932d3b7ff9c57e990adf1618c3c4a8e1f274a47cd31629d05c54abafc4c39', 'PANTALÓN CON SUÉTER', '245', '45.555', '450.00', 'producto.webp', '', '2024-09-23', 0, '2025-02-03 03:19:47'),
(108, 'pantalón_con_suéter', 'b8tYkbG0WQ8ARfoS', '26d7a991c22479644cf1ec5292d98def72b8f430d56f8ffe9e8a86cd8b130b30d49d1ebd502a62b45bc93b933ac482b4ee2b905b13036beaf0bfaf83b1e37f36', 'PANTALÓN CON SUÉTER', '245', '45.555', '450.00', 'producto.webp', '', '2024-09-23', 0, '2025-02-03 03:20:10'),
(109, 'palapso', 'kxwXdGtt7CsRUdsB', '2e8b2e67ff93c2b023c44616d10895fb3f7e821775ad718c58fc07904ceb6923da925a1edf6c0f38b9ed1e21c039b8808715639ab591885bab93312e93456f95', 'PALAPSO', '220', '45', '400.00', 'producto.webp', '', '2024-09-23', 0, '2025-02-03 03:25:36'),
(110, 'palapso', 'YxdzIM42fFaI6BjQ', '5141e577911d14b3f69c5d2a94cc96a575e2f44989a1db78c89bb1d6fed10d75548e372fedb7208f6ff939fd06f0fd2be9435ef31099204c50c8093aa159fa82', 'PALAPSO', '220', '45', '400.00', 'producto.webp', '', '2024-09-23', 0, '2025-01-28 22:06:56'),
(111, 'palapso', 'AMILgTNysUt2QZXy', 'be8efc463a316f00db3d5c7eee0cc04766c9a7ef41a27198e89f2b97e267fc8ff0c36169064aac8531782b4ae8ffd69478878bbf0e69ca8a18e30a3b56b244d6', 'PALAPSO', '220', '45', '400.00', 'producto.webp', '', '2024-09-23', 0, '2025-01-28 08:16:25'),
(112, 'blusas_de_cuello_v', 'fjeOPRr2sapvm8Ls', 'e4d4dae4ff42700f3f15dd13395df8950120fba0d205c3d8593d499360dcb58726525f6b5240424682ae6bb30cdf58c29a03665ab51017f23b5e64247fc2c2cf', 'BLUSAS DE CUELLO V', '170', '41.38', '290.00', 'producto.webp', '', '2024-09-23', 0, '2025-01-29 23:04:25'),
(113, 'blusas_de_cuello_v', 'hMcaT1QhfKIbt26C', '06c0bcbee81b82d27fca83c314b91ddbb5a014682de1ad5d6ddcfa003d5d9c8c87877812398551443ca87ab47de13b5eadf1dcdf45209660a3b8db14bf4525dc', 'BLUSAS DE CUELLO V', '170', '41.38', '290.00', 'producto.webp', '', '2024-09-23', 0, '2025-01-29 22:47:58'),
(114, 'blusas_de_cuello_v', 'frrdp1N3dbql4gTL', '2c1ca5e4e00293632db320c3c37aeebc3f413cb10e19d1f5f9c4ce5a8422781e8dbd916653bc0a0ad004c4affcc60154bb0ccd2e0f83364731f1fce31886be2f', 'BLUSAS DE CUELLO V', '170', '41.38', '290.00', 'producto.webp', '', '2024-09-23', 0, '2025-01-28 08:08:43'),
(115, 'vestido', 'fkpcF36JLjx28OAU', '8a761cb9082f145aedfc40a00fe1e8f6d425a386dd39891fcdcafe2be8434e23ee08b9bb660d0efe1589c3062571f622dc6aeb25acb55097e5edda312bb903e4', 'VESTIDO', '200', '42.857', '350.00', 'producto.webp', '', '2024-09-23', 0, '2025-01-28 09:31:05'),
(116, 'vestido', 'AbM23lJuzyjqrAA3', 'f8d62a7f69779a81d59f8d34e86d218ab5f81cd903fc3e410d0eb0b09f3accd0029e913d35430c10b43ba920da2c3c78d83b4ac78da136b9a74c068cb4872622', 'VESTIDO', '200', '42.857', '350.00', 'producto.webp', '', '2024-09-23', 0, '2025-01-28 22:07:43'),
(117, 'conjunto_chaleco_con_pantalón', 'cyALx8EDPKtvVG0j', '5b62421f3022a6320b1423a4bcb498d4e16f3dc0e38794fc1b1d6612f5c9d9d42264081c2524af04a985b0f1fdf92ec200f62457fc4b912fd01e9bffd4cb99a3', 'CONJUNTO CHALECO CON PANTALÓN', '250', '44.445', '450.00', 'producto.webp', '', '2024-09-24', 0, '2025-02-03 03:27:25'),
(118, 'conjunto_chaleco_con_pantalón', 'U1bOxZEYKLE4Juzn', 'dea79138859cdae19ae59a182a85ebabb2f5e9e72399ba82d4be5de1f7354d5cf8b37057febfbe81168d4042d3efd73a40588c8b37f2756f512986ba3f2024d6', 'CONJUNTO CHALECO CON PANTALÓN', '250', '44.445', '450.00', 'producto.webp', '', '2024-09-24', 0, '2025-01-28 08:04:48'),
(119, 'conjunto_chaleco_con_pantalón', 'XnVuweFIzlb0EWUc', 'c0dfc38247e3e515b120d97a15cf911817613d3e55903c067dc37cf109069cd5b8edf57d86e3cd54dc745046487728f6dadabd4a371f3381d454658eef4b447c', 'CONJUNTO CHALECO CON PANTALÓN', '250', '44.445', '450.00', 'producto.webp', '', '2024-09-24', 0, '2025-02-03 03:26:59'),
(120, 'falda_con_perlas', '7xyzQHZgRb7NPNaW', 'c5026c0d50e4f8709184d276d5c5e11078b44fe1c4173f76d71f4809ede1f965976bf1513400b95d65e226cce998bdc4054f1d1af52b5689385885ee847583e9', 'FALDA CON PERLAS', '125', '37.187', '220.00', 'producto.webp', '', '2024-09-24', 1, '2025-03-28 04:00:05'),
(121, 'falda_con_perlas', 'N5RdEBcNTK2HfwCP', 'ef792baeebd603d31604cfaa1e8689e30f61048faf4b7e8f377a364ae9c00caf7b334bba0fe12be6dbdb919574ab3144a8039449e9bebd21fda59aba59aece1c', 'FALDA CON PERLAS', '125', '37.187', '220.00', 'producto.webp', '', '2024-09-24', 1, '2025-03-28 04:00:07'),
(122, 'falda_con_perlas', 'WrXxVhPSKqDW5xrY', '6eca552a6d55ef475ee8d997c63cc7c8b4d89404bcdb01d5c51b83b9e2239fda1706c3ccbab3ff27769861071ccb29617f0f9e6afa9ef732f74062b3d6b2fc1e', 'BLUSA', '125', '43.183', '150.00', 'producto.webp', '', '2024-09-24', 0, '2025-02-24 02:58:41'),
(123, 'abrigo', 'qkUFwBH0kU1skOHX', 'ad6bd0179f2e132c9e4aa2cce70fc758722484270234b0a7c93cb8c9b672a342a30061c22595bc710ea1bf2fb80a121c00a476d02ddc6405662aff9758e5cd8f', 'ABRIGO', '385', '34.746', '590.00', 'producto.webp', '', '2024-09-27', 0, '2025-01-28 22:34:47'),
(124, 'abrigo', 'eM1UocQh6YdC45xM', 'fa24de8ae123955a65553322c1a60f850f7bfc29c4cad843c302808daa336a54f21be8bcc5ebd15e64fa19e00b32672c288362edf46e3c472a2dae5168f6b7c7', 'ABRIGO', '385', '34.746', '590.00', 'producto.webp', '', '2024-09-27', 0, '2025-01-28 08:02:58'),
(125, 'abrigo', 'AAUSeT3WNXJb4m2Q', 'e915ec9c62eee33d003aed92bcb85cb4c971db0bd58d19fbe0fcff984a8db3d98734963a7e79f5125f27cca7315d779355287fcf5f2eb8e33eec43347a71b395', 'ABRIGO', '385', '34.746', '590.00', 'producto.webp', '', '2024-09-27', 0, '2025-01-28 22:12:02'),
(126, 'vestido_con_banda', 'lT7eR6OnVnHVP8VW', 'f1ad380bed842868b2d514057c3f3afd6b6393528e7cbbba1a21f2003ee16cfc3a6e850fc17bed229bb76024f5e41725f80620b13812e29c8c4bd555e65ca5fd', 'VESTIDO CON BANDA', '205', '44.595', '370.00', 'producto.webp', '', '2024-09-27', 0, '2025-01-30 00:25:01'),
(127, 'vestido_con_banda', 'upOPH2Yvn5BNp8cO', '6a2f40c46708464aae20114e57ea539664cf4a34dd248eaee0ec230326c4356c8d209247591ed5e7b50676d880675fd64d3c13cb808bacf1f2551afa892ec255', 'VESTIDO CON BANDA', '205', '44.595', '370.00', 'producto.webp', '', '2024-09-27', 0, '2025-01-28 09:09:02'),
(128, 'vestido_con_banda', 'NhomJSKoxDKfKBZN', 'e5cd64e6ff310cf291af6385caf67fedb47cd32893c25c791ce375535bdce3a4e3b20dc2332694e130454abf9ab3daae866f0a5156b37374d64ac84b2c763788', 'VESTIDO CON BANDA', '205', '44.595', '370.00', 'producto.webp', '', '2024-09-27', 0, '2025-01-28 09:11:34'),
(129, 'pantalón_afelpado', 'dokfBHQy9Ldy9PoF', '69906113d09b761cfdc8e4c678a72f799767bae4d215e9e387111dd450c10773d036b02486b0505f7f5df8d0635ba458fb6e5db64cae656bb5e7c97dc8956e37', 'PANTALÓN AFELPADO', '145', '44.23', '260.00', 'producto.webp', '', '2024-09-27', 0, '2025-01-28 09:34:00'),
(130, 'pantalón_afelpado', 'kfsmLZO8y6ZyquH0', 'f12a0a61fbba213fc056692229da91c6692ff2b97510f32044ba27fa6da268ba09a9255121839412e54f6af8f1e12dc504856e801ef3bc3a7c77c808b253a4c5', 'PANTALÓN AFELPADO', '145', '44.23', '260.00', 'producto.webp', '', '2024-09-27', 1, '2024-10-09 02:08:45'),
(131, 'pantalón_afelpado', '9TjwC0CFnbsSUF23', '90d457b84270bd8f0f0d5cfe251939e0cd83f36ac71c9dd0ec1e0b561e37d2caf320b296b40c400d810b0e7cc975f24f5151b8b12c07631b2bdc0c074ff82ff5', 'PANTALÓN AFELPADO', '145', '44.23', '260.00', 'producto.webp', '', '2024-09-27', 0, '2025-01-28 08:48:32'),
(132, 'pantalón_afelpado', 'FYo1JEWCvzSw5u6O', '4e6d1c71d657f92a41b0bc2c794ec31ed83d168468978fa4d6d3af0f7abb1122a3d20cd72058f4b595e569509e201967c9d1ec01af0c0516a3a80a42fc5296a0', 'PANTALÓN AFELPADO', '145', '44.23', '260.00', 'producto.webp', '', '2024-09-27', 0, '2025-01-28 22:44:54'),
(133, 'suéter_largo', 'oylsaVBBFJuuGERW', 'cb21f3b5245c212451432ae9ccd6bfce702ed37564da7fe87245c937b6f14948aa74ca8855b870587362b60502634089ad3989eb3329ed8db77052e47c893db0', 'SUÉTER LARGO', '160', '46.666', '300.00', 'producto.webp', '', '2024-09-27', 0, '2025-01-28 22:30:32'),
(134, 'suéter_largo', 'CwlRvfVIC70vKXkZ', 'a5b7c4c48cddea70020d165246595c14d0b3e45aaab2c47db2d4ca4ee1e429d7aacb7ccf7d5d1451b9f502eb5db8fee361a9d084f7e1ee40821f0d8bce8fca38', 'SUÉTER LARGO', '160', '46.666', '300.00', 'producto.webp', '', '2024-09-27', 0, '2025-01-28 08:41:48'),
(135, 'suéter_cerrado_con_flores', 'GgX29BO7Fer05E0I', '5fa1eead2f138732baa539d79ae49b89cc0313c4faa0a8654e3bb57c143f8fe35d9cae0049fd5f1a9a6e84f4bb6e55c420b3a2d629ca106c1ec6cb8b35159fb7', 'SUÉTER CERRADO CON FLORES', '155', '44.643', '280.00', 'producto.webp', '', '2024-09-30', 0, '2025-01-28 09:02:31'),
(136, 'suéter_cerrado_con_flores', 'yBjMobjlKhRJEISl', 'fc7898c06057b175fbd2a0f83caa36cb22f239b35bde4854669ed3bf54bfdaa74a5446859082e216f79647afd3250034811b6a5ffbcb31959951af554caf6ec9', 'SUÉTER CERRADO CON FLORES', '155', '44.643', '280.00', 'producto.webp', '', '2024-09-30', 0, '2025-01-28 23:09:52'),
(137, 'suéter_cerrado_con_flores', '9WAn8CVNbjrwGjIc', '8566950aee94ba20fa2994252f7903149232e9410dbdc62ee6d93dfad09601d3bb3c267f4e71ab9589b5c28da636ad154fb0ae42023d61c8d32e524dc6f14267', 'SUÉTER CERRADO CON FLORES', '155', '44.643', '280.00', 'producto.webp', '', '2024-09-30', 0, '2025-02-03 03:32:24'),
(138, 'suéter_largo', 'SKp0GZt744qt4Xpk', 'df911b3dce7d596c86cc9bc5bac857b2c4ea901a5df2e1c2ad86e000e5f216e7943ebd8f0a6be32e1844017f9416e935341bfd3ddd4e10dc62c830519a140060', 'SUÉTER LARGO', '160', '46.666', '300.00', 'producto.webp', '', '2024-09-27', 0, '2025-01-29 22:38:44'),
(139, 'blusa_con_cierre', 'oyvJKYPaEXCXyXS9', '11ae95444846b8972fbdf65978acbef306f0479647aeea8731a53db66a93206f409288a992e067a7b09a994624b35144065b1b69691b8cb16a544732d97b5211', 'BLUSA CON CIERRE', '150', '46.429', '280.00', 'producto.webp', '', '2024-09-30', 0, '2025-01-28 22:15:17'),
(140, 'blusa_con_cierre', 'hFI2IsrIC6TX6iFj', '62dc2e78355462a76a30a7e2bd1859d7235297636eb05d24520fa509fa26fb607a5ad7d4679b8abf5c45a7e16aed389ce54e87b91c142fa2f66a49220881f003', 'BLUSA CON CIERRE', '150', '46.429', '280.00', 'producto.webp', '', '2024-09-30', 0, '2025-01-29 22:28:13'),
(141, 'blusa_con_cierre', 'KH3Ak5fO01nHBkeZ', '6cb63fe8b1c3a8fb8dd5526d0fb889ef978deb0d21d600c157736140008ea2fe612b56a80d9c506cab9bfe8ef696316594fe2f3d27d8804e2ba4fccd69c3b87f', 'BLUSA CON CIERRE', '150', '46.429', '280.00', 'producto.webp', '', '2024-09-30', 0, '2025-01-29 22:49:14'),
(142, 'pantalón_de_vestir', 'JPn3N8zBpIy2bKgH', 'c0437907dac73903eba539051342ca21d7915aa69d5f74050b978654f16544f3afbeb836c39c996c811a4a34da3d7f60dc3d55d5d8b727fcb89419d3e58ed088', 'PANTALÓN DE VESTIR', '194', '48.948', '380.00', 'producto.webp', '', '2024-09-30', 0, '2025-01-30 00:24:12'),
(143, 'pantalón_de_vestir', '959lqkh1lQLL1QKR', 'aad177ea2a5c99d114ead732b4ab5aaafe50fb76d7068f4c5d820d25d84e13ce56afc267d00262b96398ebe8e335480205cb097dd143d7dd010fc7aee42ba4f6', 'PANTALÓN DE VESTIR', '194', '48.948', '380.00', 'producto.webp', '', '2024-09-30', 0, '2025-01-30 00:16:04'),
(144, 'pantalón_de_vestir', 'tyVRAR3iE1iOjE4q', '6a718ab8111a687bf838e855ae5d084728c44655af09b3b3fca80c7cc1cbc1d183d91fa529f6244e132396cb3ab520edd0a7697c41da20af879c8ec98f7dd2cf', 'PANTALÓN DE VESTIR', '194', '48.948', '380.00', 'producto.webp', '', '2024-09-30', 0, '2025-01-29 22:15:37'),
(145, 'pantalón_de_vestir', 'BuXtUsLF7Hl65Tke', 'fb484e99cb9838fc6b9bc771ca7331c1840b32f3c16a5806e15129426fdfbdfe7f643e67cdb6bd1efd72c48a79f9d8de05dd390976e209bc1a1f143a20ebf2df', 'PANTALÓN DE VESTIR', '194', '48.948', '380.00', 'producto.webp', '', '2024-09-30', 0, '2025-01-29 22:19:09'),
(146, 'pantalón_de_vestir', 'LDXt3apMtmnNxgrO', '38d99b0e50dc86c467d67080ef01da6d8f2f3f679f0e1eeadf1783b7304815ae4f35023793ecc4f545a2857e02f49eedaf86312609e9156e30bf505a7b5f97eb', 'PANTALÓN DE VESTIR', '194', '48.948', '380.00', 'producto.webp', '', '2024-09-30', 0, '2025-01-30 00:14:52'),
(147, 'pantalón_de_vestir', '8ynWOe0L5pomq9SY', 'ffb4773650b22816c15e6274c67ffff9b5b3a64985ae00725226b27bfaea1b3eb3d44b5f5d50ddfa85ac552c5de494d32186acef50f9c776b48ec20902b96124', 'PANTALÓN DE VESTIR', '194', '48.948', '380.00', 'producto.webp', '', '2024-09-30', 0, '2025-01-28 08:59:23'),
(148, 'chaqueta', 'EJnIxoQ7ylcjQkwt', 'a175a162fb8af96ad49079c465ba8d1e720d0dbb814d6230e3b9ef7255205c08a0de4432ab58000f3be345ab4b2ef84b4f04571f060fac660f435f9b4baab368', 'CHAQUETA', '239', '46.889', '450.00', 'chaqueta.webp', '', '2024-09-30', 0, '2025-01-28 22:23:51'),
(149, 'chaqueta', 'yObdOI8MGCeQWq4t', 'ae9e9ab61b5b81d9b4eda22e12e573ba78f100e385ead29cf2e38115fd62e1d1ab61707d5dd40f33f6d52fc710a0010a4fb99315c88d3b53f229d03b7d26fa43', 'CHAQUETA', '239', '46.889', '450.00', 'chaqueta.webp', '', '2024-09-30', 0, '2025-02-03 03:30:17'),
(150, 'chaqueta', 'ddzx1m294GzfQeVd', 'fbfe957432e804dc0853ea417a3c5f79f5311ba5d0a8a3995878ee8a27818f37199cea48c7092660b84b4fe9731f82fd15a45c241ea4c0fcf3aa5a5dc820f1f8', 'CHAQUETA', '239', '46.889', '450.00', 'chaqueta.webp', '', '2024-09-30', 0, '2025-01-28 22:24:13'),
(151, 'chaqueta', 'flNsObhLLGgvvbET', '82c03919e416737920d07fed17ee97d4c6c4cf25564e878571dabd23b5cc1c4ff95e6e9c1c979920c978ed1c32befbc071532fa5804afa81d7daac392901ca44', 'CHAQUETA', '239', '46.889', '450.00', 'chaqueta.webp', '', '2024-09-30', 0, '2025-01-28 09:07:26'),
(152, 'chaqueta', 'CaEX0yaVPwddH6hy', '9f276adaf79a1c5988704b23b886aa7bb0477ba7e143657a6057cdb62b55d2c53291d6e1479da9b960adf665f1ff06c6b54b90f6d7009db10ebc3abb3db74f2c', 'CHAQUETA', '239', '46.889', '450.00', 'chaqueta.webp', '', '2024-09-30', 0, '2025-01-28 22:08:24'),
(153, 'blusa_body', 'xWer3cUQiNG20mUM', 'f02187982406dc7c685c4656d4dbc1fc8868c2744858b20fe578b43c52fbe9ead9988d515aef0e7ba918974eac02b29133d82b3f107d1f15bf4be56139e7208e', 'BLUSA BODY', '137', '45.2', '250.00', 'producto.webp', '', '2024-09-30', 0, '2025-01-28 22:18:06'),
(154, 'blusa_body', 'B5QD4LVp9C0TJMtZ', 'e820b8678ca58403310747ce1e9885d9c0c1338f8500803583a9afd93cd4932ca5aef300a0ceb1b7e4ec2c15b6ffd1c4568eb81f53cf95d57eba7272100f2220', 'BLUSA BODY', '137', '45.2', '250.00', 'producto.webp', '', '2024-09-30', 0, '2025-01-28 09:08:07'),
(155, 'blusa_body', 'XZAUDMAJoIEvg3Zh', 'e316072cc25761174321a7a42ae0172825785a13a48284621f42ce9684de8d66f2df164ad607b67e4fa662abccad0186d490d6b1bdb37e1ea1b0e3fe306d18df', 'BLUSA BODY', '137', '45.2', '250.00', 'producto.webp', '', '2024-09-30', 0, '2025-01-28 22:25:19'),
(156, 'blusa_body', 's4ZlllsxHGGKaPUG', 'efb6e63f3b8c1191681b188ca9ad887dd1823aea8489b0ca34a77e4b41a2b777368b84573692cee34c30de5dec91f2834a79b13212cc01113c41e5e910b5a362', 'BLUSA BODY', '137', '45.2', '250.00', 'blusa_body_negro.webp', '', '2024-09-30', 0, '2025-01-29 22:33:38'),
(157, 'chaqueta_beisbolera', 'O72PVV9s8I3nIU1b', '07e45831ecae1afbb89b217b14c4ebb06cd6ea95e789f49405a8e2d5fb61c3a47c4e2e0c0c22c9863c8693e6501b4fdc134873f971056f0d505881ebb603c733', 'CHAQUETA BEISBOLERA', '275', '45', '500.00', 'chaqueta_beisbolera_c.webp', '', '2024-09-30', 0, '2025-01-30 01:42:18'),
(158, 'chaqueta_beisbolera', 'GhRj8dqTBP2PCfNX', '863e6f7175311805b0d0bb25783f59c3c98a958a8ab7621ea5e6b4460a90badf514cc4f14423ccc1deeb7ade86c9164322dc5b9d3f8abf3ab967de11bff66754', 'CHAQUETA BEISBOLERA', '275', '45', '500.00', 'chaqueta_beisbolera_c.webp', '', '2024-09-30', 0, '2025-01-29 22:16:30'),
(159, 'chaqueta_beisbolera', 'ZxH7rnLQnTSXZ2P4', 'd51f9a067a19a3c06a7fc50926f980f4e414eb8c73993ce605616818ed4239a41a6b8bb005aa8a6fcaecefb75c9d5c3b820edd6dec90b46557547c79c2c2ce74', 'CHAQUETA BEISBOLERA', '275', '45', '500.00', 'chaqueta_beisbolera_g.webp', '', '2024-09-30', 0, '2025-01-28 22:23:12'),
(160, 'chaqueta_beisbolera', 'zIU3Dtn5DTBieiAW', 'e72c6cd25b61755144933726c71f15f87b6e9f7dd5c8aa5031bcbd154958583add5899509462e062e87f05a5dddb5a13ea043dde9457537aefb60c00a6b4701d', 'CHAQUETA BEISBOLERA', '275', '45', '500.00', 'chaqueta_beisbolera_g.webp', '', '2024-09-30', 0, '2025-02-03 03:31:10'),
(161, 'abrigo_con_peluche', 'UNJ50mYdNxawN3kq', '75cb02f5aa05296f4d4946d91b28932ced7778fdf5e5483da3ffdeda22e84d3f8f47e09137a8c5d4fd78e6940245718d39201f1f8dbbdec2f85850137afb27c2', 'ABRIGO CON PELUCHE', '418', '800.00', '800.00', 'abrigo_con_peluche.webp', '', '2024-09-30', 1, '2025-03-28 04:07:28'),
(162, 'abrigo_con_peluche', 'TOAP7o4JwUlyHmXO', '0f2b00ecb37af17d8cbe5c46acca783c3026177773afb1cf9dc401600281834a3cff716a092688add11c4ba294e7787415106baf5e48a1ec7d43a544759060a8', 'ABRIGO CON PELUCHE', '418', '800.00', '800.00', 'abrigo_con_peluche.webp', '', '2024-09-30', 1, '2025-03-28 04:07:27'),
(163, 'abrigo_con_peluche', 'UWzD2vZi1wNGKcVY', '0784b0623b5ba9019c75132c9dfe0e26bbec051113dfd2de308ed85cf76a2be67ccff83f426bf946852bc39f904d845a3edb9f987fdaacc910fc826fa0429b27', 'ABRIGO CON PELUCHE', '418', '47.75', '800.00', 'producto.webp', '', '2024-09-30', 0, '2025-01-30 00:09:08'),
(164, 'vestido_largo_con_botones', 'Obgn5Xx3gCumcfax', '64d4b80d16655a471ac5dbab8d234bd08d11a70604472f39f48163913e8068ede82dc6c11f72df19c0b030073c7adf6c62c85333e38b9013cafd15eb7ad183cf', 'VESTIDO LARGO CON BOTONES', '257', '45.319', '470.00', 'producto.webp', '', '2024-10-12', 0, '2025-01-28 22:53:00'),
(165, 'vestido_largo_con_botones', 'y4aczMXjNMth4jqX', '59f0caf68f33701886744335900abbe545dd4aa03e63fd5e31031bdd6ee5ad0bc490bf84bc6623338ab567fc6f307609c4482310150ad7e28cd6ef550b80e5e9', 'VESTIDO LARGO CON BOTONES', '257', '45.319', '470.00', 'producto.webp', '', '2024-10-12', 0, '2025-01-28 23:13:23'),
(166, 'vestido_largo_con_botones', '71NF93eFORWPbMeB', 'e53f6b06ae2f36c28f730bf8ac23d907d3ad13eb2389521d606ee0f70cf5fb0512a71590b6f475095b4cbe8dee71f1d3896564b94d0445649229214247d94a9f', 'VESTIDO LARGO CON BOTONES', '257', '45.319', '470.00', 'producto.webp', '', '2024-10-12', 0, '2025-01-29 22:26:40'),
(167, 'conjunto_chaleco_con_pantalón', 'LiOHcMcwxgX1i8X4', 'bf0fe3f18cf7d43cd27fbf8aabdac3c7ce19444b3ad600ba672c5361b2304dde8716e2690591e285202b363a70cde569a0e1241fd111c4eaf1d44964e730d2cb', 'CONJUNTO CHALECO CON PANTALÓN', '250', '44.445', '450.00', 'producto.webp', '', '2024-10-12', 0, '2025-01-28 22:47:04'),
(168, 'conjunto_chaleco_con_pantalón_con_listón', 'pdw1G32192RbZpgR', 'fc9fa8a7d4eb5d9e30980098a220b94fbb41e75339ec111ba314f84d088b2144049629d7c3fe8dc46d1f9e5de13bcee83507159b664049a3844d8d8c201556d9', 'CONJUNTO CHALECO CON PANTALÓN CON LISTÓN', '220', '45', '400.00', 'producto.webp', '', '2024-10-12', 0, '2025-01-28 23:18:03'),
(169, 'conjunto_chaleco_con_pantalón_con_listón', 'f2jCPgAI32jGgQfh', 'e57b5c89efc3e0da300d5ccf843517b1dde3e565f6b2dc445f77e2582da08fa7c6db242e4d1f55a47d19879457c35181e1f358f9b6f6e734a4af876564bf21a6', 'CONJUNTO CHALECO CON PANTALÓN CON LISTÓN', '220', '45', '400.00', 'producto.webp', '', '2024-10-12', 0, '2025-01-28 22:24:47'),
(170, 'conjunto_chaleco_con_pantalón_con_listón', 'rMf4qaEpVjl6SC3f', '562055c0ff33ef6ce8d93a95a7c9488a9ca18ca9bd335790f73fa0f63387cf7b8ee82fd349caedfae7888efac6a34134047b988d00eb6116ba00f34e60e60dec', 'CONJUNTO CHALECO CON PANTALÓN CON LISTÓN', '220', '45', '400.00', 'producto.webp', '', '2024-10-12', 0, '2025-01-28 22:33:46'),
(171, 'suéter_de_lana_rayado', 'nUpS0xeXjl6LrefQ', '2d7f270b944be5521f381b43ba11d469fd19557dc0122dae95ec40b092bc153cd3bc69200744da075dda55303f844721fa03f5b2a1d515e8b72bddaec9e1a2ab', 'SUÉTER DE LANA RAYADO', '120', '52', '250.00', 'sueter_de_lana_rayado.webp', '', '2024-10-12', 0, '2025-01-29 22:21:19'),
(172, 'suéter_de_lana_rayado', 'jijOYdMLBt74qxU7', '9ec2c941adb21c8346398921f56d96d976ccfa1db6a8ad5778f1490f26d14f30b1d7abb2747e2d3237ffcffcd3251346c644cefa3925efe28f18c7831b794f4f', 'SUÉTER DE LANA RAYADO', '120', '52', '250.00', 'sueter_de_lana_rayado.webp', '', '2024-10-12', 0, '2025-02-03 03:33:36');
INSERT INTO `tbl_boutique_productos` (`p_id`, `p_url`, `p_token`, `p_token_encrypt`, `p_nombre`, `p_precioCompra`, `p_ganancia`, `p_precioVenta`, `p_imagen`, `p_qr`, `p_fcompra`, `p_activo`, `p_fregistro`) VALUES
(173, 'suéter_de_lana_rayado', '8cJyweJJP7AHZLVt', '2d27ce77c1a4af24900335dd919fd31000f3aa8f6cca19923390b566e575bcb0db6df0d07f5aaf568620a26762b2548e1a2590378ea5a428a989f28c27e39dde', 'SUÉTER DE LANA RAYADO', '120', '52', '250.00', 'sueter_de_lana_rayado.webp', '', '2024-10-12', 0, '2025-01-28 22:22:42'),
(174, 'suéter_de_lana', 'Spxqp3jWVks8ja64', '125dcc318126067645b42b1b87fe2cf4298a8f51ed4c8dfe4e11eb7d5d134343aacaf899ad27b3ffa29e2a21c6e8332b4a4f86bc1a5f56673f5df831d5ec2ec0', 'SUÉTER DE LANA', '130', '48', '250.00', 'producto.webp', '', '2024-10-12', 0, '2025-01-28 22:21:24'),
(175, 'suéter_de_lana', 'Re75JG6oYW7QBspp', '1467872acbbf525dd963f19d93522fbeec23441f5e7e0fab4e1d36db65281140bc695939de728a1bc9eacea598d2538248ecd42127ef2c13f55290fad8fb7ccc', 'SUÉTER DE LANA', '130', '48', '250.00', 'sueter_de_lana_beige2.webp', '', '2024-10-12', 0, '2025-01-30 00:36:16'),
(176, 'suéter_de_lana', 'JzOAOczHlpcGBpdY', 'efd70a9fb62912a6b0aa454c3053a6fba062c2071f8d35e69424931b1544741c11a3cb2c0938d69b281160899ef4ee369b6f63290c4a39cb0f8986a3cebbbb9d', 'SUÉTER DE LANA', '130', '48', '250.00', 'sueter_de_lana_crema.webp', '', '2024-10-12', 0, '2025-01-28 08:10:36'),
(177, 'suéter_con_flores_cerrado', '9WINRSmgq47b0nMW', 'ae3a1d398ec3debcf302e16e0e654cf5de44d61a505ad2854bb1f94125c53e48b1e6a7bc59021fadc804971d192db7d3e15adaa4845cff11200557d55cadea79', 'SUÉTER CON FLORES CERRADO', '155', '46.552', '290.00', 'sueter_con_flores_cerrado_shedron.webp', '', '2024-10-12', 0, '2025-01-29 23:52:02'),
(178, 'suéter_con_flores_cerrado', 'EEaXmcDadXcf9C5d', 'ff694c077b576c087d7cd8b826178d2ecd5271807105de49d609ba18131a0a9bdc547ad546ffa6f60b79d9b6185ac26db63f2ae1ffda869ddb4469ffb5f57fec', 'SUÉTER CON FLORES CERRADO', '155', '46.552', '290.00', 'sueter_con_flores_cerrado_azul.webp', '', '2024-10-12', 0, '2025-01-28 23:07:04'),
(179, 'suéter_con_flores_y_botones', 'MWKvrCfDcNLkzhdt', '4700722542456a1ff29a4fe1417b0ecfc96d215db74233ad63b8b9ad4671d139fb5fa19f29cc7f8a6c1e342eb4d6ecb3d416be354db4ddbb5895716dcf3dcec3', 'SUÉTER CON FLORES Y BOTONES', '160', '44.828', '290.00', 'sueter_con_flores_azul.webp', '', '2024-10-12', 0, '2025-01-28 22:16:59'),
(180, 'suéter_con_flores_y_botones', 'YHGvu9WqDWU9scUI', 'e42c8ad1192bbcfae779238552f3b1858d325cdcdcf0007a47752376cdc58626883aa875242642782f1f180783ef83026febf8811d32d44ede75cfadf9decd8d', 'SUÉTER CON FLORES Y BOTONES', '160', '44.828', '290.00', 'sueter_con_flores_morado.webp', '', '2024-10-12', 0, '2025-01-29 23:23:33'),
(181, 'suéter_con_flores_y_botones', 'OV5qMNPe1MoYhq0O', '3e5086b1f4173c7245242621de24355ecdce6a8c409fad9a95fe2b3ba6cbf1c1c9302203cb3e1fe4cca21e7bcab1089049b7ec860028a637f90e0d2a9928d7a7', 'SUÉTER CON FLORES Y BOTONES', '160', '44.828', '290.00', 'producto.webp', '', '2024-10-12', 0, '2025-01-29 23:44:57'),
(182, 'suéter_de_lana_con_puntos', 'hX0eRqJ9RZPkzDcq', 'c66bfbd91a0a05218f665fc63c429b8341bd88925d54b85ccf757635d697cd070c365c032f664682a35aed53c0a0d45cbb7cc88a664ea109773a572ec14abb0d', 'SUÉTER DE LANA CON PUNTOS', '145', '48.215', '280.00', 'sueter_de_lana_con_puntos.webp', '', '2024-10-12', 0, '2025-01-28 23:07:37'),
(183, 'suéter_de_lana_con_puntos', 'XXGxi16hc5zmpaj6', '0e594957869697909b42cc986531dff2a1149769420b8aba43dec849316ae9fa347977f44e07447586d72040ca71f6e663dda8142acf442c21bd50ce6c8b99ba', 'SUÉTER DE LANA CON PUNTOS', '145', '48.215', '280.00', 'sueter_de_lana_con_puntos.webp', '', '2024-10-12', 0, '2025-01-28 22:59:35'),
(184, 'suéter_de_lana_con_puntos', 'zsXoVdUWI56sU6DJ', 'c5b3593de84621b67d73a420ca457583dda3537b6f83e915488d464394e825942b56ea1d7ead7e338c5844956c661e30c3f75ba1ca688ad473465d34d5978bdc', 'SUÉTER DE LANA CON PUNTOS', '145', '48.215', '280.00', 'sueter_de_lana_con_puntos.webp', '', '2024-10-12', 0, '2025-02-03 03:34:25'),
(185, 'suéter_de_cuadritos', 'n4FnTpVorWCZsMMC', 'f5690dd29a2073304bd6490e1842b3f26276e5d3bd5942503735036949bfbd577838494a7c25a1783f6fdfc9f2e9d62d579bb95c4eff292a45869a7c575ca5b0', 'SUÉTER DE CUADRITOS', '200', '42.857', '350.00', 'sueter_de_cuadritos.webp', '', '2024-10-14', 0, '2025-01-28 23:03:30'),
(186, 'suéter_de_cuadritos', 'x7NdW0Fbg0UCMQsi', '01caea2ce8157226a5a08247076ee2c15b12e28e63159e01a0a38d70e6962a37572106f0d8cc2b80673befaa3456121acf916f365ad5b22124fcf873e1433f40', 'SUÉTER DE CUADRITOS', '200', '42.857', '350.00', 'sueter_de_cuadritos.webp', '', '2024-10-14', 0, '2025-01-30 00:15:15'),
(187, 'suéter_con_flores_y_botones', 'ogt9n0CTF71mPD1R', 'c254f580284d98d67d2c7eaa857f5ffb9f1f52d15877dea04e929a9385d9aa617715fee0aeee8c3dc461f28590f172d869934ff2592f564314b83a69b0f19a41', 'SUÉTER CON FLORES Y BOTONES', '160', '44.828', '290.00', 'sueter_con_flores_azul.webp', '', '2024-10-14', 0, '2025-01-29 23:29:47'),
(188, 'suéter_con_flores_y_botones', 'Xm9fmz1j79zakl9T', '0afb575fe1bd6862d8112bdfb54c012d95a5ad27e486ed8397f65399636960394462c92a13ecff3164f8a233c3897ade657b4daccb71e40c7ad0366f187a6dfc', 'SUÉTER CON FLORES Y BOTONES', '160', '44.828', '290.00', 'sueter_con_flores_azul.webp', '', '2024-10-14', 0, '2025-01-29 23:43:32'),
(189, 'leggin_acampanado', 'mMfN9fJl9xmnaHus', 'e22f25de611242a707b334a0a5fb5c4b2025b65ccecb159f035e211cc54f98f6b5987379ad19bbaf1ec92dcaf98b2a539db524e5f482a919f4a53271c0b57dfd', 'LEGGIN ACAMPANADO', '170', '46.875', '320.00', 'producto.webp', '', '2024-10-14', 0, '2025-01-28 22:47:32'),
(190, 'leggin_acampanado', 'tYoC35c6JCKVhkuP', 'bcffb6f3d1ddfb3873b0bb0b64a8bdbbdf633b1e03d50bcd43eeda2afe2142733b7c008af6d7034719f38a2d9fd077f2391a1c641098782764c3c381b780a794', 'LEGGIN ACAMPANADO', '170', '46.875', '320.00', 'producto.webp', '', '2024-10-14', 0, '2025-01-29 22:36:04'),
(191, 'leggin_acampanado', 'w2dQzBtnqq7Mgq0g', '1737fb183f6959dce7d3ec9d536fdc20419482c0444702db10fd82c6921a7b04eeea33dd2bdb74f686bf1652096733f3d1a4bd49a97fe79cb102ff18bca3b6bf', 'LEGGIN ACAMPANADO', '170', '46.875', '320.00', 'producto.webp', '', '2024-10-14', 0, '2025-02-03 03:35:41'),
(192, 'leggin_acampanado', 'bhJh2hou6pfZKFV0', 'e56e5c2e446a3ef9557ea547eba23d14199a96bc9a1f733541e0240dd4265b94a26e964dca6d7390b17acf562e7949ffda0724e532dc6be8d189f4e61e51b520', 'LEGGIN ACAMPANADO', '170', '46.875', '320.00', 'producto.webp', '', '2024-10-14', 0, '2025-02-03 03:54:54'),
(193, 'leggin_acampanado', 'aSqqJhui9bfctxTE', 'd3af9779cd620086d6184b347dba689a510ea7abbc80ffdcf97c1852ac209e176b4a987e688eaea286c3bcaf12549278ee225a289c1820b06a857bab5b8f0cfe', 'LEGGIN ACAMPANADO', '170', '46.875', '320.00', 'producto.webp', '', '2024-10-14', 0, '2025-02-13 10:21:37'),
(194, 'leggin_acampanado', 'TjAgP1T7DzxJXcwJ', '7d6111d2f9f6629ea43164ffd25895d299f4422bc6dade72a0026c3e41629e9bac1848dcdf595813b48ffbcdefd360cf480e7ebfd3537d01965ca9dda710f4f3', 'LEGGIN ACAMPANADO', '170', '46.875', '320.00', 'producto.webp', '', '2024-10-14', 0, '2025-01-30 00:52:39'),
(195, 'leggin_acampanado', 'KlhEjpN7wKuhk9qN', '43ae99dde299c23997e50bf4d66769adc21ff2260cf6818b7e1911a03b1006f8d32972d49087b087376634971eb49e157aed9c49374d41f41d95b9e1612a2cfd', 'LEGGIN ACAMPANADO', '170', '31.728', '249.00', 'producto.webp', '', '2024-10-14', 1, '2025-02-22 11:43:12'),
(196, 'leggin_acampanado', 'lPKunwJIdSTNZD8W', '9faa047c88da0a0c94fa620b942b3e65ceb8238dc3448beb706790d381a853c71a96d76ffed8d1a3440e69901eaea6b754303c7184180124cb2f17e97e5b03aa', 'LEGGIN ACAMPANADO', '170', '31.728', '249.00', 'producto.webp', '', '2024-10-14', 1, '2025-02-22 11:43:19'),
(197, 'leggin_acampanado', 'ViRwbb8X7amXno4a', '290a5c5ce44fa9527848ea6baa00c62e15be95a0a882b3674922b7a0f26ba07f632bc860dba75f9b7b3097429eab0172abfcff874071bdc0b1199a358d51bb79', 'LEGGIN ACAMPANADO', '170', '46.875', '320.00', 'producto.webp', '', '2024-10-14', 0, '2025-01-30 02:02:06'),
(198, 'chaqueta_de_leñador', 'DRk2SastyXjx5N4P', '1e0b738effb58aa63bf2fb76a16dee9bd64c2d492405a9afe296602ba948bec12d390543efc5b03afe1a5290f183010b51cce2902c96d255f7ceaa97a1b3ee83', 'CHAQUETA DE LEÑADOR', '306', '45.357', '560.00', 'chaqueta_de_leñador_g.webp', '', '2024-10-14', 0, '2025-01-28 22:39:42'),
(199, 'chaqueta_de_leñador', 'jVr2PSSvLcQDjHaT', 'e6dece85c7cd0a5b388cc1ca2011c3a3246fe8fcc0ae775494916b7bbc722b21a93df4c7d0c433039da9713e5e194b919945da6ede7bc6425c4c01d6630b687b', 'CHAQUETA DE LEÑADOR', '306', '45.357', '560.00', 'chaqueta_de_leñador_g.webp', '', '2024-10-14', 0, '2025-01-29 23:37:44'),
(200, 'chaqueta_de_leñador', 'oH1Lo1HmenwAi5jF', '7a22e8e8aee0a2653436fad29e01888124e204864fcca9383ffbd4a591fe9701c7efc111a334c7c41670d00f3f301fef91bc09dccdef2b45d11d9ed11551e3a2', 'CHAQUETA DE LEÑADOR', '306', '45.357', '560.00', 'producto.webp', '', '2024-10-14', 0, '2025-01-28 23:06:39'),
(201, 'chaqueta_love_tree', 'wsnqShIE4SSMSm7K', '7bae1e447575bef7f4a8c1033dceadd3b6d9884fb73bec579239eb673ca52b84ddfca01120810b8ca040ff8784b2cdada9b4e21bd3a62534e90d1f57525d265b', 'CHAQUETA LOVE TREE', '247', '0', '247.00', 'chaqueta_love_tree.webp', '', '2024-10-14', 0, '2025-02-24 11:08:16'),
(202, 'chaqueta_love_tree', 'moNjxKg8tBXJN19c', '7d7165c3fbba54920c25ce1960b8a983037adfb6c920956eeda22fe7ab889e6e8a6421197b48a5196076dba8ea1317e1c1e97b51bced7ee8cea11052366bb07f', 'CHAQUETA LOVE TREE', '247', '0', '247.00', 'chaqueta_love_tree.webp', '', '2024-10-14', 0, '2025-02-24 11:07:33'),
(203, 'chaqueta_de_leñador_corta', 'AgqlHUWKkYnMsDpB', 'c882b8a859598fae36d71517fb0ea3d1513c64bb8d68e8eabedbe5f99f9c30ee425a7d83bca5abc360b7dc5b67c459226a60b7a39efb43acd87c7abd648ca157', 'CHAQUETA DE LEÑADOR CORTA', '262', '45.417', '480.00', 'chaqueta_de_leñador_corta_v.webp', '', '2024-10-14', 0, '2025-01-29 23:44:17'),
(204, 'chaqueta_de_leñador_corta', 'xJDEpOFzDhrtBVJP', '0f41051e63ee8f4b7522a083c6d9b27998dbf2ea346ccb62cd98d53633f3fb7870d9edcaa66f08a8d5c7db027c06d15af475a32261429801e7e93253bf4bf9fd', 'CHAQUETA DE LEÑADOR CORTA', '262', '45.417', '480.00', 'chaqueta_de_leñador_corta_v.webp', '', '2024-10-14', 0, '2025-01-29 22:52:40'),
(205, 'chaqueta', 'FMgZ0VByGFB1busW', '3df958b01f22040a6208678798bc0822239f7c8a4b6081623ca2b24ef0d9754093a9feb2a322eb506803777619f6158154ceedd9341a18d665ed24233799fae3', 'CHAQUETA', '239', '46.889', '450.00', 'chaqueta.webp', '', '2024-10-14', 0, '2025-01-29 23:15:43'),
(206, 'suéter_new_york', '5q5tUfMtEy6E81Vo', '050b62934862071f836d52bddbdd24f41bde6c6fc3f201c76c3a2373f60bd7dbe53bce1e7bccd53650a9743ba272af87c61d78809b0d98988787b3a7741af80b', 'SUÉTER NEW YORK', '229', '41.282', '390.00', 'sueter_new_york_g.webp', '', '2024-10-14', 0, '2025-01-30 01:14:33'),
(207, 'suéter_new_york', 'W0WYF6hCMK9wIjxM', 'd14e0ae1106bb1b110861e3d931f949640209a8bd31c37b5a7daee241bb3d28843de9aba87259593148c6c823f2b366555bce92159ddc9948ddc40f9255423c5', 'SUÉTER NEW YORK', '229', '41.282', '390.00', 'sueter_new_york_g.webp', '', '2024-10-14', 0, '2025-01-28 22:50:48'),
(208, 'suéter_new_york', 'l9fufIfRDvKBuyBW', '644c0fd9373d5f27ed70401d6da3c0314fd8188db01e85046c8342672024d3ed395157cdf27233558d9cfbd28ab68d2aa2aa208cbce3d7298491e641f5ff0785', 'SUÉTER NEW YORK', '229', '41.282', '390.00', 'sueter_new_york_b.webp', '', '2024-10-14', 0, '2025-01-29 23:14:35'),
(209, 'suéter_new_york', 'X7TAUFgJgJXKh1h4', 'fd8d35dbab602766b04ee92b70374bcac91321975bc2cf546dd165fa039080dbb3553450c6164e1782c2c103510ee009f437f0f2912a3b20cffee5b427c91d71', 'SUÉTER NEW YORK', '229', '41.282', '390.00', 'sueter_new_york_b.webp', '', '2024-10-14', 0, '2025-01-29 22:30:06'),
(210, 'suéter_new_york', 'Gc4Jop20JtWgZ2ko', 'd1f8c994a3ec1de029a6a91c7d495322ae16a76dc203600757091c509dd57401a0ceab45d5edccc2c2e0428df99e922ad437b3354efec9a0d95bcbac1150a565', 'SUÉTER NEW YORK', '229', '41.282', '390.00', 'sueter_new_york_v.webp', '', '2024-10-14', 0, '2025-01-30 03:39:01'),
(211, 'suéter_new_york', 'bLYwKm7U0AqQTBO1', 'a37605d788bf077520871ba5124c8f7a9ef93b6011fd5a8250f87209c0f5e8b440e2a991f1c970f12046e31a0df2562582cb820d57f5a79d20ecd3ac070ef0c4', 'SUÉTER NEW YORK', '229', '41.282', '390.00', 'sueter_new_york_v.webp', '', '2024-10-14', 0, '2025-01-28 23:05:29'),
(212, 'chaqueta_beisbolera', 'RmX3Mnz2I90CBQfl', 'f483dfc24a2a3017dbf11300f3b44c05fd2e02ce40d2427aa58f6c520eeb28773babef15ca4040ee3fa48c5d161721bcb26473729b385a680faeac31b76892b8', 'CHAQUETA BEISBOLERA', '275', '0', '275.00', 'producto.webp', '', '2024-10-14', 0, '2025-02-24 11:53:05'),
(213, 'chaqueta_beisbolera', 'IkCzma8l7wINXyrO', 'ac013e756dc499da53e2725073f23f5fcb9dd3f1be0d0184a7e35fcc52b6a64886b335597f2cb2fb368d5026c6874eb80c3ab8525877e4caeb8cc03dc6574b58', 'CHAQUETA BEISBOLERA', '275', '0', '275.00', 'chaqueta_beisbolera_n.webp', '', '2024-10-14', 0, '2025-02-24 11:21:00'),
(214, 'chaqueta_beisbolera', 'nxWKJpUFILQxy1HH', 'ec4ec47981359238e2d8afb5db5ff439e3543ca410adb4d2ca0b31e7de3488220779c23aa59aa281031137c378142b2feea8163a10225d8507c13b672bc39dc3', 'CHAQUETA BEISBOLERA', '275', '45', '500.00', 'chaqueta_beisbolera_n.webp', '', '2024-10-14', 0, '2025-01-30 01:31:54'),
(215, 'chamarra', '8unZlLAb5ts9mMon', '4f88619906e2be4b009c1eb0716ed0ccbe6badc2204c619bf87fc20994857c37707020bcac45e5902f99e0dda4b695e8cd76b590230c97723242ade352fd5aa2', 'CHAMARRA', '282', '48.727', '550.00', 'chamarra.webp', '', '2024-10-14', 0, '2025-01-29 23:42:01'),
(216, 'chamarra', 'Z154WUcwUqh5kIw7', '3d91aa47fc1b1c17320796e820ac76c5f094665378cb77a67b1ed753d9f2636ff56dbf4132af582fd625144a467c5efd8f63e931381f163f02d7dc317059e9d3', 'CHAMARRA', '282', '48.727', '550.00', 'chamarra.webp', '', '2024-10-14', 0, '2025-01-29 22:39:12'),
(217, 'chamarra', 'oz7DbiRYxlyY0aP2', 'dfb0208aef3c5d4eea2d89e67274b39d649766a9f4df82fed56fe101508b8c09591809adc5acc5765f0ef5f962cdfb2d6bd155145cc0aee2a587360321618e7c', 'CHAMARRA', '282', '48.727', '550.00', 'chamarra.webp', '', '2024-10-14', 0, '2025-02-03 03:56:08'),
(218, 'chaqueta_de_leñador', '5uqTqxwkcvMCmG5f', '53e40fad02c5841863eddbc401afd036611f64dea1ef760aebeac7ec0de76e732d1a2084b3881441637721487415a6e6f28b6c64d74070d0a64ab1efa398322c', 'CHAQUETA DE LEÑADOR', '306', '45.357', '560.00', 'chaqueta_de_lenador_b.webp', '', '2024-10-22', 0, '2025-01-29 23:08:24'),
(219, 'chaqueta_de_leñador', 'Q9z3uabsPfDVywbJ', 'cc30fa867cd34ad34e5470128ae77a32091e7ae167b637dd2c078cbedde2083e96468f9250368d85d48d84d64ce6d9da5244aeb17ffc5cbede5d35a2078e5b3c', 'CHAQUETA DE LEÑADOR', '306', '45.357', '560.00', 'chaqueta_de_lenador_b.webp', '', '2024-10-22', 0, '2025-01-30 01:50:39'),
(220, 'chaqueta_de_leñador', 'Az7TBVTpV6ZuaYaP', 'db01dc72cab2ceeef25937715619de4fcf7f13e2af54f5e631a67d157f0b68c3d895a463f4eb59bed827a47231320a704b73449af5c5c4fd195676dd276d094b', 'CHAQUETA DE LEÑADOR', '306', '45.357', '560.00', 'chaqueta_de_lenador_b.webp', '', '2024-10-22', 0, '2025-01-29 23:36:18'),
(221, 'chaqueta_de_leñador', 'ZDcCbc1pR5AbushG', '2bb8a8fac6f03844fff16187ed5a21d6de968d2b7f752f9123ef608d5e12494c1914a318ae89a8243e914d6c20bc4abfe1c99cbbcdd4fcb029d2dbdaedaab8cb', 'CHAQUETA DE LEÑADOR', '306', '45.357', '560.00', 'chaqueta_de_lenador_n.webp', '', '2024-10-22', 0, '2025-01-30 01:23:04'),
(222, 'chaqueta_de_leñador', 'EzwVRYV02I7c9KP8', '53655d0f1ad8f13f05633b603391851401a1829713ec72265e0e14c20faa6addb2dbd91068f85451bce62b3bb8acb93cd75f850f7d248ebbe14a32ceceada598', 'CHAQUETA DE LEÑADOR', '306', '45.357', '560.00', 'chaqueta_de_lenador_n.webp', '', '2024-10-22', 0, '2025-01-30 01:03:27'),
(223, 'chaqueta_de_leñador', 'Yd9Wx1tmLqykselX', '415a821724c9ed7eb9e665a90bd2359833813537e8c4514de6a10b0aa3b73dc0ca0f447070c0e5e16187c2c72cae1b246f0f9905379098a0aecfaf78fba4c933', 'CHAQUETA DE LEÑADOR', '306', '45.357', '560.00', 'chaqueta_de_lenador_n.webp', '', '2024-10-22', 0, '2025-01-30 01:37:48'),
(224, 'chamarra_peluditos', 'LEnyJh7Pm5tmEbMY', '9f7262c1bea1d235a3579d0e4343adc2b70d0fc5a9bff1fde0878d68a3d8cdccdfe3b4a9089d705d6c2f3faff3f931ae482c15aaa384747c7da817dbee6a4ed8', 'CHAMARRA PELUDITOS', '180', '48.572', '350.00', 'chamarra_peluditos_blanco.webp', '', '2024-10-25', 1, '2024-11-27 11:00:15'),
(225, 'chamarra_peluditos', 'G4lLjkHbIYFBLTXw', '91e9467df455cbf5c6bf8a09b54f281e7e36dd433e75d5741e36119282a6d6f3bc1daaae3baa30677f568eb837155024dd35ce8d148e1057d40f3f0f2133a758', 'CHAMARRA PELUDITOS', '180', '48.572', '350.00', 'chamarra_peluditos_blanco.webp', '', '2024-10-25', 0, '2025-01-30 01:55:20'),
(226, 'chamarra_peluditos', 'wFq9vmpTtM6lsDbj', '6937e545ff6bc8be974e7f3bb9b33340cb9fd16dfe03005ca24eec8e6f10792ad47575527a7ab2e57e6fe7f562d3e508e5ce2e80a03fdda25b5d4e75de77b08e', 'CHAMARRA PELUDITOS', '180', '48.572', '350.00', 'chamarra_peluditos_cafe.webp', '', '2024-10-25', 0, '2025-01-30 00:50:57'),
(227, 'chamarra_peluditos', '15COF6ua0GcruLJy', '31025a4b9142aa9c196fe243528b5d598b87324d38cf301d48e3bd632fbf35bd8ac8a25c8b25b29ab2325f37035c0f14e7f1ddc1183c79b41ac117faa6d236a0', 'CHAMARRA PELUDITOS', '180', '48.572', '350.00', 'chamarra_peluditos_cafe.webp', '', '2024-10-25', 0, '2025-01-30 02:03:18'),
(228, 'suéter_de_lana', 'zM0mKrEWcBDALo5X', 'a3784c1400d1a7638c73363e16c6572f8ed62c3e15c067aadd2098322dbc26b9f34a29f6efa8d8b383a396841c20fddfb6bfe61913fdc4b1b651381d04846eb7', 'SUÉTER DE LANA', '130', '48', '250.00', 'sueter_de_lana_cafe.webp', '', '2024-10-25', 0, '2025-02-03 03:57:05'),
(229, 'suéter_de_lana', 'RbiEaaMypbciYWzK', 'f8157e428859b08384b4aac2cadcbbff5640d99f98e76bd2f0d01c95eeb091b6ea9d7f5e9280f9c2c361935f6bb2923223a3e88686c6b32ebda184b1898327c9', 'SUÉTER DE LANA', '130', '48', '250.00', 'sueter_de_lana_beige.webp', '', '2024-10-25', 0, '2025-02-13 10:39:13'),
(230, 'suéter_de_lana', 'gSJ296moHXxYOCjF', 'd34d7a59e81a3d818242f3d6eaba9ad96823cfd2540607941f9c2a20e3d3e2fe8f8be0b228ab646da2f8483fac95a2a7957ac47efeadb793a3f9ebe4d6d11d4c', 'SUÉTER DE LANA', '130', '48', '250.00', 'sueter_de_lana_rosa.webp', '', '2024-10-25', 0, '2025-01-30 01:25:54'),
(231, 'chamarra_larga', 'N2H913tnhuvFBstK', '456f727fc0deb77066bdd6c8244b79dd77ac97ce251ffd7e516c806ff75ce6eb58c6774a29267ce174b2ea48fe9054ebaa71a5b94802e425071d381cbc30c1ff', 'CHAMARRA LARGA', '250', '54.5458', '550.00', 'chamarra_larga_negra.webp', '', '2024-10-25', 0, '2025-01-30 00:04:45'),
(232, 'chamarra_larga', 'HIvMV3STwOvBtXxI', '56daca7549f8f547e6555900efa70cda60b4e29538ed2133d5fa1a10d6cfe53345d7783072112dea54242ff7b75077c9811f5e52eaffe181cf8110f763a570ec', 'CHAMARRA LARGA', '250', '0', '250.00', 'chamarra_larga_negra.webp', '', '2024-10-25', 0, '2025-02-24 11:30:55'),
(233, 'suéter_con_cierre', 'Lr5uqU3iqOa0kOqi', '350b035a8e453d85cd92664c3ae22e7cbdcdbd8e866dc09fb9f101723de1ef68dcde4987e9d8b96c83558f6c8dc41a0d19151bbfe6b57e044d021a1815fea0c2', 'SUÉTER CON CIERRE', '160', '44.828', '290.00', 'sueter_con_cierre.webp', '', '2024-10-25', 0, '2025-01-29 22:29:05'),
(234, 'suéter_con_cierre', 'mAyrmnpDYMPjKYNx', 'f7c1b76ebf6e7b54eff92f7c68d42519f6949f02204c423ce6d3a625369ec33107294c7872af7d99ef1ac412f796d5eae2e6306ff3eb7d8a67131b51d5013614', 'SUÉTER CON CIERRE', '160', '44.828', '290.00', 'sueter_con_cierre.webp', '', '2024-10-25', 0, '2025-01-29 22:38:14'),
(235, 'suéter_tipo_polo', 'Bg96NNvDZRGGPqOL', '6dc7548e80eff080e4070807a54cf06036f281008a00679a80ab19f826f61a1bf63f1503029aa845ea7fc5dff62a61f5ed33214c371628ca026df530fa0c2d91', 'SUÉTER TIPO POLO', '160', '44.828', '290.00', 'sueter_tipo_polo.webp', '', '2024-10-25', 0, '2025-01-29 22:40:44'),
(236, 'suéter_cuello_de_tortuga', 'n6ZonYozR6OE3xLT', '2cbfe3c4a5d68ea30bce920e400cd783bbdcf45ba61e5128d71dfbec54840740af15211189cfea0c6a04198303631217a5cd33c9ac4b07879aa7e0307fbe74bd', 'SUÉTER CUELLO DE TORTUGA', '160', '44.828', '290.00', 'sueter_cuello_de_tortuga_camel.webp', '', '2024-10-25', 0, '2025-01-29 23:46:29'),
(237, 'suéter_cuello_de_tortuga', 'OjwdaNVnpg4mlZhB', 'f19cfb5a019817b42e1f1132bd63b4505330e7e6f154235ecd339dc4f736cb9386b72b3ae410c5f1a5be0dd781bdf68b1cb8b16ab15e63520cb4325e394dea6c', 'SUÉTER CUELLO DE TORTUGA', '160', '44.828', '290.00', 'sueter_cuello_de_tortuga_blanco.webp', '', '2024-10-25', 0, '2025-01-29 22:31:22'),
(238, 'suéter_cuello_de_tortuga', 'iiXwobXkPWQBghTA', 'ba79c51096c9a878fc925cce19b881d61f775dd186d068f0bb2913c1a90e5805f8ba00ac40db0f971f6b29f22bdd334ff0ea83a53fc375d098f42d9a929b90d7', 'SUÉTER CUELLO DE TORTUGA', '160', '44.828', '290.00', 'sueter_cuello_de_tortuga_cafe.webp', '', '2024-10-25', 0, '2025-01-30 00:45:51'),
(239, 'conjunto_suéter_cuello_de_tortuga', 'oJtT6jBdZdD9z6L9', 'c0edea3d8bc5b90d48eb9fa891b221d68ff63ee6dfe02ebeed7d77981aafb66c63d65201d7edf7d0af485ba21e4f54a3ca90481973eb89297ca5c92326c55d04', 'CONJUNTO SUÉTER CUELLO DE TORTUGA', '270', '44.898', '490.00', 'producto.webp', '', '2024-10-25', 0, '2025-01-29 22:27:47'),
(240, 'conjunto_suéter_cuello_de_tortuga', 'ePL79BFFJ87Xtl3r', '092de26cc8b81203f1047497045e3dc2ebcf5859516d1a606a2e4619d57fdb1d64591ac94c7e26c518e1893346071768148373f93c16513f4e9324270863cc3a', 'CONJUNTO SUÉTER CUELLO DE TORTUGA', '270', '44.898', '490.00', 'producto.webp', '', '2024-10-25', 0, '2025-01-29 22:35:15'),
(241, 'conjunto_suéter_cuello_de_tortuga', 'kkOBWbcRVm4ypBxz', '7b8d571224a9afcd4e3543197325759a02251816d787530c785b00ad2e4bd0a06efb16cfb13c893cae3b861aa1405ca6c3d2c6998bf5c904c08bb004d348b5a9', 'CONJUNTO SUÉTER CUELLO DE TORTUGA', '270', '44.898', '490.00', 'producto.webp', '', '2024-10-25', 0, '2025-01-29 23:13:56'),
(242, 'conjunto_suéter_cuello_de_tortuga', 'YhaNHohPwvOjRusO', '8b74ce2fe6c115d77b5920d30d7cfae1ea0e7ad996f8ef948f3b15dbdd8c0f119b44329d95717bf5e965246330fd70d405b59c57d2733077a9f6693ebd35ea66', 'CONJUNTO SUÉTER CUELLO DE TORTUGA', '270', '44.898', '490.00', 'producto.webp', '', '2024-10-25', 0, '2025-01-29 22:34:48'),
(243, 'conjunto_tiori', 'g57OKp1wYAViPh2U', '5856332e06bafbf5bbcf07c251e0cd046e73d07020191a9d8e923f69a69e8af1c52b8432c0d34737cf0944b1e4c9955734f071b157046a453afe9a050ae7c547', 'CONJUNTO TIORI', '250', '45.652', '460.00', 'producto.webp', '', '2024-10-25', 0, '2025-01-29 23:59:44'),
(244, 'conjunto_tiori', '7sy7wM2SubdLt8rl', 'cb7648695dcecad55c829068613a9814fccde3c1550e2c43c5d1c0a9be87a4110917edf3eb04b738217d7f858482aa6118a1833280b87b2f27aba144b818ccac', 'CONJUNTO TIORI', '250', '45.652', '460.00', 'producto.webp', '', '2024-10-25', 0, '2025-01-29 22:24:41'),
(245, 'conjunto_tiori', 'WjxjCiQpKflZvzLx', '0e8373d6bc5efe6c42ed8a6041b65b44e1907daaa72801321ca46e5d1a71d1413a09ac9cf4b34b8aaa3c947125f5070403b1df43b5791b4b712c392df4c797a5', 'CONJUNTO TIORI', '250', '45.652', '460.00', 'producto.webp', '', '2024-10-25', 0, '2025-01-29 23:01:52'),
(246, 'chaleco', 'AC7Y3aiGzpulqUhE', 'd7f3674b5d17c0150108fe15bf9ef0d548d0987c1b693a1a6973e9b2ca91807dda4e4d8d6dc675645a6d4f92f0769a59cc998653dbb6a705e4b3e9f23eb0ac98', 'CHALECO', '269', '51.091', '550.00', 'chaleco_negro.webp', '', '2024-10-25', 0, '2025-01-29 23:48:03'),
(247, 'chaleco', 'EZBVXanfzLdQkq6W', '462a2177a046e36517a0d2439434ffb749cd3d3ab24a46c6ae760ef1e2c8dc4065c50018c3d581e30c2fd0dcef0823a780eef0f53b8cbfd6a3823b7b0d6869ea', 'CHALECO', '269', '0', '269.00', 'chaleco_gris.webp', '', '2024-10-25', 0, '2025-02-24 11:09:03'),
(248, 'chaleco', 'fEXNeqgWPxyYA0JI', '7f37053bf037ca9ddf635fffdb2f187cee773d8e7d846641c9772ea8d9000c0e82f443349a3cc68b88c0df0b7b1611b02a76633ceba316f27d99cceced42e2c1', 'CHALECO', '269', '51.091', '550.00', 'chaleco_gris.webp', '', '2024-10-25', 0, '2025-01-30 01:02:48'),
(249, 'chaleco', 'zxI6RMzeZQwGjIiz', '355d34f0b1fcf66d9fbf5a749734ab9dcf064c1b6b1d938c1daf7f77cfad0a84ab75604a54c4f106aa67b82a1e6ea4ab9499315a0646b24023d5e87b7afd477d', 'CHALECO', '269', '51.091', '550.00', 'chaleco_beige.webp', '', '2024-10-25', 0, '2025-01-30 00:13:41'),
(250, 'chaleco', 'mVVSvLk7Xf6u3i4c', 'dd197f13fc03a43f3c3679faad8ed224d3a817ab9f8db54b84977bb033a628c34312ae2e302c59c28e2ee4e5447eefdd0bc7547787f053f5b4528bd08e57d5b5', 'CHALECO', '269', '51.091', '550.00', 'chaleco_beige.webp', '', '2024-10-25', 0, '2025-01-29 22:50:20'),
(251, 'chaleco', 'vFFdjWQjiyZYW0GO', '1c917879b2d59ff6f09d3370ac78e28afa5a34608d4b6a8c6fb0e82ad764e68dd82a7d77491cbe3436496ac5f7aa18bdcac578222a6701a1acf14ee2a6a1cdd3', 'CHALECO', '269', '51.091', '550.00', 'chaleco_beige.webp', '', '2024-10-25', 0, '2025-01-29 23:22:08'),
(252, 'blusa_body', 'Jbo865nbchMQXvNb', '72aee847c5f466c5f83dea518e09b5c4837b330392cc33ed17d381eb4cf8e7e7ad330d4e03d4b9cf3c06557425b398dc971bced3f22be5f279e47b307aa08115', 'BLUSA BODY', '137', '45.2', '250.00', 'blusa_body_shedroon.webp', '', '2024-10-25', 0, '2025-02-19 10:48:22'),
(253, 'blusa_body', '3i7fWppSn6zSzj9p', 'f1bf3131574848c17ba3f0ee9cf5d9629f098a29c39c9e9d11ff105f38ce29a2a8105352961e569512a1b1142ae1f863c241aec4fd698f41eb67521e592057bc', 'BLUSA BODY', '137', '45.2', '250.00', 'blusa_body_shedroon.webp', '', '2024-10-25', 0, '2025-01-29 22:59:39'),
(254, 'blusa_body', 'Vrpng18XBoObqp4V', '0f9ced1731986b8ff54c84539f42f0ce2efadfbe7872d78d00640f0c5b71028c45b0238270aff6cba4a4ac7a7950a45487a579caecbc0bc23eae07550470ecf2', 'BLUSA BODY', '137', '45.2', '250.00', 'blusa_body_shedroon.webp', '', '2024-10-25', 0, '2025-01-30 01:26:55'),
(255, 'abrigo_con_botón', 'dLsdQHZXeZsaPUP3', '0835d47d702193a61e96d97c4f6dda7f6a918df4d1dd73235ebd9e3e51f17ba95f04965a1e621bfe370786a22b3b11bf5887b651c70957fd4627a5b88de9f72f', 'ABRIGO CON BOTÓN', '266', '54.915', '590.00', 'abrigo_con_boton_negro.webp', '', '2024-10-25', 0, '2025-01-30 00:17:06'),
(256, 'abrigo_con_botón', '5PCJJFLLzuyvzy0H', '3b20f4ff8ed5cfd3fd4d94a38d844e451b15a7bf83f0dc0c61746eeaa0881e68d204b1b589d087381aece62aee791d2886a0a901b71f3bf970e1baf81aa99eec', 'ABRIGO CON BOTÓN', '266', '54.915', '590.00', 'abrigo_con_boton_negro.webp', '', '2024-10-25', 1, '2025-03-28 04:38:40'),
(257, 'abrigo_con_botón', 'ilcDhm6xMXibi9fJ', '6c49dca8ad4526fe3900e58c87df96aa65ed66af9613e4c13f7921c7ebe5b06708ee7d19e89cdc939c83ea2477b0e14574f5feacdbce3ffadcb9ad13f76d6dbc', 'ABRIGO CON BOTÓN', '266', '54.915', '590.00', 'abrigo_con_boton_negro.webp', '', '2024-10-25', 0, '2025-01-29 22:25:19'),
(258, 'abrigo_con_botón', 'qRKC7ciyRi7FS8uk', 'ea3f5e9ff4af84ba8a3cbb5b17a416476a19001e5dafa11144c0238951dae004b3ab22278fecac8e77eafc3e2afc747a64cf06e2b19b6d242fb7094e8ef95896', 'ABRIGO CON BOTÓN', '266', '54.915', '590.00', 'abrigo_con_boton_negro.webp', '', '2024-10-25', 0, '2025-01-30 01:19:37'),
(259, 'suéter_abierto_largo', 'R0LH1aeCq52lIRJf', 'a407c5113aa89ac42cdf28848f23b69c0b3af21a0b1e21b016777703817cc74cdefb45a9e1ec40a34e1c721ba6d2af088844fe0522b0da4faf4f763d561d41d3', 'SUÉTER ABIERTO LARGO', '170', '45.162', '310.00', 'sueter_abierto_largo_cafe.webp', '', '2024-10-25', 0, '2025-01-29 22:36:43'),
(260, 'suéter_abierto_largo', 'cE3yG9iqRDEV7Q8e', 'c1caa3612caed03d684366505411269120640485fb3a72d32fc5d10f5f629425cc4f250276dd9dc01231fe30e45289fd1e71fea23ac12aa0b6eda2e517dc621f', 'SUÉTER ABIERTO LARGO', '170', '45.162', '310.00', 'sueter_abierto_largo_beige.webp', '', '2024-10-25', 0, '2025-01-30 00:34:32'),
(261, 'suéter_de_lana_con_gorro', 'jMX2sRI9nrPB6Cmf', '9b99174ad76893aecfcd0199577cf0ea2e7c334fb0ac4d27bacd855eb248a1c62da5c06b0c80f3b7c435fb13c9d2e3f61aa6ce3406d19fce84c352646ffee380', 'SUÉTER DE LANA CON GORRO', '160', '45.763', '295.00', 'sueter_de_lana_con_gorro_beige.webp', '', '2024-10-25', 0, '2025-01-29 22:42:10'),
(262, 'suéter_de_lana_con_gorro', 'CVWfOuxcvhs6Uw0J', '43a722765d67c9d33af754650d382d02a79bf7c7f89d358082e6e7c37bab9255e4619e70f1c37dc50cbef641a3342b4076a5674af39058d65934a68081ebbcc5', 'SUÉTER DE LANA CON GORRO', '160', '45.763', '295.00', 'sueter_de_lana_con_gorro_cafe.webp', '', '2024-10-25', 0, '2025-01-29 23:03:52'),
(263, 'chaqueta_de_leñador', 'myKPkd572ab3J0BO', 'd06708c4a2502d392971ae70c6235aa1783430c856e3ffb4aaf6270e3548df3ce4e3fd2c1f47554d70a9c81a52ca27a99a9e5b8239081695529affcd336e2bf8', 'CHAQUETA DE LEÑADOR', '306', '45.357', '560.00', 'chaqueta_de_lenador_a.webp', '', '2024-10-25', 0, '2025-01-29 23:17:31'),
(264, 'chaqueta_de_leñador', 'SyD8br5FTLmxfOHi', '47bdac1246c82df890a7328c60353f9c87103a98287180e4e74ff50309f3217d2d6df6c89d71c9d90a7437b812a0ef394a2af2f0080f6c67834d060140107153', 'CHAQUETA DE LEÑADOR', '306', '45.357', '560.00', 'chaqueta_de_lenador_a.webp', '', '2024-10-25', 0, '2025-01-29 22:46:11'),
(266, 'suéter_largo_de_rayas', 'rZLOBjNN7rjhEP0h', '2a6d06b1bf8fb0bdd5443851ea939c55109f9ec76d4f44f4718352bf4c8af6d534a1abac4c2494f78a6d609022add85ae8477529861dacc1eca168ceac492146', 'SUÉTER LARGO DE RAYAS', '260', '43.478', '460.00', 'sueter_largo_de_rayas_negro.webp', '', '2024-11-05', 0, '2025-01-30 00:20:12'),
(267, 'suéter_largo_de_rayas', '62t6aR6a3klBBnq8', 'af480507f8902372f2c4df9269b81704d864d234b241b3355c5226daea883a4bb2e68ff60479a844c60c5734152866f161d0f617b12b5b427d1fa56138916fc4', 'SUÉTER LARGO DE RAYAS', '260', '43.478', '460.00', 'sueter_largo_de_rayas_beige.webp', '', '2024-11-05', 0, '2025-01-30 00:03:06'),
(268, 'suéter_largo_de_rayas', 'MYi2otlS458sZSgU', '463e2be798cbc6f6616bbb028c99e6ddaff4421e787b4eea34de7e5563508024cdddc99087e145c610e366279301c5fef2947420111c20379f6fbbb56890569c', 'SUÉTER LARGO DE RAYAS', '260', '43.478', '460.00', 'sueter_largo_de_rayas_beige.webp', '', '2024-11-05', 0, '2025-01-30 00:39:33'),
(269, 'suéter_largo_de_rayas', 'dNzRoKjT0MPl8YJw', '6cbd46e25605cd74fc8b5dc05683a5fe9702c894157a227e11f67fadced9453b08ce53e33e126915486beb2720ef7a21889faa9d3899bfdf6ddb47817653b0de', 'SUÉTER LARGO DE RAYAS', '260', '43.478', '460.00', 'sueter_largo_de_rayas_cafe.webp', '', '2024-11-05', 0, '2025-01-30 00:05:42'),
(270, 'suéter_largo_de_rayas', 'CylE8MZm9OTvQPZa', '493198edb3089edb2d35875253a243b963d12270f55e4d1fa3b1e7e796a7376a79479a7bc94e9ea87cd0213519b9c332bb629a2bc28d4cc21e11cc2955c4d550', 'SUÉTER LARGO DE RAYAS', '260', '43.478', '460.00', 'sueter_largo_de_rayas_beige.webp', '', '2024-11-05', 0, '2025-01-30 00:35:00'),
(271, 'gabardina', 'AavOhcwW8AFnZ0Uu', 'a34a6543b80965c7134d4ad8245aeea74059243b8dbb05569ad01cadafb7666dc3f7b9540cb465f1cbd828f3621e6197e5084a98ab672bfc9cf12b9082292760', 'GABARDINA', '285', '50', '570.00', 'gabardina.webp', '', '2024-11-05', 0, '2025-01-29 23:42:32'),
(272, 'gabardina', 'LpeRiwEMGibrfBl6', 'c371ebe1fd56dbde14ee47e4eb98e3d2293ba7fa684f6183b1d66c3e1375c3a09b2240a9cbc6f34b50822940e600745a8863e06b9a9dff8fc1c84df0751b2c6a', 'GABARDINA', '285', '50', '570.00', 'gabardina.webp', '', '2024-11-05', 0, '2025-01-30 01:53:14'),
(273, 'gabardina', 'Rw3inmCviz1QwV45', '9cb5e9f441c314097311691a9b4b5a9419557e45b971c87bbd9d46333777337fcf076b15b9cbae762bab026343217f3de250d34000303e9939dc1df70ce77e97', 'GABARDINA', '285', '50', '570.00', 'gabardina.webp', '', '2024-11-05', 0, '2025-01-30 01:24:57'),
(274, 'blusa_body', 'kWZisMaeIJjSaD6L', 'ef9dab86af4ba9c67402148c94ac9f5f5dd34d276591dd3b18a2ae41a6ed49b5a643b083f89f803edc7dd4f9f7974eaa605a5b5acf6d1172072a2bd33e1dbd72', 'BLUSA BODY CON CIERRE', '130', '50', '260.00', 'blusa_body_con_cierre_blanco.webp', '', '2024-11-05', 1, '2025-03-28 04:39:49'),
(275, 'blusa_body', 'VgtFae0sbZjxK1g7', 'dd96440f72f6eea4ce4a8478fa818e15e1c869910c2bdb9412f7d33ad19313b7158b1fd6ad8109af0aba173d74718eb016cdc123b2445e9a3c27f2f3442ded15', 'BLUSA BODY CON CIERRE', '130', '50', '260.00', 'blusa_body_con_cierre_blanco.webp', '', '2024-11-05', 1, '2025-03-28 04:39:47'),
(276, 'blusa_body', 'qvXzWYdSmI9k9um5', '5ea6359dfd2589dd544dc02c0bb3d6b9b15b39dbcd375b509d712cad7cca0dee3b2c14f066a9311249d642a0841413fdc06b3242a351a4fa07cbd94955d7dbdd', 'BLUSA BODY CON CIERRE', '130', '50', '260.00', 'blusa_body_con_cierre_blanco.webp', '', '2024-11-05', 1, '2025-03-28 04:39:46'),
(277, 'blusa_body', 'R6ihDJNUSUQZtsqL', 'fb92a983e624521813d265d448c0df1dc63f2dd23ec5b42f1b1cfe2c4d8f3142e8b9be4d7bd26c758e074b028b84803cabd706b26764a15eba80075dc543a63f', 'BLUSA BODY CON CIERRE', '130', '50', '260.00', 'blusa_body_con_cierre_negro.webp', '', '2024-11-05', 0, '2025-01-29 23:06:15'),
(278, 'blusa_body', 'OmLwy8tZ0eGyPKNV', '9e218b881f7fc61b8204013e3a65614f30e6c4222cc14554ef794228491dc72920b936bb116f6513672b441712ff37e75e4205168e1c597287feedda3d5b43af', 'BLUSA BODY CON CIERRE', '130', '50', '260.00', 'blusa_body_con_cierre_negro.webp', '', '2024-11-05', 0, '2025-01-30 01:26:33'),
(279, 'blusa_body', 'FoqbeoC3kxWNyLrv', 'd070143efaf8d5ae0e9fec741c73f088568df44fddef06665dec43478d61251ca8c8cd0cb827e4064b0e3da2ec30788ce5a30ae10c49b969eebddb99d0e81d4a', 'BLUSA BODY CON CIERRE', '130', '50', '260.00', 'blusa_body_con_cierre_negro.webp', '', '2024-11-05', 0, '2025-02-03 04:00:36'),
(280, 'saco', 's4YSQQFCYlxjBwaL', '5888ad8f778917a876a63db6521294ec6cf6424e5a306a1497332fcccc03c6f7f21be0741cc44ed312eba81ec9d5fb91fbf0998763b7c40c2bea10169c00792f', 'SACO', '250', '44.445', '450.00', 'saco_negro.webp', '', '2024-11-05', 0, '2025-01-30 02:10:20'),
(281, 'saco', 'bXwIt9snoRAcE4aS', '698813da0c7b4328126167aa49c431e20bdcdd65298eb0c501edf4c2dba61d6da1c7a630a0eacf105f01b161464b1e0da8bcf1b433b8ad8138ea0ffa2ae86c59', 'SACO', '250', '37.344', '450.00', 'saco_negro.webp', '', '2024-11-05', 1, '2025-03-28 04:42:51'),
(282, 'saco', 'Kn3v9oNVa7kVVhwn', 'd39ab8caf7de7b6fcc16273c8606054eaf65268b785372d3bc1915e7269bf14b8631c5ae841896a7a07cf599a2d3bda60817795b923c03d3f3020ae91b7f0341', 'SACO', '250', '0', '250.00', 'saco_negro.webp', '', '2024-11-05', 0, '2025-02-24 11:37:42'),
(283, 'saco', 'BSyAK3Kfrj4Mo3RK', '87577ae30a5797b1ccd65c1dd673166419b6b56c38976df47d0e5cc5f99ac7400b3b3aa1649f99c9d366376569457c86a4a3ccbbf6ba255ba24c71a8badf02df', 'SACO', '250', '44.445', '450.00', 'saco_blanco.webp', '', '2024-11-05', 0, '2025-01-30 00:15:38'),
(284, 'saco', 'zdxkRSud2UcNiEW5', '39fdeaaa6c744c35328bb252f2f8a2d7f9cbdfe152dc0e78e02525520ee1df705dbac633a69e07a3502bbf62c2c567b551cf25e80cadb5985f51b40b9d61fa7d', 'SACO', '250', '37.344', '450.00', 'saco_blanco.webp', '', '2024-11-05', 1, '2025-03-28 04:42:54'),
(285, 'saco', 'h2gPFtu332VkD4jS', 'eea70ffce9c679ef0197267d3e3d6719dd17c6a58155b271f95edbbaf539cb32240ef7993c51a62513cff3c5686fd9db90f839ddc4111cb2c6c5611411cb5cd9', 'SACO', '250', '37.344', '450.00', 'saco_blanco.webp', '', '2024-11-05', 1, '2025-03-28 04:42:57'),
(286, 'suéter_con_cierre', 'q0QdgffR72LKiwNF', '40f234cabf6c59834af91cc73652509b4415dde523a1f6a8c06e2d33a4eefa8c1ee8db541bb3fcb4c44b6194a155765609a7aeb59b0f1fef9bbb51c9796c814e', 'SUÉTER CON CIERRE', '160', '50', '320.00', 'sueter_con_cierre_blanco.webp', '', '2024-11-05', 0, '2025-01-30 01:30:50'),
(287, 'suéter_con_cierre', 'IIasiKmT0vuutDXQ', '68604d2f77ffe7b4a931e5939684a353ff6c0a712ec9ae778ddb5d0efabd9ee836490fd1dcce6d47aeaec1150430ab357626367ce42c0f659a511d8aeb103e54', 'SUÉTER CON CIERRE', '160', '50', '320.00', 'sueter_con_cierre_cafe.webp', '', '2024-11-05', 0, '2025-02-03 04:01:49'),
(288, 'suéter_con_cierre', 'MOZ6zYbUfJAbb0sp', '1b19f17870af61a6ba3816b281e516e256683a7985986f4cb2adec3db675d218289e740aac2af0d6cae62f32c1fb1025eb7f1b61bcb57eda9ff0f8d9a76bc88b', 'SUÉTER CON CIERRE', '160', '50', '320.00', 'sueter_con_cierre_verde.webp', '', '2024-11-05', 0, '2025-01-30 00:42:07'),
(289, 'chaqueta_de_pana', '9oiElRoQkonpWv4m', 'd93e6b5c9462d9bd2d01d55e0ddbd21bd16d689ef8204c5c3eb3933ad01326854454ba34291f1392637d1c52de0a9421153dca73c56ba04e090be4655f1cb95f', 'CHAQUETA DE PANA', '315', '36.874', '570.00', 'chaqueta_de_pana_negra.webp', '', '2024-11-05', 1, '2025-03-28 04:45:16'),
(290, 'chaqueta_de_pana', '7ZlpqKuxLYkXiI7l', '7a2c29a76272ef62e49317d212f2f0dc240c3a825f26231dec82a2829e3b91cf0dac67949fd9411b56f3c75f4220f3b32edee671c39291481713406e33138b84', 'CHAQUETA DE PANA', '315', '36.874', '570.00', 'chaqueta_de_pana_negra.webp', '', '2024-11-05', 1, '2025-03-28 04:45:18'),
(291, 'chaqueta_de_pana', 'hkOpz9LIsk6e457M', '4dbc2193b9c332ee54d02b7e1055235375300fc067094c423152821a86570c087a8f43e557e314cd7f2b16eb9e994e9501c34736d59b9cba10fd8e7cfe07fb80', 'CHAQUETA DE PANA', '315', '36.874', '570.00', 'chaqueta_de_pana_negra.webp', '', '2024-11-05', 1, '2025-03-28 04:45:19'),
(292, 'conjunto_odri_con_pantalon', 's0uthiCIO8SvlxOe', '46875964c23b2352c21898ecae8ef022606d53a799c83d7fecd3c3d833436400f9a08ef2092b6075890a88679e47d76a3723ce6a54e1335237237aa8ca7218d8', 'CONJUNTO ODRI SUÉTER CON PANTALÓN', '220', '51.111', '450.00', 'producto.webp', '', '2024-11-11', 0, '2025-01-28 09:28:52'),
(293, 'conjunto_odri_con_pantalon', 'hgnzSKoIfBeEXtbB', '3fdc40859b77fc599826f554fbe43f33cbc71dacdc3256ae492ef4f987ff3b8134b13e3d2da714afffded4752757bf9f48a09cc178da8f23b58016633aab3623', 'CONJUNTO ODRI SUÉTER CON PANTALÓN', '220', '51.111', '450.00', 'producto.webp', '', '2024-11-11', 0, '2025-01-29 23:47:37'),
(294, 'conjunto_odri_con_pantalon', '5OIAquT5cOjk0jDr', '573868c07b5e88993248fcd19c7e650c2bc68dc6befb216cd285017b7f2be2f677081f3e48e3eac2720c8f126aaaaa83156ebf47747febac12981fa732d183f7', 'CONJUNTO ODRI SUÉTER CON PANTALÓN', '220', '51.111', '450.00', 'producto.webp', '', '2024-11-11', 0, '2025-01-29 23:32:24'),
(295, 'chamarra_new_york', 'yiKT1RFf6G7SlMHv', 'e48a861907b788a14c7452def4016e7e57aaa655d04cc02af746c09bd6b426f6cb9a8fe66f3900cb9f42c2c444e57df06f1f83a18fe6241dc80bbc2b58d4b324', 'CHAMARRA NEW YORK', '234', '32.952', '349.00', 'producto.webp', '', '2024-11-11', 1, '2025-02-22 12:00:00'),
(296, 'chamarra_new_york', 'RpcKvGm17Pv43TAU', 'a7cf07045e1031ec04dcc3c1f77fe85ece169245c7c22d247181dad1983f3a29698b99bf1f7de42d2736c5a2c8b1cdd00d3c5c6746e345cb191022dfb46e5435', 'CHAMARRA NEW YORK', '234', '45.582', '430.00', 'producto.webp', '', '2024-11-11', 0, '2025-01-30 01:40:01'),
(297, 'chamarra_new_york', 's6uHTNtcsnwCh9kW', '13f0e6fea435905c42e46f036f83006738e6076338c7c08031bc157576fe5d753f97b927673a658e8cfd2f2e49c3d552a4e1a2bd5d52cd499dca11c2ad92526b', 'CHAMARRA NEW YORK', '234', '32.952', '349.00', 'producto.webp', '', '2024-11-11', 1, '2025-02-22 12:00:09'),
(298, 'chamarra_new_york', 'PxO9ouN4h52CUEPs', '99a12285b688da08cdefc59f7c1b4836aecb16119dde2cc3e0d8b5de0eaa6d8e48f5a954df642df3f1492b24a26a39610f01f6277368a7636371134dfa693b5b', 'CHAMARRA NEW YORK', '234', '32.952', '349.00', 'producto.webp', '', '2024-11-11', 1, '2025-02-22 12:00:16'),
(299, 'chamarra_new_york', 'e3BMs2appmhr0ye6', '0e4ffcaaccaa458a9ec717b90ac9460fc7976b28783c7305f879cd0002d2178a6f8432075e27b01da182320a0281093499910e55f70f2bb6fdb4c3ac49249d4d', 'CHAMARRA NEW YORK', '234', '32.952', '349.00', 'producto.webp', '', '2024-11-11', 1, '2025-02-22 12:00:21'),
(300, 'pantalón_de_vestir', 'CnZZtriGzUF88MYA', 'f3008c289c5d0c4735a2457c9416d95df41bdef74be7a751a4e3de03f634072d5ef1055837909dd4518c7af0dc186d3f7b7f376bb295cfc05a9c30a446c145c2', 'PANTALÓN DE VESTIR', '240', '46.667', '450.00', 'producto.webp', '', '2024-11-25', 0, '2025-01-30 00:23:15'),
(301, 'pantalón_de_vestir', 'v9wUlTbAWl5zkAHo', '72354c27a76e1265dc338e2d816253c8af28a5bc4cf7b7fd86a7529c58b1762adcd215272fa0d871fe7999729fe0bdfc22d793ee498feba67812156fa8ed76ba', 'PANTALÓN DE VESTIR', '240', '46.667', '450.00', 'producto.webp', '', '2024-11-25', 0, '2025-01-30 01:33:28'),
(302, 'pantalón_de_vestir', 'FCEPTNgeeO5D7sj8', 'a43ca4574765d1e457c52d83f7bfed17e1a34f9f669ef13236b2fa97c410172882bee70b6c42b2805502862cb3b78f7a519396a78ef174a44f74b307a0dc8b4b', 'PANTALÓN DE VESTIR', '240', '39.85', '399.00', 'producto.webp', '', '2024-11-25', 1, '2025-02-22 12:01:40'),
(303, 'pantalón_de_vestir', 'O6MvkshLH9mRKJVp', '694baadfb8e2d12bdd95c92550b3df18bed1aaf0eea30046de00479cbda6abe94479a44c0f4a08399a92bf1bbf25f628a785a4b2f832ab8cb6e528f58ec5f28e', 'PANTALÓN DE VESTIR', '240', '39.85', '399.00', 'producto.webp', '', '2024-11-25', 1, '2025-02-22 12:01:45'),
(304, 'pantalón_de_vestir', 'JFOqIEIIIYxbAYP3', '55dcad299c50760909640c01d6b9b0143b1d76a205af10227bdc62a63a97cdaa85579a960879a2d4b356988b18fc0acb5d60741c047c45da6d2429e5be3a2298', 'PANTALÓN DE VESTIR', '240', '46.667', '450.00', 'producto.webp', '', '2024-11-25', 0, '2025-01-30 02:05:09'),
(305, 'pantalón_de_vestir', '0DZQFSR8hb65O3CJ', '7747873e7fe306c11465c995c6247160ef49b95059b1b0969c304835c00c6f032ded7ef1695b36849a4ec8759dadfbba1f750015efdb66a043f9f015ff71de65', 'PANTALÓN DE VESTIR', '240', '46.667', '450.00', 'producto.webp', '', '2024-11-25', 0, '2025-01-30 02:08:45'),
(306, 'vestido_de_vinipiel', 'Kllsang8aTATUSRE', '47e3a47b59650dc1e68c70c1fe183af593b952a7d0aec0bfc2124e9d00d0f9a038d97c1ad92a83ebcc5250ade42a9871776bc229cbbc7500bf45d988027943a1', 'VESTIDO DE VINIPIEL', '179', '40.134', '350.00', 'producto.webp', '', '2024-11-25', 1, '2025-03-28 04:48:03'),
(307, 'vestido_de_vinipiel', 'FfKMBuiuVS2HVA6N', '3023e1ce11e5475c3aa24ca5722ec922496d30c5fa900ff5f25b9b479299af137347eb795dffdf298085ac0dc0bd21a1b43d67994f80a8eab81cf49a4e033c27', 'VESTIDO DE VINIPIEL', '179', '40.134', '350.00', 'producto.webp', '', '2024-11-25', 1, '2025-03-28 04:48:44'),
(308, 'vestido_de_vinipiel', 'YD5lZVc8nStyQrZV', '5def5badd9987a1df8e60ee0b1e2f0c95e6dee2e41c8ba56f5f222184fd2a6dae5920cf9ec24af16cb7be079f372dc5c47681b5d516378e50e4066f212a65df5', 'VESTIDO DE VINIPIEL', '179', '40.134', '350.00', 'producto.webp', '', '2024-11-25', 1, '2025-03-28 04:48:45'),
(309, 'vestido_de_vinipiel', 'KqfHpIxWCg73nKNj', '574d67ff4bd545f2fe3cdc3e81df754f1d2b7a40451a35bcf4878b7ad626131a05b47ad1008f297488ca1585e4f15efd2b0a7f494fba6f1def200f3eff3a36e2', 'VESTIDO DE VINIPIEL', '179', '40.134', '350.00', 'producto.webp', '', '2024-11-25', 1, '2025-03-28 04:48:47'),
(310, 'vestido_de_vinipiel', 'SKZJoZD56ht4nzi4', '5edc8a0080f31f7701f2333f117555356e7501332012acd6a3f587821813443f4b90fd4ccc78c5ee10c58386e3f9e14f51a3d7465be150168a7b61c24e7429f2', 'VESTIDO DE VINIPIEL', '179', '40.134', '350.00', 'producto.webp', '', '2024-11-25', 1, '2025-03-28 04:48:49'),
(311, 'vestido_de_vinipiel', '5dGODLszi3cvl2Fj', '615e454906d184ab311368c382dadcb71bc2d3f536639661e0145eacdc9707539a7b80f797c8f8b04825008407d7efd77bd52022d83e95d13350e9ecc5fab4a0', 'VESTIDO DE VINIPIEL', '179', '40.134', '350.00', 'producto.webp', '', '2024-11-25', 1, '2025-03-28 04:48:50'),
(312, 'vestido_rayado_largo', 'MHJOthk17MJwwDaJ', 'cf9d023c39888ef258f1d20c26d19cc4e7365cf43a779bab7a773605b4bc85d48d82ca4b8c433161bfe21f2f12810c5a28bde190a5e6bcb5b01e5674f256818b', 'VESTIDO RAYADO LARGO', '255', '43.333', '450.00', 'producto.webp', '', '2024-11-25', 0, '2025-01-30 00:56:36'),
(313, 'vestido_rayado_largo', 'ZhLZfvwxlzLZ9W1V', '905cab6866ce9e2583da8782c8e2c3773603e207f58c581ea46270812e2ef135a352bfd2064571c1ce4c909736defacaf0a8ecb0129bc697833973b27cdab59d', 'VESTIDO RAYADO LARGO', '255', '43.333', '450.00', 'producto.webp', '', '2024-11-25', 0, '2025-01-30 02:06:27'),
(314, 'vestido_de_brillitos', 'HIJsOnHZQINGdN7b', '5e6f3347c7ff80041e51f697e5d4203341d3a5897a350185f2a0ee43e16a597a7855873cb54c88ea71de646da6ed8ad7cf26a93adcd1d78084f20846546024d9', 'VESTIDO DE BRILLITOS', '158', '47.334', '300.00', 'producto.webp', '', '2024-11-25', 1, '2025-03-28 07:03:19'),
(315, 'vestido_de_brillitos', 'Jsi9t5wVvocwFvFd', 'b343adde926bba1fcf2bcce2b4a0a7a5b0b26cf74e95062ba3f16c0fee2dbe9fe9c94c2fbfd699b7fab3a1e1482310f595fdfeb922833b9254fb71b5f358adc8', 'VESTIDO DE BRILLITOS', '158', '47.334', '300.00', 'producto.webp', '', '2024-11-25', 1, '2025-03-28 07:03:22'),
(316, 'vestido_de_brillitos', 'aUYLAeR62yuw7ylb', 'dbaf174497f19cfab9c886087aa9d4cbec48febc4d42247a287df596db2bb843dbbb5e1db8819e3e3887bb5a2e8f768e5770bf2098be07b37cebba7c5d3fc035', 'VESTIDO DE BRILLITOS', '158', '47.334', '300.00', 'producto.webp', '', '2024-11-25', 0, '2025-01-30 00:35:27'),
(317, 'vestido_de_brillitos', 'gves6dofSTxjQSrr', '76199a9c09db1057d03eb974c5b07dc6964a41265b6cd53ff04429b42e50ea1e3a12cb5ebf5cad0e9205540dec510119c1388681b08f842cafbbc91cd923be68', 'VESTIDO DE BRILLITOS', '158', '47.334', '300.00', 'producto.webp', '', '2024-11-25', 0, '2025-01-30 00:45:14'),
(318, 'vestido_de_brillitos', 'xxCBoiwp5ilXMbtq', '894ec5e7322026375eb6f30e10a5dcb2e5f3501ab97260a251c60f2702a718e508878fb55d99f20a00ff10a5400cd8d52af52bae6e9efd3413c4b70a84a5c81a', 'VESTIDO DE BRILLITOS', '158', '47.334', '300.00', 'producto.webp', '', '2024-11-25', 0, '2025-01-30 02:03:57'),
(319, 'pantalon_de_mezclilla_js', 'rPfXn61jNTByJwWx', 'f2d6f8e088c8f06d27b4f85bc2893417e60158309e9b5976b26faf6cc632b218b51445248f09281560cad3ae185c3f15f9aa78a629b29d9760caadeb5cb117f8', 'PANTALON DE MEZCLILLA JS', '270', '46', '500.00', 'producto.webp', '', '2024-11-25', 1, '2025-03-28 06:00:45'),
(320, 'pantalon_de_mezclilla_js', 'z2trZEubqcvGhay3', '4f620a140a9c1b5bd7ec4974a809ceff8c69d4a39cbc8b9c5035bec7d6ee40e0edd6d66c66ceebe16452c963515f50b451eca528fff08cf5df451a5deac4e1c1', 'PANTALON DE MEZCLILLA JS', '270', '46', '500.00', 'producto.webp', '', '2024-11-25', 1, '2025-03-28 06:00:48'),
(321, 'pantalon_de_mezclilla_js', 'lVaAF0DqE0YJ6r5M', '35b586b65f8814b025c6db438b74886d7ba6ee9e7a3cc99f444c14c27c582d50a07844be8c582e9a57ebe2ed1e6dae226a96071e1fc3a228fa6fdf5b5756b8a2', 'PANTALON DE MEZCLILLA JS', '270', '46', '500.00', 'producto.webp', '', '2024-11-25', 1, '2025-03-28 06:00:50'),
(322, 'pantalon_de_mezclilla_js', 'hLXTe4LkQKWxvYoM', '04b3e79574c7976b6c767199cd30091754750fb1634bfe5b680d330f6614e4190ed4eebcc608e4cf96cf078dbbc8f06032d405cb089c7a46d87515102ba21d45', 'PANTALON DE MEZCLILLA JS', '270', '46', '500.00', 'producto.webp', '', '2024-11-25', 1, '2025-03-28 06:00:52'),
(323, 'pantalon_de_mezclilla_js', 'Yif5fNMqNDWfvsTy', '1d6c8323abafa1d13768013f0fb7659530f92c29b73f8852e70bb6801d23e2e2447ae4eed6821b0dadea76b6e445f8b483f1b43a764c941b4e7c69b46e5b22c9', 'PANTALON DE MEZCLILLA JS', '270', '46', '500.00', 'producto.webp', '', '2024-11-25', 0, '2025-01-30 00:10:39'),
(324, 'pantalon_de_mezclilla_js', 'w4bDYSsLa99RyAUi', 'f663225e33ad8c4c21a5a59eb76226f90bb770f213cbf2a6696806bfdd49a85329bcee1158fb8f1c101a659b103be67640b7edd0058c5fdf786c5fefadd7fec6', 'PANTALON DE MEZCLILLA JS', '270', '0', '270.00', 'producto.webp', '', '2024-11-25', 0, '2025-02-24 11:37:08'),
(325, 'pantalon_de_mezclilla_js', 'b1gqe03WFv0aQPyC', 'dbbbf9eddf5f365d59591f4396efdc6f30049f2d5a2483c6e7cfc8884c1604c30e190e645b8700c69fb65fa24fd6be6a2242a77175fb800a767e37c2c3e019ac', 'PANTALON DE MEZCLILLA JS', '270', '46', '500.00', 'producto.webp', '', '2024-11-25', 0, '2025-02-03 04:21:07'),
(326, 'pantalon_de_mezclilla_js', 'C9OpO4Cn5QS5a2D2', '3ca033555219a6601e367ecb3a070028f35217d60c0db849e0ea6c29c6af95fbce815e330b03a948c99200f59478a6e70315ab0f02b335196c03695a09329f84', 'PANTALON DE MEZCLILLA JS', '270', '46', '500.00', 'producto.webp', '', '2024-11-25', 0, '2025-02-03 04:45:10'),
(327, 'pantalon_de_mezclilla_js', 'ENrtuZ6rmJGTNamg', 'cbf21906c68b78d38f25163f6f03ed6441a472543015287b23ccd2504ae3fe76a81b94734b9aed49bece1e17936862e1cd57490c5b1d5e7de159b3143c3979a7', 'PANTALON DE MEZCLILLA JS', '270', '46', '500.00', 'producto.webp', '', '2024-11-25', 0, '2025-02-03 04:21:50'),
(328, 'pantalon_de_mezclilla_js', 'XhL3C7sIKmu8NtYc', 'd05e5f6fe89cf05547ce82e962a91dc92ba204115eb8f2c7aca6e2fea12e78fa843508678f8081419c3eb5a3af373b0918f0aeedd9e5b1ec4db95a25babc1edf', 'PANTALON DE MEZCLILLA JS', '270', '46', '500.00', 'producto.webp', '', '2024-11-25', 0, '2025-02-13 10:15:06'),
(329, 'pantalon_de_mezclilla_js', 'q9BNxTWIs0k0xBQ8', '8d150ba5d89aa4f459793022c619d96053e361121005497444d16d034086aa2f728001a9473066c7bfd96fca6c39323394e5ec760e165842fd20d985165a1d2b', 'PANTALON DE MEZCLILLA JS', '270', '46', '500.00', 'producto.webp', '', '2024-11-25', 0, '2025-01-30 01:30:20'),
(330, 'pantalon_de_mezclilla_js', 'TpadOZmC3ceyzZby', '508d8e360f6b238f7ddc588baf969873edd81bed30603372516b58ebd889cc7abf92ccb75b4970c41084e264802813c428797336c083e739edeaa795296f60ac', 'PANTALON DE MEZCLILLA JS', '270', '46', '399.00', 'producto.webp', '', '2024-11-25', 0, '2025-03-28 09:14:23'),
(331, 'blusa_cuello_de_tortuga', 'Cn5pPQx0cSUevS1I', '0e0bd7950549bdb972c056d7cd1a1429ad2fe0b26ebe0cf285c62e966de564f1255c5d0749a42c670ed513ca901a2840f9100cacd5d6b0f337e3b5137ee2c077', 'BLUSA CUELLO DE TORTUGA', '100', '44.445', '180.00', 'producto.webp', '', '2024-12-14', 0, '2025-01-30 01:29:20'),
(332, 'suéter_con_flores', 'dfJIK1ORYkRVTKzr', 'a03bf83af105fdfffd43d2df327c6ed8c42247b49a49d84cc0af933288f83c108d3e068214047fbec76613165c81d89fa799e79a4d9c6797866d99a80dbba0d0', 'SUÉTER CON FLORES', '160', '44.828', '290.00', 'producto.webp', '', '2024-12-14', 0, '2025-01-30 01:01:14'),
(333, 'suéter_con_flores', 'xXZFEI1HXUHrc4Sa', 'ea347d703e5a6e7f6a821d64c6fbde8afa91f810dab93ef4829ef851af845ddf269b712d7c45cf649da44274ffdcd34eab11bf43377d2a98eae66fa07f2b536a', 'SUÉTER CON FLORES', '160', '44.828', '290.00', 'producto.webp', '', '2024-12-14', 0, '2025-01-30 01:27:40'),
(334, 'conjunto_suéter_con_pantalón_odri', '7QgVsVyLNjloRu2u', '38992ba93973753e28391bc10f6c7b37a0213160e8bb341455e526c3ca3c0b61da706d983fd4434ab9bac91f615642d8da53513a43bd9c7332223f8923670d31', 'CONJUNTO SUÉTER CON PANTALÓN ODRI', '245', '45.556', '450.00', 'producto.webp', '', '2024-12-14', 0, '2025-01-30 01:04:13'),
(335, 'conjunto_suéter_con_pantalón_komi', '6PTHe87RWc5LXN14', '09619b5c4f5d3629acadd5f708b00430a003c2bf376fba12294842b18a0a239fe483b7bbeab36fe966bd1849dd6ec8f5e9f6a534f027c700ad0d74565c2777b0', 'CONJUNTO SUÉTER CON PANTALÓN KOMI', '225', '50', '450.00', 'producto.webp', '', '2024-12-14', 0, '2025-01-30 01:05:19'),
(336, 'conjunto_suéter_con_pantalón_komi', 'ScDuoYwILlK6TZnb', '19b50148308723aab8d1102812b87009cf9a2f93d61328eb1227dec34bd4df23a3b734d7e499a5222fea5d5d0900e02b19c89829b2db11ba1e016d6257422cd2', 'CONJUNTO SUÉTER CON PANTALÓN KOMI', '225', '43.609', '399.00', 'producto.webp', '', '2024-12-14', 1, '2025-02-22 12:10:07'),
(337, 'conjunto_suéter_con_pantalón_komi', 'XOHSd0gDYMJfSmqo', '8903ef06990a69ce1d22cee373eec578549805e063804e016dfb10197cd4c97447c7893fd5bf59638f5ec03e1b8100ef18aaaa888ac96a189bca160728705ce1', 'CONJUNTO SUÉTER CON PANTALÓN KOMI', '225', '50', '450.00', 'producto.webp', '', '2024-12-14', 0, '2025-01-30 00:48:11'),
(338, 'abrigo_love_tree', 'kwSPR3tfeIAHvgem', '1c2e7538adbd9ece51577d6f41f66fd32fbab2b7c043c1e1e876b73ca12f56720108cd65bb559490c62ae78f10cb01b15ca04995620f29a4aaf57de8b2a5ed97', 'ABRIGO LOVE TREE', '371', '45.441', '680.00', 'abrigo_arena.webp', '', '2024-12-14', 0, '2025-01-30 01:21:10'),
(339, 'abrigo_love_tree', 'zwRUWCVGnrCk0Xbz', 'fa9f73adfb3362dce5950164b34327ca0d62ba1b86ed8eec4fbe068d9e8529a0ae975e22cc616ac47a063e211bb1d1f0db9f16245fc3ea70276921602a2f8658', 'ABRIGO LOVE TREE', '371', '45.441', '680.00', 'abrigo_arena.webp', '', '2024-12-14', 0, '2025-01-30 01:47:32'),
(340, 'abrigo_love_tree', 'lI3pTZFdWTXxT2kL', '4fb8b8f3f94ba6270c916b94791d6b9a2ef34b061860441526d74a4c8dd1b7d532637ccf76dce91ac7541a7717566e2c664062722855902e46ae805c69f27327', 'ABRIGO LOVE TREE', '371', '45.441', '680.00', 'abrigo_arena.webp', '', '2024-12-14', 0, '2025-01-30 01:51:54'),
(341, 'abrigo_love_tree', '1kf0m6Lyi1Oq9lnS', 'db61daa204d40fc01ddc38a0ac2feb65495e016cdda978d8237352c7a5c16067f27a1395b395fb8fd9b3c53b9bb04100d72272af50bfc05d1d6f6b1d582ece09', 'ABRIGO LOVE TREE', '371', '45.441', '680.00', 'abrigo_arena.webp', '', '2024-12-14', 1, '2025-03-28 11:08:52');
INSERT INTO `tbl_boutique_productos` (`p_id`, `p_url`, `p_token`, `p_token_encrypt`, `p_nombre`, `p_precioCompra`, `p_ganancia`, `p_precioVenta`, `p_imagen`, `p_qr`, `p_fcompra`, `p_activo`, `p_fregistro`) VALUES
(342, 'pantalón_tipo_cargo', 'SwMwRBNqwC0fENHo', 'e7dad68fb7554b72b58edd75b0473d300d35f691ee8888b0c35aeb6f2aba6bd6112b18415135c4ba86f410e34d385ec1a23b0baeff66a30c39ec37c8266ee2e3', 'PANTALÓN TIPO CARGO', '238', '47.111', '450.00', 'producto.webp', '', '2024-12-14', 0, '2025-01-30 01:10:34'),
(343, 'pantalón_tipo_cargo', 'fYXoCGAK4hTah0Aw', 'c2bcf6d0713ce23df14fc1048a331b52431c0b34e1da6b0f683dae0be8ba9fca98c5d27306c1db94a13febe5004990cbc28694060f9095da39f73dd468448c1e', 'PANTALÓN TIPO CARGO', '238', '47.111', '450.00', 'producto.webp', '', '2024-12-14', 0, '2025-01-30 01:48:18'),
(344, 'pantalón_tipo_cargo', 'M3rPA0RjekWJEseG', '3ef05aa8f4d97c70267df28aacc54ba96534df0460bcf2636581ea5054a3432e3fcc0bf513694c6b9cf7985d6760a4221f34f110d128581d5c0bc594f83c5e84', 'PANTALÓN TIPO CARGO', '238', '47.111', '450.00', 'producto.webp', '', '2024-12-14', 0, '2025-01-30 01:00:43'),
(345, 'pantalón_tipo_cargo', 'E7rmfmd0ifMeeUca', '9e2776f8e7fe0b45de7d766081ffe43eb533445b2ad7afdfdeaf6690c7342c8b208fc8586b7bdbe1d8f44413aec1ced66d3446e418f929ea63c43dd15b5e587a', 'PANTALÓN TIPO CARGO', '238', '47.111', '450.00', 'producto.webp', '', '2024-12-14', 0, '2025-01-30 01:32:29'),
(346, 'pantalón_tipo_cargo', 'IFhckIb9rTADcRoC', 'f97ab2e12750f452bb8b9dd61abaeefb7df27c67aea58059eaced5ddfc0e2a2423252e7835e36ccc9e4e5de7ce3137dc54167cc9b5bd2dd87ad192ca541b3d37', 'PANTALÓN TIPO CARGO', '238', '47.111', '450.00', 'producto.webp', '', '2024-12-14', 0, '2025-02-13 10:33:58'),
(347, 'pantalón_tipo_cargo', 'mNV1eaVNPmYAkZYL', 'adf041abeba661e5cd631534ddca1786f4e2c448f5bae0103f7f9cf476484c98816e227202b4516177615a75357327c7f161b6035459572a5aaac617c16162f4', 'PANTALÓN TIPO CARGO', '238', '47.111', '450.00', 'producto.webp', '', '2024-12-14', 0, '2025-01-30 01:06:37'),
(348, 'chamarra_corta_love_tree', 'Yxl2cGG4weYUc5RH', 'd176f45e14d1681fea1cd07add6968e5d1cd4718850fe3c24e5950d29ac93207cd0793d39b1df7f9a1059642e38109517e8ac8039d04a63a844bd313e24d4ad5', 'CHAMARRA CORTA LOVE TREE', '343', '0', '343.00', 'producto.webp', '', '2024-12-14', 0, '2025-02-24 11:36:31'),
(349, 'chamarra_corta_love_tree', '4nGOiquC9QSHh0CU', 'ef836813e2cb95388d96e75deb05b1f0c8f170ca9b40a9b3264a20dd9b716baa806ad6e22afc6f8413c1e5752a234985f9aa67ace49eb7eb80230931a6d16326', 'CHAMARRA CORTA LOVE TREE', '343', '44.677', '620.00', 'producto.webp', '', '2024-12-14', 0, '2025-01-30 01:11:10'),
(350, 'chamarra_corta_love_tree', 'twTP53FM9QbR5v1m', '82a3a654be124ce9dd90f9b2377fb1f565f646ee05244f919eaf97b7896ceb20b7735fa15d6841e7d61c2654e75deb7f2e572566431da6f71e7a976f49861999', 'CHAMARRA CORTA LOVE TREE', '343', '44.677', '620.00', 'producto.webp', '', '2024-12-14', 0, '2025-01-30 01:16:40'),
(351, 'chaqueta_de_leñador_corta', 'y4lKmsVcFiNxLbKB', '657409c7967a4c51726ca710f16cef87fdccab47d3fecb24704c16bccc69b39dc197697f07432d0a23f685f07007a9e0c590080e9d1d859bd06bdb422bb934aa', 'CHAQUETA DE LEÑADOR CORTA', '247', '45.111', '450.00', 'producto.webp', '', '2024-12-14', 0, '2025-01-30 01:11:52'),
(352, 'abrigo_love_tree', 'YxFtNkBLau6HSdC9', '1c32a83369da0514a59831b4becc4ecd3329c1efa4f6f6fbce013f1581adef6107b3e4f06cec70cfe91f93b94238e008bc159ceba340dc9c799def28050ae4ea', 'ABRIGO LOVE TREE', '379', '45.0728', '690.00', 'abrigo_gris.webp', '', '2024-12-14', 0, '2025-01-30 01:13:31'),
(353, 'abrigo_love_tree', 'VMBZDC1LlShARAd8', 'f740856872d9d5393019cbe9c878654210bec1d438e2dc748ce97c5f00ce71cf81d991b555c220e46b2c50af32990d38818158bd59e189167f16a9b999cd4a6e', 'ABRIGO LOVE TREE', '379', '45.0728', '690.00', 'abrigo_gris.webp', '', '2024-12-14', 0, '2025-01-30 01:31:26'),
(354, 'abrigo_love_tree', 'N82sj3AJ7wNnAQz9', 'afe7913d1b2f54a92d7f0069c98c6c26f4375755063a0f1f91ce6ce5d0b3eba4215ace7da43a012e083e29df583e990fb966a18cb11c8cc60ac72a0f7a3686fc', 'ABRIGO LOVE TREE', '379', '45.0728', '690.00', 'abrigo_gris.webp', '', '2024-12-14', 1, '2025-03-28 06:02:27'),
(355, 'pantalon_de_mezclilla_js_j1326', 'OWXZXhH2YBCK2cCg', '0ab7e3a408ede1467d3ead4370ae84c06a00d62e9c67f446b7efe500933f1fc39767531e9b24e9aa8b0cf105399bdf761f4526a63f07cd010667c75a873e27c2', 'PANTALON DE MEZCLILLA JS J1326', '310', '44.643', '560.00', 'producto.webp', '', '2024-12-14', 1, '2025-03-28 06:03:36'),
(356, 'pantalon_de_mezclilla_js_j1326', 'kgVnYkvkJxObbb0a', 'b2d68236a2bf0a053620bd9edbd46fbbca135115f539e8f846917264bf168d76ab99196315c4439a7a27834f347c550c34032f2ee557d3899e58461adbb98ebc', 'PANTALON DE MEZCLILLA JS J1326', '310', '44.643', '560.00', 'producto.webp', '', '2024-12-14', 1, '2025-03-28 06:03:38'),
(357, 'pantalon_de_mezclilla_js_j1326', 'BWTKNndUexrJmTqK', 'b809e7b920809d245b34fcb0428638bff9af431cda236cda112d678490bd7b27a1b9f8895de4db0c6fa76317f5feecb725f78a0cc662ab37eca7942905d14d15', 'PANTALON DE MEZCLILLA JS J1326', '310', '44.643', '560.00', 'producto.webp', '', '2024-12-14', 1, '2025-03-28 06:03:40'),
(358, 'pantalon_de_mezclilla_js_j1326', 'qlX1YEO4b0NpUojO', '7c7b697fd98dc917413be87c3ae3e7fd813facbdbe15d4e4f23806db7fa18e2d69d440884982425806082bc146520f6266a4078ce23ef2551bfe9c27617125ec', 'PANTALON DE MEZCLILLA JS J1326', '310', '44.643', '499.00', 'producto.webp', '', '2024-12-14', 0, '2025-03-28 08:42:40'),
(359, 'pantalon_de_mezclilla_js_j1326', '6qhtRBKOxVOdBQpG', 'e92e3a07cd4b9513a7fdcff59a2003a585d210292bd0275b7cd173e4b08599caed60ba210d5f954aceb0ee64685e7569d9d7492eda40f4c8f1e3900ae773c2d4', 'PANTALON DE MEZCLILLA JS J1326', '310', '44.643', '560.00', 'producto.webp', '', '2024-12-14', 1, '2025-03-28 06:03:46'),
(360, 'pantalon_de_mezclilla_js_j1326', 'r7EGS6XYCgmS0ktN', '78915e83493a6022212f9320c64207891b37ecd0c24916af06df23d86ff37c8931a9d5af0a67cabc30b7ef16af6fd5dd797e2651954fad5f7c1d170112efbdb5', 'PANTALON DE MEZCLILLA JS J1326', '310', '0', '310.00', 'producto.webp', '', '2024-12-14', 0, '2025-02-24 11:31:47'),
(361, 'pantalon_de_mezclilla_js_j1326', 'jtP5FXTyDg4DQer4', '15ec421368b091db033724a1c6207f9c39021a066c498ac5fd6e6819ebeca7c79b1d9ac370bc3cbdb0bd34c6ed4fbbc7ad51b9c433b7dd5f06f9f5922e6c2206', 'PANTALON DE MEZCLILLA JS J1326', '310', '44.643', '560.00', 'producto.webp', '', '2024-12-14', 1, '2025-03-28 06:03:54'),
(362, 'pantalon_de_mezclilla_js_j1326', 'b2RGScvLUHe2A8ma', 'c3ff9c8429736814a1a6033f71173d74b8e7444d30fce0b62c36fe6dcb47524f68f27ec30f5c001ab931ccee8651723be11476911d81870bbdb8a3e74fb75b96', 'PANTALON DE MEZCLILLA JS J1326', '310', '44.643', '560.00', 'producto.webp', '', '2024-12-14', 1, '2025-03-28 06:03:56'),
(363, 'pantalon_de_mezclilla_js_j1326', 'C40mVVsIlXYE02rF', '46aff9d5b55bf97ddf23d33115e8d0f275b85ec47d1d5a5cc10a94b400be84ac327a4e4449b894bed6e952de3ddb58ef2c1a483091a6d105986bbe55ecf4d9ba', 'PANTALON DE MEZCLILLA JS J1326', '310', '44.643', '560.00', 'producto.webp', '', '2024-12-14', 1, '2025-03-28 06:04:00'),
(364, 'pantalon_de_mezclilla_js_j1326', 'sD6PxVtqUxqbxKCz', '136f5cd30ddc0b91a5fc2b246e37673602af542b537c2139b03537c0463d9ea3e97f09763459baa4bfc35cce046799d91c1b5aba5bd1bd0406d7f71fcd3fbaaf', 'PANTALON DE MEZCLILLA JS J1326', '310', '44.643', '560.00', 'producto.webp', '', '2024-12-14', 0, '2025-01-30 00:59:20'),
(365, 'pantalon_de_mezclilla_js_j1326', 'yoMGjlGAwGDSnuBX', '598c9f0237ae578afc4c9dc71ea303bc6ee1006859c0faacb9dd7f0ce134d7684df045e57723e5fb914d71a849ba2ed09b2db637b6b56f3a4595b4768becbbbe', 'PANTALON DE MEZCLILLA JS J1326', '310', '44.643', '560.00', 'producto.webp', '', '2024-12-14', 0, '2025-01-30 03:58:20'),
(366, 'pantalon_de_mezclilla_js_j1326', 'v37hIFTkFMYgWPHv', '6c81e9ede042a6c546ad4a3004d476db1956e13db641168c412c4643e05eee3fa3bd55804158f66b62714465eb4fe1ce8d0185f286de3b062322fc78e2bb1365', 'PANTALON DE MEZCLILLA JS J1326', '310', '44.643', '560.00', 'producto.webp', '', '2024-12-14', 1, '2025-03-28 06:04:04'),
(367, 'falda_terciopelo', 'ZmaAdOyu3o8Eox9u', '224ca5f8f5068ba0875ceb9857db9f8f486c6ad5e0d03e7cc554e8ffb244f3993b5a80817b6cc59cb3373c088d94747ec60ed7656854b4627475e3063c8a2765', 'FALDA TERCIOPELO', '200', '33.111', '299.00', 'producto.webp', '', '2024-12-23', 1, '2025-02-22 12:18:48'),
(368, 'falda_terciopelo', 'Q1TZTWrhtvqaybwB', '6d4e6fec254bb5603aeeb17fe21bac251dfe9fef413ab8c4623d39c9fe762e69f9da08f3cc54dbf88a371f417947d987418bbdf242416a99045010230f715083', 'FALDA TERCIOPELO', '200', '42.857', '350.00', 'producto.webp', '', '2024-12-23', 0, '2025-01-30 01:38:46'),
(369, 'falda_terciopelo', 'f4agoWVwrqcWjcYl', '60078e17c4421b68e5541e114605de26ce00a6fec44636357580d1db681b0d98e06dfc6ef279b7171e1c60ff7203a90706552966ddbf0e2cba08b73521a261dc', 'FALDA TERCIOPELO', '200', '42.857', '350.00', 'producto.webp', '', '2024-12-23', 0, '2025-01-30 01:39:24'),
(370, 'vestido_aberdeen', 'SP6ldzMTjvxuiwMs', 'f71e0ccc36d41c1738c5a5e01653da85289981c9700523e5ca4aa650854b616db750d8da87d9285cf45990ca22ea9a891f895703b515d5f7ca42896285ef5d5c', 'VESTIDO ABERDEEN', '300', '0', '300.00', 'Vestido_aberdeen.webp', '', '2024-12-23', 0, '2025-02-24 11:21:33'),
(371, 'vestido_aberdeen', 'JQAXYUGd8JO1iVpN', '3e968a4289ef65db9aff9383cd894a2385a69d351a39bfb8e927ecea1d367f7f36845c89a7c5d86336471f42c127c972601bc69cff6b7d2aa38e95f14cd1003e', 'VESTIDO ABERDEEN', '300', '33.185', '500.00', 'Vestido_aberdeen.webp', '', '2024-12-23', 1, '2025-03-28 06:11:23'),
(372, 'vestido_rayas_negras_montali', 'VjRBjbj7m3g9om18', '823cb13c8e9e35320ac5c27cb7309c0e3906a001e002425610d47c2e7acccea6c60132a3d79be22f06263c7eac87170fbfb058996080d9e968a0bb1e040ed153', 'VESTIDO RAYAS NEGRAS MONTALI', '180', '48.572', '350.00', 'Vestido_rayas_negras_montali2.webp', '', '2024-12-23', 0, '2025-02-13 10:32:21'),
(373, 'vestido_rayas_negras_montali', 'dbCUL6Yddg6ruRbn', 'b901020a41d8b99ffccd17a1a31c2615c005d30b11fb6d31de80e3bb56e3070922b0e12bdefe71275e609a91481dad823660404b102a27192862cc5d2dd76f2f', 'VESTIDO RAYAS NEGRAS MONTALI', '180', '48.572', '350.00', 'Vestido_rayas_negras_montali.webp', '', '2024-12-23', 0, '2025-01-30 01:28:30'),
(374, 'vestido_rayas_doradas_montali', 'AabI2pLoNxf2jLze', 'ed2228a35d3f8a3edace500989bd4bae641d8685a5c27790c6e96b8a4b5ef0b21e270c435c6d78484fce88b6ea4cd897f8428695dcc91f954bd00c5983275382', 'VESTIDO RAYAS DORADAS MONTALI', '180', '48.572', '350.00', 'Vestido_rayas_doradas_montali.webp', '', '2024-12-23', 0, '2025-01-30 01:28:11'),
(375, 'vestido_miss_mia', 'Qcdv5vNK4VzTZsBD', 'cb33b4e32963ff737dd6cc236c891a21b1ee4544e4b645bc1e6de8369736200dba25dcbb9b267c88126c92c13679ab4a977f249905c77d08ac21377da193ebe9', 'VESTIDO MISS MIA', '180', '48.572', '350.00', 'Vestido_miss_mia.webp', '', '2024-12-23', 0, '2025-01-30 01:25:26'),
(376, 'vestido_miss_mia', 'e6Hs1R192HlcpSz6', '052b704f39d9af280abff3d2ea1fe69e87ed7b485bf736f3eba85c7a3aee58425fd246d345b182d5a6710d6ee72708af9858964f24ccaf27a1f85baaa50382cc', 'VESTIDO MISS MIA', '180', '48.572', '350.00', 'Vestido_miss_mia.webp', '', '2024-12-23', 0, '2025-01-30 01:27:20'),
(377, 'vestido_de_cuello_de_tortuga', 'M5Y4CX8SWJK1GLVv', 'c0ee85640d003fe30d2b9d2c8ce669650429264e0232a7cd85e9fd0374501c2285eb05a7cfc865bd058871073d2a54cbc009ea8649c3229da1429aad30c84440', 'VESTIDO DE CUELLO DE TORTUGA', '200', '42.694', '349.00', 'Vestido_de_cuello_de_tortuga_Gris.webp', '', '2024-12-24', 1, '2025-02-22 12:24:57'),
(378, 'vestido_de_cuello_de_tortuga', 'WRL6zLbdrXF6Xqdh', '240cf669c2fdf2cc6fb63709b2ac8b1b770ba00391709747a3fbc229bf31d9d0937ff12844280bb8206cc0f81bdfb4b213361de8287309a07b0a1cde8a44cda6', 'VESTIDO DE CUELLO DE TORTUGA', '200', '42.694', '349.00', 'Vestido_de_cuello_de_tortuga_Beige.webp', '', '2024-12-24', 1, '2025-02-22 12:25:04'),
(379, 'vestido_de_cuello_de_tortuga', '9NJ2kBF2lk7O8ZE6', '00860ce6cc86e3f1e614494ee47ed47c65605b42cd0ffaa8db54a4230af2b1ce751a281ca648fb0fac8d76cfc11b8248e09031cb85850e6e7a3cf81a88aaf965', 'VESTIDO DE CUELLO DE TORTUGA', '200', '48.718', '390.00', 'Vestido_de_cuello_de_tortuga_Cafe.webp', '', '2024-12-24', 0, '2025-01-30 01:41:51'),
(380, 'vestido_largo_transparente_cuello_alto', 'rwpwjayQCkxhz4hG', 'a05722834012dc474da0f1180f97fb88c7c555f1b5d78fb72746d0cb5b81ba892fcd2143295c79f996791c462f1d7accb3918b42f808406243abe93b90ff1235', 'VESTIDO LARGO TRANSPARENTE CUELLO ALTO', '280', '44', '500.00', 'Vestido_largo_transparente_cuello_alto_Negro.webp', '', '2024-12-23', 1, '2024-12-26 22:54:05'),
(381, 'vestido_largo_transparente_cuello_alto', 'aKxsUsbIRoZMZf54', 'b07f55c85351ddc52b44b20b5bae11e1d3c8315434537b98581466ab5e1d64a4c5dcce5dc391495c1e90ad3a317e2d114d8412651ed67aa55aada59c3246bca0', 'VESTIDO LARGO TRANSPARENTE CUELLO ALTO', '280', '44', '500.00', 'Vestido_largo_transparente_cuello_alto_Negro.webp', '', '2024-12-23', 1, '2024-12-26 22:53:53'),
(382, 'vestido_largo_transparente_cuello_alto', 'amxa4xT1tZAy6670', '48139933f3adbf9d59543dd15305eb68fa0c30e9bb8c99da542ade815856865e9127ac389e260213496f7dfc040f96c1e38265a29a86bf9cd4d1ccbc96a0ebbf', 'VESTIDO LARGO TRANSPARENTE CUELLO ALTO', '280', '44', '500.00', 'Vestido_largo_transparente_cuello_alto_Negro.webp', '', '2024-12-23', 1, '2024-12-26 22:53:48'),
(383, 'vestido_largo_estraple_velo', 'TSuUXAi3yB8ascfs', '9c26ea394f5cd5c38857184ec729c2cb91f960674e413f6481e9b6d7740ed819d5a80aa1c5146db4da6878552cd25c255173e64775c0f609f8efa8e654b37d1c', 'VESTIDO LARGO ESTRAPLE VELO', '320', '36', '500.00', 'Vestido_largo_estraple_velo_Shedron.webp', '', '2024-12-23', 1, '2025-03-28 06:09:45'),
(384, 'vestido_largo_estraple_velo', 'TLHacWBfttxV1FbL', '7ad6c5ff48e84a44c56cdef5f67339709c777f2a03817502678b4de58e761bc8ed74f00bbc168b09b7db75b6a06a3f615a1797462f0b4e8e57fd9adaa611a0f7', 'VESTIDO LARGO ESTRAPLE VELO', '320', '36', '500.00', 'Vestido_largo_estraple_velo_Shedron.webp', '', '2024-12-23', 1, '2025-03-28 06:09:48'),
(385, 'vestido_largo_estraple_velo', '0oJo96xintISg93y', '59865062a71cdde2ee3196d4d251b73e858cea9bd6ad8e77b30e64082e76d347f26db841652270fb92b510ebb1bdece44a3ab3103417c403a6785ea0f08f2373', 'VESTIDO LARGO ESTRAPLE VELO', '320', '36', '399.00', 'Vestido_largo_estraple_velo_Shedron.webp', '', '2024-12-23', 0, '2025-03-29 07:52:28'),
(386, 'vestido_largo_estraple_velo', 'q28lc0xV68fn6k76', '54dfcfe77e1cb39ad46cab07b396a8f7d0c79b179ea060c614189b18434b36e478fcd789b9127591c53d5aa998f422035a0357c72d95bd8e8257f8b941995978', 'VESTIDO LARGO ESTRAPLE VELO', '320', '36', '500.00', 'Vestido_largo_estraple_velo_Gris.webp', '', '2024-12-23', 1, '2025-03-28 06:09:52'),
(387, 'vestido_largo_estraple_velo', '7kK9AtSIwEJKeAvX', 'c8add2c61170959710e81f62f268f1016e3ae51dac0213319ec3189846545bb8366f3ab576775c91c6d860674850caa8355d419728e84225655159569a49243e', 'VESTIDO LARGO ESTRAPLE VELO', '320', '36', '500.00', 'Vestido_largo_estraple_velo_Gris.webp', '', '2024-12-23', 1, '2025-03-28 06:09:54'),
(388, 'vestido_largo_estraple_velo', 'KuUYUlS8mfzVIG3y', '2aeab36f5736a970885c90b9671fa76a7bd764e06ffd1edb7e1dac2092d98a181f9e6c25e4cc75e7a63426a10ea75782bcfc796d893fc4aca7b0fce5c0c1260a', 'VESTIDO LARGO ESTRAPLE VELO', '320', '36', '500.00', 'Vestido_largo_estraple_velo_Gris.webp', '', '2024-12-23', 1, '2025-03-28 06:09:57'),
(389, 'vestido_largo_brillos', 'CJJI2PlbLXh4mmjF', 'd14734d3f0204294ad4481a3db596d1e36012fd9433efbc8bf6d2535fadf50603888a09c5a9c3b989839ae12b85fcad101de97c2693ca04e94e255890ade0594', 'VESTIDO LARGO BRILLOS', '300', '40', '500.00', 'Vestido_largo_brillos_Silver.webp', '', '2024-12-23', 1, '2024-12-26 22:47:44'),
(390, 'vestido_largo_brillos', 'YQ6Opmx6RXCsGwZc', '08e97d5682e12fce4335f71e82e5e5db77df922c70f6081e1f34c34b447f81685051cbb303262af73302d35276f9a0ac241f249b94f598960159833e3593d6a0', 'VESTIDO LARGO BRILLOS', '300', '40', '500.00', 'Vestido_largo_brillos_Silver.webp', '', '2024-12-23', 1, '2024-12-26 22:47:41'),
(391, 'vestido_largo_brillos', 'Gjk2w3KnJzpaiPjP', '4d0023859f37c86c38dbd4094350717ed14d40fd427d487e2ecae4d9bfd14b7c5292eed654ef13c45ae9ac8f6ae053861334a79dae32f4061b93943a4ee7c0f0', 'VESTIDO LARGO BRILLOS', '300', '40', '500.00', 'Vestido_largo_brillos_Silver.webp', '', '2024-12-23', 1, '2024-12-26 22:47:37'),
(392, 'vestido_largo_brillos', '5jLkLRdpYfeiQcZE', '30b5afb0d7ca65cd12531c5156bdf4139846252059720431feaab7c8a69cc20e686de8ec84837d37039af894a68bddec6996f3d7dfd5441ef303215faeb3b8c2', 'VESTIDO LARGO BRILLOS', '300', '40', '500.00', 'Vestido_largo_brillos_Champagne_gold.webp', '', '2024-12-23', 1, '2024-12-26 22:47:20'),
(393, 'vestido_largo_brillos', 'veRt4i7Qk7zB9yR9', '8e033170862498a2169c0c9086cf57d7691765bce2d0f5ce447509dfa9446ff87c5b35398a20e2e09aa7532ad60690460a409347a22ebf5ea5948d3e6e94010c', 'VESTIDO LARGO BRILLOS', '300', '40', '500.00', 'Vestido_largo_brillos_Champagne_gold.webp', '', '2024-12-23', 0, '2025-02-24 11:39:49'),
(394, 'vestido_largo_brillos', '4UFAmNYz8hHUKipA', '9f5e59ce6a9812570e260942906402bfe866ac36a2fac9f619df53eb099e390b8f36a0b79cb7b438be84fff10c78e03d46d4dc743f49c7ad7b2be7e6876886f7', 'VESTIDO LARGO BRILLOS', '300', '40', '500.00', 'Vestido_largo_brillos_Champagne_gold.webp', '', '2024-12-23', 1, '2024-12-26 22:47:05'),
(395, 'vestido_de_encaje', 'sLCDitpis3kteZrG', 'fc6b4e42414cdf526bf434dc6df3c7897437670a8beea6c327ba48585a554f3dc19437cc3378e70d4f65a81dcc118f5368a35276e0a17b353f1076294f55397d', 'VESTIDO DE ENCAJE', '275', '43.878', '490.00', 'vestido_de_encaje.webp', '', '2025-01-20', 0, '2025-02-13 10:30:23'),
(396, 'vestido_largo_de_botones', 'ikCaSYbD18gF4De5', '23ec33788ae5fe0de082254506daf6b0531ca8faa57ca186cb34008086c37cd1dc93e814d6264e12c57cba6a2cb5b808d8eefaca83dddb49c0fd7ac18ec9896c', 'VESTIDO LARGO DE BOTONES', '205', '44.595', '370.00', 'vestido_largo_de_botones.webp', '', '2025-01-20', 0, '2025-02-13 10:17:19'),
(397, 'vestido_largo_de_botones', 'OjHrLrlUCfui1lJN', '59683163a0b0b1ede53804d9ca009aa016e69dbcd6948aeeedea1592e17ae5012252366449fb8c0e95b3b7675434ff54842095c2dc3967aa29d203a2bd40b79f', 'VESTIDO LARGO DE BOTONES', '205', '44.595', '370.00', 'vestido_largo_de_botones.webp', '', '2025-01-20', 0, '2025-03-28 08:35:08'),
(398, 'jumpsuit', 'jyyHw09bsZznuYEn', '20d084304f5bbe33aba6d7bd5fac81a1ebbde6223d7abfb4f4ce5df304a20d634ec153d49fa56a041ec9b39df4f316b3df4a227902393af0cbe5f9afbd249a40', 'JUMPSUIT', '250', '44.445', '450.00', 'producto.webp', '', '2025-01-20', 0, '2025-02-24 01:56:55'),
(399, 'jumpsuit', 'wDwHs7gZ3CQ0gOSx', 'a8a650be363cad7a9cea885fb8edaa09be6573f6b978345c4d837d0c2eac902e174402e3a41f0eb0e00a4ca37aba361096ec6a2f94928d7024c67dad3bddf018', 'JUMPSUIT', '250', '44.445', '450.00', 'producto.webp', '', '2025-01-20', 0, '2025-02-13 10:13:14'),
(400, 'jumpsuit', 'DlOy7dYZiTPccyYj', '7aafbe5c4891d26cb302fdabdb1e49185735a6ce35f7656a328188a72813aa44e57794b654adc5776ec28cb1e3f97679379b6e127027fc1bb73c8a4de7d03f8f', 'JUMPSUIT', '250', '44.445', '450.00', 'producto.webp', '', '2025-01-20', 0, '2025-02-24 11:46:10'),
(401, 'jumpsuit', 'A0L0wChAhZynCFCB', '3e6f68c8896c1d59a289d178ab10e8e8b7cd3bb8754a3330f7e200e4c86f33be0952d6c2a9d5227880d72b1e8aa71a92996501d8defe17a54049a89b6d534539', 'JUMPSUIT', '250', '44.445', '450.00', 'producto.webp', '', '2025-01-20', 1, '2025-03-28 06:12:43'),
(402, 'jumpsuit', 'iOsZyaOeRJ05d6H4', 'ec0d60910a74d688e6606995db268eb29400556095a6835c05e3d1fd1bec66b2d2b8445a5d0ec992a8776c12f0211c802478223d9015ed1994cc16fa019f5026', 'JUMPSUIT', '250', '44.445', '450.00', 'producto.webp', '', '2025-01-20', 0, '2025-02-19 10:43:01'),
(403, 'jumpsuit', 'XRqAGsoJ1oeIsrOH', 'b0ed39e869db8246cb36e5400d8cec0a631db0b58b9507757830aaa55f3c98e358072957ca3b91ef0081e39d3842f2c10c4dfec1478eccc36dc6653381fce6b1', 'JUMPSUIT', '250', '44.445', '450.00', 'producto.webp', '', '2025-01-20', 0, '2025-01-28 08:13:22'),
(404, 'vestido_largo_playero', 'vUMLcOl3eXJMibmH', 'b50d8c718a0615bc4d2819031469823c17540ac66c3b25929ad2e7866c83fcf294d5e09b32396fd3ad78f019b586f8f9218e7ba23cf1a7246d12aff8efcd7f7c', 'VESTIDO LARGO PLAYERO', '270', '44.898', '399.00', 'vestido_largo_playero.webp', '', '2025-01-20', 0, '2025-03-28 08:45:23'),
(405, 'vestido_largo_playero', 'yrnAHtYMGJ3wpuNU', '19d26eb21abce17184b044a3460f52d8a555721eeb13ab7af8693093cc22627584986799dcdf48dad75d5e9cad8ac227c826a9b00f04d3f7246a99aaaa4a6c75', 'VESTIDO LARGO PLAYERO', '270', '44.898', '490.00', 'vestido_largo_playero.webp', '', '2025-01-20', 0, '2025-02-19 10:50:44'),
(406, 'vestido_largo_playero', 'GF3QxvKNDA3ynAlb', 'fee9ab7af313c6b4818d37b08326904d54a9f4e0a30691727bcc928e69a6d12a2dd06b199eb84b9098f1a36857b0ca0cdc4cab168112154d63c753f9dea08614', 'VESTIDO LARGO PLAYERO', '270', '44.898', '490.00', 'vestido_largo_playero.webp', '', '2025-01-20', 0, '2025-02-19 10:54:35'),
(407, 'vestido_blu_pepper', '0zXdfm0SkhB2AQQW', '2ee941e14b6cf63b00575f1ed0cf782afb70335c6e1514ad4847f4500ac9a139e88731d9cf689468f0ca9f00050234ac00afff53fa9990526c068e30beafe156', 'VESTIDO BLU PEPPER', '265', '44.792', '480.00', 'vestido_blu_pepper_negro.webp', '', '2025-01-20', 1, '2025-03-28 06:13:40'),
(408, 'vestido_blu_pepper', 'n8PymAxI7nZxTuPP', '3b2321c858c86d4b4c3736ddc6d45d804d161b52cc9e0841b1dd7667e96a9e8aaa1b07326eea9f02511b8f1bca8caf099e3674c87cf15c8c454180c258b8cd86', 'VESTIDO BLU PEPPER', '265', '44.792', '399.00', 'vestido_blu_pepper_negro.webp', '', '2025-01-20', 1, '2025-02-24 02:34:53'),
(409, 'vestido_blu_pepper', 'iRwR9UWvr39euaeQ', '59c2683dbcff24c3f77b5827e63d5b70b4ec5c09dd2f823ca0549856928f4e12e381ae894da61f1201a452dccd3f6464db2481417fb2ca5339691d8a9cc4b2eb', 'VESTIDO BLU PEPPER', '265', '44.792', '480.00', 'vestido_blu_pepper_negro.webp', '', '2025-01-20', 0, '2025-02-13 10:18:38'),
(410, 'vestido_blu_pepper', 'YUAN3dtUYmlrqXg8', '71698cbfe14fd136d142cf2babe943d774c60194ed217b99682d3e1479d1096109a11f916a1a73314e53ffa5825e007d01c43dc48353a85e6c733f785f2d2108', 'VESTIDO BLU PEPPER', '265', '44.792', '480.00', 'vestido_blu_pepper_cafe.webp', '', '2025-01-20', 0, '2025-03-28 09:21:58'),
(411, 'vestido_blu_pepper', '1bLIQAcUNdeIINbd', '534003d0fdefe84e6f000c314293bcac805e979ba048126115354df401f41bf2256c551bf3fa98c1c1ca5f6ec49b1900e11b4a9f3c324a1859dbdccdb7954663', 'VESTIDO BLU PEPPER', '265', '44.792', '480.00', 'vestido_blu_pepper_cafe.webp', '', '2025-01-20', 0, '2025-01-30 04:03:19'),
(412, 'vestido_blu_pepper', '8zR2x91QP1xccp0j', 'adc068563c5938a41f066423c90904b8f04ff8aadff65cb0485fe07239b8a4383aa81ba94b26b4e9a8a3018c7995906218cec51c76b045d0926ea69ce4ada006', 'VESTIDO BLU PEPPER', '265', '44.792', '480.00', 'vestido_blu_pepper_cafe.webp', '', '2025-01-20', 0, '2025-02-13 10:19:12'),
(413, 'vestido_blu_pepper', 'MSfb8gYLbeVNElAw', '462d2083c1a9f79f6dbeb7bed56f1fb9f6d36178e9e14f21f9ef356903bd7904cf2cec6a5ffd413e05743f380bf850e8922c2ecafc81b1dcb6c9ccf4f2b4712e', 'VESTIDO BLU PEPPER', '265', '0', '265.00', 'vestido_blu_pepper_beige.webp', '', '2025-01-20', 0, '2025-02-24 11:14:41'),
(414, 'vestido_blu_pepper', 'FWUS9Gj1GLkHH1HD', '7683e94402dd3ab40f7ffc1a22e6c05d8d6298e7c4830519c68136ab5151bcbe98f69146c636b7d386ceb3bece134a546952842dacddfc1fd4ff18e4f4a2328a', 'VESTIDO BLU PEPPER', '265', '44.792', '480.00', 'vestido_blu_pepper_beige.webp', '', '2025-01-20', 0, '2025-02-24 11:13:23'),
(415, 'vestido_blu_pepper', 'JjVM4VqUD9yZN8qs', '57a390dc0b61f27ec85d272f31ade76777beabc2d4b4e107b50dcfdc0c6b124f3da362ec41c5457cc2c82701ea67440e59bfc2f50fe31a6c210b30c261056d05', 'VESTIDO BLU PEPPER', '265', '44.792', '399.00', 'vestido_blu_pepper_beige.webp', '', '2025-01-20', 1, '2025-02-24 12:32:33'),
(416, 'vestido_corto_yao_start', '2oSEMwehyhNvJ9RA', '9c8c830299e700956fc49016b91a0555a2913f52c5d3b91199dd739f53f682938c642ad70a217b50575ad2fdffd7de62585d60589f0eae76a7f47224bd8b099f', 'VESTIDO CORTO YAO START', '180', '48.572', '350.00', 'vestido_corto_yao_start_azul.webp', '', '2025-01-20', 0, '2025-02-19 10:52:22'),
(417, 'vestido_corto_yao_start', 'KviR4H6yZFEhd7N4', 'cdac7ecbeb17771a13eb43a5cea382ca2fb1ccd626e1c028a8de9fd3099928b4ee675e6f1cf2052aa8c3162eae5f19111bbf6978109bd9dce2704f2541297615', 'VESTIDO CORTO YAO START', '180', '48.572', '350.00', 'vestido_corto_yao_start_azul.webp', '', '2025-01-20', 0, '2025-02-19 10:51:33'),
(418, 'vestido_corto_yao_start', 'BLZJAdjLszmqgDmI', 'ffd58f7b0695c8d2670309093c8a2bed6993dd157b59fac8c747d9a6248005276740f7ca6afb35177b289560fbda864d270943a6d0ee4a3a0fac9f5a1b949d54', 'VESTIDO CORTO YAO START', '180', '48.572', '350.00', 'vestido_corto_yao_start_azul_m.webp', '', '2025-01-20', 0, '2025-02-13 10:13:51'),
(419, 'vestido_corto_yao_start', 'WGUNiibYUV9cxMkK', 'ce59718ca1fa2f237972b2bae53dd1fed95df8c49ab44261dc7c2a2c670b96fba3b749d1572f7e5cbc664b898a467f68d8de4b9988c1cbc57c7773ef43af1669', 'VESTIDO CORTO YAO START', '180', '48.572', '350.00', 'vestido_corto_yao_start_azul_m.webp', '', '2025-01-20', 0, '2025-02-13 10:24:01'),
(420, 'vestido_corto_yao_start', 'PPHIo9JdlJ8rkrX5', 'dbc58f2f303befb991010ca4226ccd1e43cd550090a90c0abea9b8ad2f86f55280671d13d6274ca7fd75cc52c2f6805ce933fc5489c05268ec487f1f13e0e720', 'VESTIDO CORTO YAO START', '180', '48.572', '350.00', 'vestido_corto_yao_start_beige.webp', '', '2025-01-20', 0, '2025-02-03 04:51:40'),
(421, 'vestido_corto_yao_start', 'HsZr9cM6rlA2PiGo', '09b0ac80114975445afca43d6caaac4965b57e7ae55570b7a3eaf8db5e7ab8a9321ce2726b90a56a452de58c6320b417cf4c01ce059a7c2f8d7b48525802d35b', 'VESTIDO CORTO YAO START', '180', '48.572', '350.00', 'vestido_corto_yao_start_beige2.webp', '', '2025-01-20', 0, '2025-02-03 04:43:05'),
(422, 'vestido_con_flores', 'bY7DgNNMJXIrqbJK', '93cfbfff2939a0e16c04abf509a91eccff5003125206f06b552165d436817683e3f28cf78c96a2087750456815d159f37c67f0379830ecb1c1da27a876c789ca', 'VESTIDO CON FLORES', '270', '44.898', '490.00', 'vestido_con_flores.webp', '', '2025-01-20', 0, '2025-02-03 04:35:36'),
(423, 'vestido_con_flores', 'tSEZS6YVHzxpeggb', 'd4077fe5f699cfc10e8ca5397c821c183fd86352c73e79bc0d71b0b2348dbb7f57190fa5d6de9a045a251ff1e0e74564a760ff8bcd225c81c9c7e370cc199f44', 'VESTIDO CON FLORES', '270', '44.898', '490.00', 'vestido_con_flores.webp', '', '2025-01-20', 0, '2025-01-30 02:12:41'),
(424, 'vestido_con_flores', 'j82AeXHX5Rn8e99q', '1c46004592f3e392f0e9e008eb1fcfe4704aee26dbf0bb72367f2df5280378f6cbef115072a98ee15d5211d5189d45a603da03366f20c2a7642c882e1411df1b', 'VESTIDO CON FLORES', '270', '44.898', '490.00', 'vestido_con_flores.webp', '', '2025-01-20', 0, '2025-02-19 10:42:09'),
(425, 'short_falda', 'Jd4bGrh5xm1QndtJ', 'bfe38ab2e3d8e75e0d13bd16d21458bf9cab767cc36711947dd5fcceab697f51360bda9af1a5e5ae90af025d4e954152531947bb319ff2c42e4f5c2b6a7e43ab', 'SHORT FALDA', '80', '60', '149.00', 'producto.webp', '', '2025-01-20', 0, '2025-03-28 08:35:59'),
(426, 'short_falda', 'Gb6afoiHQ2eVHaUY', '338f0f1f97948a5bd30119436af3804d2d7e3a639072dc1fdf8caaacec3cd5054cb742133a745c348e311ba39b513c91007676bb22b05fd9d1e1482883a3f1f9', 'SHORT FALDA', '80', '60', '149.00', 'producto.webp', '', '2025-01-20', 1, '2025-02-24 02:39:13'),
(427, 'short_falda', 'ZgrdpaqWaKQ6qTm6', '5344e2fae16d057f53cbcb37fffd7a57e949b20b70d5cf0f56329aa5d5a3974775e3c6e9ca785cea15288b051c316337662f5d2eb65498b5d9f7d9660f44b4ff', 'SHORT FALDA', '80', '60', '200.00', 'producto.webp', '', '2025-01-20', 0, '2025-01-30 03:59:58'),
(428, 'short_falda', '83e2RWnI8eyXanyQ', '7e5f7c0e9ae09454f9c1fdba837f6756f32511a0020e7dd2d71886853ae73dd068a6d10b4e6ea3b9951c2d0fae62698d3519d064db9467530cc1a23c0610d620', 'SHORT FALDA', '80', '60', '149.00', 'producto.webp', '', '2025-01-20', 0, '2025-03-28 08:45:53'),
(429, 'short_con_chaleco', 'V0mTgyAmPHPYJhHR', '3a5fdc4417e3fbe281f2b8b48370817756755f3a82d626bd679559104733eaa18623802060d0c3d970c1d2beb16a92622661edc2f5a43ea2b6d01b3c73b6572d', 'SHORT CON CHALECO', '170', '37.038', '270.00', 'producto.webp', '', '2025-01-20', 0, '2025-02-13 10:25:58'),
(430, 'short_con_chaleco', '1Q3Z1OFEgQSY6dIH', '39f804f016bf979791b771308bfc93e46b5486a9ab515293c0a5be7f5f779598dbe552f58fb0a94b3cf107377eb0dec0887b2ad965ee00b3fb4477499f5813a7', 'SHORT CON CHALECO', '170', '37.038', '270.00', 'producto.webp', '', '2025-01-20', 0, '2025-01-30 04:16:03'),
(431, 'vestido_halter', 'ZSdCcLu4OJPFlvqO', '9998bee3b0f2f675f9ad1cc2f95e68584346f496c0d54ee75cf32049d5feb43a7f9ceb64fbb6de04d66e6c7f086f1ad8775dcea7bec2cf7dc524e300c48a2a04', 'VESTIDO HALTER', '165', '45', '249.00', 'vestido_halter_azul_m.webp', '', '2025-01-20', 0, '2025-03-28 08:31:41'),
(432, 'vestido_halter', 'Jn10w5rlPYWhcXXV', 'a2306a33bef63fad6b2f750805618c77bfad00435bfdd7d138bb8d91a0b1df0a7af00d9b288e18f30ed94b86578e3ca7d84032927956d87f05216d2d47928a26', 'VESTIDO HALTER', '165', '45', '300.00', 'vestido_halter_azul_m.webp', '', '2025-01-20', 0, '2025-02-24 12:33:14'),
(433, 'vestido_halter', 'f94lP7QYPSWQdQkY', 'b25b586039a5234a81fc7b180812a866c4ea2dd6bbf924950f6af7d24fc71f467992d44d1ea43c8a914b8adcf1f99c1a6f81de052221ae61e1cdc8bd4b7b81d4', 'VESTIDO HALTER', '165', '45', '300.00', 'vestido_halter_cafe.webp', '', '2025-01-20', 0, '2025-02-24 12:30:33'),
(434, 'vestido_halter', 'tmZ3RCvjKnpKjhcA', '169f953336f1813edb71674b9dce2b1b7a4ef90f5319bdfcd661fae3a5e53eb1cb0b7154b9ede4121935b4f83ee5f7b8399ba48343abfb2fa6ebea0917950399', 'VESTIDO HALTER', '165', '45', '249.00', 'vestido_halter_cafe.webp', '', '2025-01-20', 1, '2025-02-24 12:33:23'),
(435, 'vestido_halter', 'Ie65zCLAx4reBcez', '5a5b3b60b7e4a7e862795745ff569d63e07b1ac07a8ac787e448717008ae19e19e98d90597edae4a85f69d3aa223fbf76fde5057bc939d1b15ea53b48b586aa4', 'VESTIDO HALTER', '165', '0', '165.00', 'vestido_halter_azul.webp', '', '2025-01-20', 0, '2025-02-24 11:24:27'),
(436, 'vestido_halter', 'SUhS6IC6AANdeRZP', '93764088021c7d73b0a9982a4601bcbf6fb3c654569868c7bf24104f6039e6bbb0d76d1aac73fc98b87ff7d092446f00a12e566dee5431d4eb1667cda36d4e78', 'VESTIDO HALTER', '165', '0', '165.00', 'vestido_halter_azul.webp', '', '2025-01-20', 0, '2025-02-24 11:41:25'),
(437, 'blusa_de_olanes', '3fnp0lK1MyJ554gb', '3b27b7189ed1031cdf26485e860631b2f85e4cd0f701c4044969d594de958c619ee00b592ecbc9e9c5b782ddfd2b3119317c25960e2626e220112a28dbb6482f', 'BLUSA DE OLANES', '130', '48', '199.00', 'producto.webp', '', '2025-01-20', 1, '2025-02-24 02:44:39'),
(438, 'blusa_de_olanes', 't9re1l4XaqVLNxYM', 'e59ec2a83be7141f707d6cffa0c065a27fc5e184ea331fa13631362785a7cb2320cea26edf2670348f55eb5653aff5948e3a6af1c66e06bdcde355b97bfac82c', 'BLUSA DE OLANES', '130', '48', '250.00', 'producto.webp', '', '2025-01-20', 0, '2025-01-30 04:16:37'),
(439, 'blusa_de_olanes', 'qfSL3hNw5m8Krhj4', '455451dfe16ab2b6cf7709f8f5d50dee985dd15b719960825e328929166bc77a52c0f05065923f697d35cf61c5db3c35dcc2954fc8b23dd45c960d2a90142a8b', 'BLUSA DE OLANES', '130', '48', '250.00', 'producto.webp', '', '2025-01-20', 0, '2025-01-30 04:16:27'),
(440, 'vestido_campesino', '7vvvUsOnLdPyJpKy', '48953aa2bf11c0000c64308f051f2221f5f0e7a943b2116b6098dc6c7e1cd1192b1ee29fafbb3e6ef8de72f5db3c99a7bec31805fd59d08b5682e12bc82d25b8', 'VESTIDO CAMPESINO', '265', '45.918', '490.00', 'vestido_campesino.webp', '', '2025-01-20', 1, '2025-03-28 07:01:07'),
(441, 'vestido_campesino', '1EWJF0cjqTYJwoki', '6cdbeda75f933e90d606cef5c83879dc2c902f088560c1d5a089a716c839f0c29e25b0afd595e5d938762d56fad64cb4408aea32afcf817e0c0a9e430f914128', 'VESTIDO CAMPESINO', '265', '45.918', '490.00', 'vestido_campesino.webp', '', '2025-01-20', 0, '2025-02-19 10:48:04'),
(442, 'vestido_campesino', 'zFwtA336wX3bGZjP', 'a08e455338619c0e0d93b182d25297b786047d74061b754c70948c9b9869eec4032163bb5f7be81e11f93abfa2ec221e3dcea2f2fbf65a84b4f64f26cdf9eb1d', 'VESTIDO CAMPESINO', '265', '45.918', '490.00', 'vestido_campesino.webp', '', '2025-01-20', 1, '2025-03-28 07:01:11'),
(443, 'vestido_love_tree_4893dn', 'jhyWv4u2opiu0TB1', 'b71ed5fc3b1dc31ae1c6cea0f0e11423e7cbc64df0418f8a0bb4dd66feecd3a7bdfdd054798dd6c6f03edac0ac59e4f06249db31d27cde69e363a2e7c4eae08f', 'VESTIDO LOVE TREE 4893DN', '262', '45.303', '500.00', 'producto.webp', '', '2025-02-28', 1, '2025-03-28 09:19:53'),
(453, 'vestido_love_tree_4893dn', 'oJETuqVfkTBIMumx', 'f52b412d50d9f78bbb1c875e69424143ca6f48bae772feabf278b2c1a1d7d9412fda0fd4e0d2f8d536897b82afbb33f3784d776e842c33d64b3ab27e511bf478', 'VESTIDO LOVE TREE 4893DN', '262', '47.6', '500.00', 'producto.webp', '', '2025-02-28', 0, '2025-03-28 09:19:28'),
(454, 'vestido_love_tree_4893dn', 'mzxAQkj47ZOz0gHY', '61e9cefdc73cdae10be245c8b94ab583a1f16093c2192ee0ab46b302dac415530984d7be3892c95098aa6e1960cf0a688a59636d5e498f9a1c246f94305ef6bb', 'VESTIDO LOVE TREE 4893DN', '262', '47.6', '500.00', 'producto.webp', '', '2025-02-28', 0, '2025-03-28 09:25:10'),
(455, 'vestido_love_tree_4893dn', 'MxrawWbwpY1KCeWs', '6098dac1d3ebf910d34b78f8be58ec2e68c23306f4393ccf1c414488b679ef3de2815f7d4a30207c3be628afe386dc29cbe8e40354bc0afc9f15528ce0c50ced', 'VESTIDO LOVE TREE 4893DN', '262', '47.6', '500.00', 'producto.webp', '', '2025-02-28', 1, '2025-03-21 19:28:19'),
(456, 'vestido_love_tree_4893dn', 'bZf1XC8XGMICbGUf', '96fc7db2850259e8c6db2b8ec89ca2617262da86556d0aed7330655d24077f6203930f0845eabb9da0ef89d771bc654a1a0933ded35f6df0cfba95477ed1082f', 'VESTIDO LOVE TREE 4893DN', '262', '47.6', '500.00', 'producto.webp', '', '2025-02-28', 1, '2025-03-21 19:28:36'),
(457, 'vestido_love_tree_4893dn', 'FmlguiTKpCCKzIWh', 'c20164ecb78caa5efdf4f08c054c7eb332f2d48b5aa676e9a68db757035b8ae9fdfbf7025c704fa157bbffe842506f03d773d1cd13579e42bc045c3f9d7332b6', 'VESTIDO LOVE TREE 4893DN', '262', '47.6', '500.00', 'producto.webp', '', '2025-02-28', 0, '2025-03-28 09:24:36'),
(458, 'vestido_okboth', '6Z5nnNpZfsQDRLHr', 'c9d81145ba3b0ba1631ef941a4ce42357e7e6c4097094274443ce7a0066e57f62c171a795cf09479d6be35a49f2001abc42b028124161bc8527787035aee18b5', 'VESTIDO OKBOTH', '250', '48.454', '485.00', 'producto.webp', '', '2025-02-28', 1, '2025-03-21 19:59:49'),
(459, 'vestido_okboth', '693oFpUAxeI9FT0z', 'd605ea7a65b3af4c8652e12e83a624bc5271d34629c068e8b6230a750a8ce42b9eb98086f088185a85cfd13991cbeb7fdc46a220329a7010d0d3e5e5a3f47409', 'VESTIDO OKBOTH', '250', '48.454', '485.00', 'producto.webp', '', '2025-02-28', 1, '2025-03-21 19:59:56'),
(460, 'vestido_okboth', 'fRmyeuSYjk1JKvPh', '6056acd7edefca941a1513882ea2607d8cfbc0ad405977441eb8fed3750d386841946b23b2d22b2cda2becd4a87fc3e10a78400a1f2f51d3d73906c23fe15595', 'VESTIDO OKBOTH', '250', '48.454', '485.00', 'producto.webp', '', '2025-02-28', 1, '2025-03-21 19:59:59'),
(461, 'vestido_okboth', 'LsIjWRhX4ERNmNN5', 'a938583965a988f0eee70a03da6b9ab478617781a62e00004ea5c484a843b19ac6a8eb2c2b752b0d8af70b6a6598dd4ed290eb178f679df703760d9a7fa6fabf', 'VESTIDO OKBOTH', '250', '48.454', '485.00', 'producto.webp', '', '2025-02-28', 0, '2025-03-28 09:26:03'),
(462, 'conjunto_falda_y_top_celin', 'AhpSdFwpWHm6qehK', 'ae7f234aef12c087da07080f836837ced89d5daac9376cd81cdea09513bdd4d2bcd3d8bdfc1c408c840393f067aa94aceeb7349040a8c2883eb3a44ae2081027', 'CONJUNTO FALDA Y TOP CELIN', '260', '48', '500.00', 'producto.webp', '', '2025-02-28', 1, '2025-03-21 19:57:47'),
(463, 'conjunto_falda_y_top_celin', 'QxrvIzjKjI2cBmtG', '6a17f2663d87168b8579a8a7e2871f919bcc40db4fb32fba41fa2beda9e70a553e0c70da766578a27230c80d3b5e5b4d4fd1cdca8ce5a7098ed4cf5c4c8cab42', 'CONJUNTO FALDA Y TOP CELIN', '260', '48', '500.00', 'producto.webp', '', '2025-02-28', 1, '2025-03-28 09:58:31'),
(464, 'conjunto_falda_y_top_celin', 'MyuSif3S0B9cv1yV', '81de9cf88b56f9bb2dff36a80ae2a55d10430b393862aca11f9386ec525f9ae90dfb66f322c4d3a494ac3bda971839fbfd30a1621fa6b803ae3c04ec01c08508', 'CONJUNTO FALDA Y TOP CELIN', '260', '48', '500.00', 'producto.webp', '', '2025-02-28', 1, '2025-03-21 19:58:20'),
(465, 'conjunto_falda_y_top_celin', 'S613YD3isYulklca', '20ea42eb22fe03e0f4716a710a74beb8afb8e7bc9636d16f682ddaf3bd0a448d8e0233be34fa650f17596c72e4dccb7e9155906fa4c9aba7c4c66b86d23e3fe2', 'CONJUNTO FALDA Y TOP CELIN', '260', '48', '500.00', 'producto.webp', '', '2025-02-28', 1, '2025-03-21 19:58:33'),
(466, 'conjunto_short_floreado', 'punavK5AJIwy80ZG', '3ecb12100e2d4f0840076e03bf1e91cb541daee5ee8581c776b74ddde657e994937992a631df9cd2231770671a62ac03887d491d398e9b658dac65d426398c52', 'CONJUNTO SHORT FLOREADO', '275', '46.602', '515.00', 'producto.webp', '', '2025-02-28', 0, '2025-03-28 09:23:54'),
(467, 'conjunto_short_floreado', '4ZQGQhrZWeADVn9z', '96cd7fdf608ba8b5f01fbb44df19b39c00d8758b21480a7942bc22ec05f206e5ecdefab117526766685ac13ce5bbf10fef8f8c578aa474946da6881699db4f9d', 'CONJUNTO SHORT FLOREADO', '275', '46.602', '515.00', 'producto.webp', '', '2025-02-28', 0, '2025-03-28 09:23:22'),
(468, 'conjunto_short_floreado', '7BrtZwugxGE8FpcP', 'c52bea5a13264e2c3ba4902e275c21127643b0ac30051b614305d0f3d0f9ab71dee000a96e41b59ea43a1dc0b0d2ceced561173546796d686f49296935bac4c4', 'CONJUNTO SHORT FLOREADO', '275', '46.602', '515.00', 'producto.webp', '', '2025-02-28', 0, '2025-03-28 08:46:52'),
(469, 'conjunto_short_blusa', 'JtD8q07IWARqdnCL', '4246705b14f5dea3a0afc35d90dd3d4adeb561d258fb1e708ac262d76bae0cd695e6a206275cfcb82435b08880db1c523b0496b42c679088cc0603513449b040', 'CONJUNTO SHORT BLUSA', '240', '48.936', '470.00', 'producto.webp', '', '2025-02-28', 1, '2025-03-21 20:05:04'),
(470, 'conjunto_short_blusa', '6VBHXv4DASwbY3HJ', 'bcdc58e75d561a3c8644fc33c174b616d220057eb15311b68ee3d8fd1154e80a0e13929bd66110babba36b09cc0d71acca8ea03e999f255d8756b1a62f951666', 'CONJUNTO SHORT BLUSA', '240', '48.936', '470.00', 'producto.webp', '', '2025-02-28', 0, '2025-03-28 09:11:43'),
(471, 'conjunto_short_blusa', 'YSZRHHtMarIVwmXx', '60410191db8a2dda69d1967c150874b19ba4a177123fffe7f57b589935351153a2ee3948fb6caab3e950693bde624c93bd73f0ddfbddb4352227e372c3748f97', 'CONJUNTO SHORT BLUSA', '240', '48.936', '470.00', 'producto.webp', '', '2025-02-28', 1, '2025-03-21 20:05:46'),
(472, 'vestido_botones_de_madera', 'TVJYobRx0d57zVJL', '1e72fabee1f863c864356ca45f839730364ce897fe55315fb5abc7f26d13a7d5edf21690c36f38ce3f05b6893663f4b4d31f97d414aa4e71c08bb511db1fc50e', 'VESTIDO BOTONES DE MADERA', '120', '62.5', '320.00', 'producto.webp', '', '2025-02-28', 0, '2025-03-28 09:41:04'),
(473, 'vestido_botones_de_madera', 'e8oMZbz1O6Ys5xWR', 'bf6d0be377d2cfe37e63b0f63b145775c710bceab9047597a1ed0056f893a07e8d926f6e2326675a1f051ccda174274b66caf93f38e2c238276b2b823f7232ce', 'VESTIDO BOTONES DE MADERA', '120', '62.5', '320.00', 'producto.webp', '', '2025-02-28', 0, '2025-03-28 08:56:53'),
(474, 'vestido_botones_de_madera', 'uhlJhuRV2p0q0OyM', '297deb53189eb8c6ea0febdfdf764efc4f9128b11f28f41b00ed43893d018230edaa2ee034419cf325d684152691c25efa3c19ca8779d92c59923877c0e36e8a', 'VESTIDO BOTONES DE MADERA', '120', '62.5', '320.00', 'producto.webp', '', '2025-02-28', 0, '2025-03-28 09:42:39'),
(475, 'conjunto_pantalón_con_top_celin', 'WwsQl9JzOSsVOeKF', 'd9dc2fa26a16c00405422986997ee96951c3cc352da579b6cb6de3e122639a7097bbd6458b147c52ed5317d8e70474607aad7ad0ae1302228a85cd7ad935fc56', 'CONJUNTO PANTALÓN CON TOP CELIN', '270', '47.059', '510.00', 'producto.webp', '', '2025-02-28', 1, '2025-03-21 20:09:42'),
(476, 'conjunto_pantalón_con_top_celin', '4uRk9DpmdBYlPnx8', '2f126f94e44a935bea30c0ef168a290ec6d9327854b258710012a03b99a3a974d9b27a0332c2b6e534cc22a50926f5aaa2b4d0120b5cf9f2d61494899ab9dfa9', 'CONJUNTO PANTALÓN CON TOP CELIN', '270', '47.059', '510.00', 'producto.webp', '', '2025-02-28', 0, '2025-03-29 06:43:38'),
(477, 'conjunto_pantalón_con_top_celin', '6GLZ3N1CtXLu49hq', '32cc3eb0176961b227caf0d97a4cb4db7186e2c9015d011a62b2c28b687aececcc9fd22196cb90575177594e6bffe32e427e6ef58f463ed4a7d48e957251bd92', 'CONJUNTO PANTALÓN CON TOP CELIN', '270', '47.059', '510.00', 'producto.webp', '', '2025-02-28', 0, '2025-03-28 09:03:00'),
(478, 'conjunto_pantalón_con_blusa_250684', 'UZ9no3zRvliHVfUn', 'f55372c8d37fda70d5a13c2baa50f667a551a2111025f3336effddb2f77a3464048bd33c23c0abaa6c1caea661d7430f94015538f64d52ea208d2b3e04e6148f', 'CONJUNTO PANTALÓN CON BLUSA 250684', '250', '50', '500.00', 'producto.webp', '', '2025-03-21', 1, '2025-03-22 11:09:38'),
(479, 'conjunto_pantalón_con_blusa_250684', 'MUtz3PYnRs6yXaqJ', 'db29bb128886c55f9cf4108e635571f46cb99cf979e189f983f834a0aa65b63647a56d548317127d55904cfbd86e46ed689f04bc215b1efdf7c05a29546ea7f6', 'CONJUNTO PANTALÓN CON BLUSA 250684', '250', '50', '500.00', 'producto.webp', '', '2025-03-21', 1, '2025-03-22 11:09:46'),
(480, 'conjunto_pantalón_con_blusa_250684', '7lOEfpFSUAyMQsYx', '4278ff924ae7f18021735fe4213e26f101eb8cef81fc30b4446a451b5177cf15d03d4365687f5ae12de5390cd714c9fe5c562b86d0cba0d4ada37d205bd6a4ea', 'CONJUNTO PANTALÓN CON BLUSA 250684', '250', '50', '500.00', 'producto.webp', '', '2025-03-21', 1, '2025-03-22 11:10:26'),
(481, 'vestido_8819', 'PupZWHN9Ty7bQqXj', 'bfe2c7c8f54917a150fa10b02c64a77b5494d7ee6e9829cd51490e2665f25f212ed86c6223a75b931396196f90a5af9784db9a70457f25509a669c1251de0bc3', 'VESTIDO 8819', '215', '52.222', '450.00', 'producto.webp', '', '2025-03-21', 1, '2025-03-22 11:17:31'),
(482, 'vestido_8819', 'YiPzDzRGMpjBUfyV', 'e63367005a642447b2fb57c881bde960ee99e672cbb762afbe453883a78d49ab90372a06fded13a08ae2bf3025637ed6d93bf08f215d9334d8771d769d83e9c5', 'VESTIDO 8819', '215', '52.222', '450.00', 'producto.webp', '', '2025-03-21', 1, '2025-03-22 11:17:40'),
(483, 'vestido_8819', 'mixzY7sq1PsIMEx1', '30fe9a132dda0a2bb4bcc9bb996cb9a693e6f4fc4813f589e21997ea5d7f8b1fbc6790001b353c3b51e9710eb96b21f11a80049d82963821bace4076f055f7c3', 'VESTIDO 8819', '215', '52.222', '450.00', 'producto.webp', '', '2025-03-21', 1, '2025-03-22 11:17:48'),
(484, 'vestido_8819', '0mQQuiIn7KyUzeJL', '70782d6f386c5ee9902b7d8d6978ec4da3eb3b9b87e269ea57c0c85f0976313577247ff516638e769d1041ad216909f84e786d3b945005cc388f10a03949ee21', 'VESTIDO 8819', '215', '52.222', '450.00', 'producto.webp', '', '2025-03-21', 1, '2025-03-22 11:20:45'),
(485, 'vestido_8819', 'PyeAlN7wjYgwDSaO', '509175265af6825beca14c3901052815837dba5f9aba345cf902b3be7a2edf87de145e3b5dbfbe303cf7ab5d6e1df2bc79e7dfc85dd4d218923cdd72ff1b31eb', 'VESTIDO 8819', '215', '52.222', '450.00', 'producto.webp', '', '2025-03-21', 1, '2025-03-22 11:20:58'),
(486, 'vestido_8819', '9iN6fXI5naFc5XSX', 'c234bcbde55398282b7da8a3fccafbf4c94971b3a2977ac2e716feebdc053af0aaf70be488609654e0f2a077f506b8c184d49fc84cd6f0f6b167480337de719e', 'VESTIDO 8819', '215', '52.222', '450.00', 'producto.webp', '', '2025-03-21', 1, '2025-03-22 11:21:04'),
(487, 'vestido_d13957', '447w3JKVUI4L4XNg', 'd20e3c0f8397d4f9711aeb641f2b6f4b0e20256f7e8326d0ef4dd9cbdf1f01b523ca9e78ae596451d2f6d8db1300636eada1f885416f8bf587388016e1fd1958', 'VESTIDO D13957', '259', '49.216', '510.00', 'producto.webp', '', '2025-03-21', 1, '2025-03-22 11:23:44'),
(488, 'vestido_d13957', 'XOPX6jzouXx7cJi5', '24cf90623866d44b76fbb772275759c0783a4899dbdbb82aff8a31c9258ec5d74643ce6d685f746575181db5e6b45decc48eff879b3eefa23e5de3a55d3eab26', 'VESTIDO D13957', '259', '49.216', '510.00', 'producto.webp', '', '2025-03-21', 1, '2025-03-22 11:23:54'),
(489, 'vestido_d13957', 'IOJglKFhvRHabOtm', '4148970f8f8d2fd7e6af7dbf13082a653e873880f591843ebab92f41b1f5ae727a9fbe1375fa08fb33fe5ba08fadcf8858d51164c055f7b6d45f150cebaeba5c', 'VESTIDO D13957', '259', '49.216', '510.00', 'producto.webp', '', '2025-03-21', 1, '2025-03-22 11:24:02'),
(490, 'vestido_4861dh', '8Zl29pMz3E0ADkmR', '00937247e8825cf54112eb3a310d408349707bafb29243b311b839c5d8462965e5caaced41a4237d8edea5a276dff622e2e03a913df14ebec98a7c1f072c8d47', 'VESTIDO 4861DH', '215', '52.222', '450.00', 'producto.webp', '', '2025-03-21', 1, '2025-03-22 11:26:48'),
(491, 'vestido_4861dh', '9lApnk8GxU0095Yd', '9bf56c3490827bdfc84da908c03205febfbd6102792f4c12bcfd716d0716e0575c60e8b45876d1967d284f3652534cd839e030e0b589d35920c1514061d2b7b0', 'VESTIDO 4861DH', '215', '52.222', '450.00', 'producto.webp', '', '2025-03-21', 1, '2025-03-22 11:26:58'),
(492, 'vestido_4861dh', 'G2xE4iBZ4Yyy6BXs', 'f032e33370bc69f631d620137a23f1adf94b056aae72887f4ca0b87ec0be0da595769d31729b9d88bfc6d748b366a4330361922cce4bda6a37fd3e6baef96b9d', 'VESTIDO 4861DH', '215', '52.222', '450.00', 'producto.webp', '', '2025-03-21', 1, '2025-03-22 11:27:06'),
(493, 'conjunto_short_con_top_3132', 'MHiT6jyvJW4BPsNY', '01ad1d25db019cbd9c7d78f9229e968e8868317d0f513786ab630b63e857e8560fcce1cb87e47690fc3d9219387d9e20617ae38230ef1c36727dba767f44abac', 'CONJUNTO SHORT CON TOP 3132', '240', '50', '480.00', 'producto.webp', '', '2025-03-21', 1, '2025-03-22 11:33:48'),
(494, 'conjunto_short_con_top_3132', 'nRKrtVBxUSsKmJlV', '7ca0fa92275f655354568735cb4d846e9cf7fc24f0760b7b5ec90a4a3a8fab3e0d927111386ccb87e7bb8384b6c96255507cd9609f85a64860be644744ada9a3', 'CONJUNTO SHORT CON TOP 3132', '240', '50', '480.00', 'producto.webp', '', '2025-03-21', 1, '2025-03-22 11:33:56'),
(495, 'conjunto_short_con_top_3132', 'sGPJYQfvbIKoZT50', '2ab6f992e802549335dbfea9ad6e972ed852167967b7537adbac89da3b7636f9d330f9e952bb632486f6a0a26ff609b43c04efda2e4d654ef77cd8161b06f047', 'CONJUNTO SHORT CON TOP 3132', '240', '50', '480.00', 'producto.webp', '', '2025-03-21', 1, '2025-03-22 11:34:05'),
(496, 'conjunto_short_con_top_3149', 'SGQp5qGoPZUUZsKD', '3f8dd5c6f84f81b9c43da41d82c7b9a49f5e49ef9ff75eef37536127914c0128514bde55abd99a8585ec38db99dc527bcce5f7b4d483f6ee92f3157041c1c7e0', 'CONJUNTO SHORT CON TOP 3149', '250', '50', '500.00', 'producto.webp', '', '2025-03-21', 1, '2025-03-22 11:36:43'),
(497, 'conjunto_short_con_top_3149', 'oqy0wUv2D59170PL', 'd355b4e0705d565cde4dec2808ba5d55c0000e61c16df3369b124ae7898fd702a296558b7b3f705265f97cba03d3fcaeed3c3ac4eb9c9b63f39a67e32262cce5', 'CONJUNTO SHORT CON TOP 3149', '250', '50', '500.00', 'producto.webp', '', '2025-03-21', 1, '2025-03-22 11:36:51'),
(498, 'conjunto_short_con_top_3149', '5J4SomAWhuzHEA8V', '71679aa3800baa41a0728883a291e245ea974912d6108279ecc67f58053eea94b3f1cc355e8cac3a8b0239371ac3ca06402da670e4266a0256dbe013249712c3', 'CONJUNTO SHORT CON TOP 3149', '250', '50', '500.00', 'producto.webp', '', '2025-03-21', 1, '2025-03-22 11:36:58'),
(499, 'conjunto_short_con_top_3149', 'rWZmRUclxKUbLLoL', '53bb720e81e258e21fa4e11e11f6bc29a5893411de1d11bcb4fa5e0a37ca86ad6bad573869860e39dff43ea5ee4e3eac1fd9e0c239154faa6ebc18dc3278d26d', 'CONJUNTO SHORT CON TOP 3149', '250', '50', '500.00', 'producto.webp', '', '2025-03-21', 1, '2025-03-22 11:37:10'),
(500, 'conjunto_short_con_top_3149', 'JTVWeTPEaQLHOtw1', '57f0a1e3b66862a7444562686941254e665cab064158352b781a7e533f897dff688266ca4f2c32c1dd90e5efec0ed66e4de4820bdfe82ce205fbbb9cdb17f123', 'CONJUNTO SHORT CON TOP 3149', '250', '50', '500.00', 'producto.webp', '', '2025-03-21', 1, '2025-03-22 11:37:16'),
(501, 'conjunto_short_con_top_3149', 'ZE5aJxPFqUMRG4ZD', '6737edfba66eae4f9bf26fee04e05258dc60d0c5d6a6a2bbfbcd3c216ecf9831ceb9bc5b9685ab2160bb73a432e36e06c87dea092d2187a0b3159bfa504484f4', 'CONJUNTO SHORT CON TOP 3149', '250', '50', '500.00', 'producto.webp', '', '2025-03-21', 1, '2025-03-22 11:37:25'),
(502, 'conjunto_short_con_top_3132', '8oerrKJXRS4Jv8A3', '5caac69ee3ff3fa0ff15c34dd49e6c6ef98c7821a09dc387c3631176f24aad0b2a289ccb41353592a85b36be45b05eea7cf8f9b02fdcb681dc25e37395799b56', 'CONJUNTO SHORT CON TOP 3132', '240', '50', '480.00', 'producto.webp', '', '2025-03-21', 1, '2025-03-22 11:40:26'),
(503, 'conjunto_short_con_top_3132', '6QJP0OC9DjP2oTj3', '40651ba683a1c56351a8e53135ea3c7a703bb60e117eb0e3d219a550c035ac423ab8b83833078bb8c215bbbb9565fd26eef6fe79f9a7ab1692f11658611052ba', 'CONJUNTO SHORT CON TOP 3132', '240', '50', '480.00', 'producto.webp', '', '2025-03-21', 1, '2025-03-22 11:40:35'),
(504, 'conjunto_short_con_top_3132', 'Gk5GbOZaziauH8yd', 'd0a6203be43809166c937b5366d3560b1c2b259549796c1e7c2d7ac30d13e226a2721ad499b3b1ac131c2242cdc2b592fc42346d2b9ef2d57aae4258c353e68e', 'CONJUNTO SHORT CON TOP 3132', '240', '50', '480.00', 'producto.webp', '', '2025-03-21', 1, '2025-03-22 11:40:41'),
(505, 'jumpsuit_3123', 'hMSlEyfeJTyYrCIa', '21840e0124c8f25c12ee683563461b0ca3614e6c7202348097cbe997b0f686fad92ae088901f394fba68424c152f2686a25728bf6325ad71e63e8b520ba89bea', 'JUMPSUIT 3123', '180', '60', '450.00', 'producto.webp', '', '2025-03-21', 1, '2025-03-31 06:47:49'),
(506, 'jumpsuit_3123', 'bPAkHwKVa8iZAg7O', '93683aa4585b6cc9350513a73559e27e1fb74c4c5cca47cd561237bdf4d9d93c9dfcaff3e8571ecddebbf0c6a261b468ec90048a3f4c6ad9af6b24386050a786', 'JUMPSUIT 3123', '180', '60', '450.00', 'producto.webp', '', '2025-03-21', 1, '2025-03-31 06:47:51'),
(507, 'jumpsuit_3123', '6oxNzYBNrdT6PDYQ', '38f7aaa73be623895c35f27034984c581a48b348143bf6f38a91890db19a0dba61f6faaf1c894cb81a8dfc72e76b71b18329146eac80672f4a6e2764d19d500e', 'JUMPSUIT 3123', '180', '60', '450.00', 'producto.webp', '', '2025-03-21', 1, '2025-03-31 06:47:53'),
(508, 'jumpsuit_3123', 'Cxbb72QnxfS1U3Dv', '9064c0c1f6133a6fb34bf169bc60f6acd59b30138c22d0adaf519e6e19434fa6200b0290f90234613e6c0e535bacd5c5aac3a63611af8be1a70189b2e4bdd2ab', 'JUMPSUIT 3123', '180', '60', '450.00', 'producto.webp', '', '2025-03-21', 1, '2025-03-31 06:47:56'),
(509, 'jumpsuit_3123', 'RLxtMTjgS8MKoZ9s', 'b04512ecda2968a4cefc5d23a75c2340137c987b4f1745e9d53693947517ff4cfb24b4f0e03d9afd2b5a956fdd47312ec1ad832c6700abf964871a4637c530f6', 'JUMPSUIT 3123', '180', '60', '450.00', 'producto.webp', '', '2025-03-21', 1, '2025-03-31 06:47:58'),
(510, 'jumpsuit_3123', 'YqHJwgGEzsjzGi3f', '2fc73c73c060a604e6765e4413cb8e2f42e2f9593fb94f640ec659af05498ba9fdda5dfa6ef2a9219763575ad133e154fc02987772fc874041afcf223e4325e1', 'JUMPSUIT 3123', '180', '60', '450.00', 'producto.webp', '', '2025-03-21', 1, '2025-03-31 06:48:00'),
(511, 'jumpsuit_3123', 'pOSrp8CSeF4KuLsC', '250c1bb0591ea2595515b8eb8b1d853817dc01b93d92b8fcb1af7325cc74a3472b2e5ec95734827b53a9f9f8748d4bf06e76359838f14f4126c8c8c6b31ae027', 'JUMPSUIT 3123', '180', '60', '450.00', 'producto.webp', '', '2025-03-21', 1, '2025-03-22 11:46:10'),
(512, 'jumpsuit_3123', 'CF0S33XXCCHmNbB8', 'd7a93db1b301e2b651c5f77001dab3796e349767c774ba0ec774a65d9b893ede9a8faf84b630e9aa863de950a87f2c54989deca009ba9bd607fdcad14eadf2d8', 'JUMPSUIT 3123', '180', '60', '450.00', 'producto.webp', '', '2025-03-21', 1, '2025-03-22 11:46:16'),
(513, 'jumpsuit_3123', 'z98ZFBs7QDsQHzwu', '93798155502f147fc75759ed4d570ed7b7298a0daff022388af2687f7d95a857e2f33f731fc0bf907605a413e79729e0ae9dfe7bc633e63ecdcedefef070389c', 'JUMPSUIT 3123', '180', '60', '450.00', 'producto.webp', '', '2025-03-21', 1, '2025-03-22 11:46:23'),
(514, 'conjunto_short_con_top_j3082', 'Fd14UJ92OS4RnHds', 'b0e2addf71ab66143770931c9acedbaedda8ee0fef11db37aa340f44e4d09cb84949b5fc514c3cc27e7a733c2ed31489c8470919717d3ba957e2f4c11315105a', 'CONJUNTO SHORT CON TOP J3082', '210', '53.333', '450.00', 'producto.webp', '', '2025-03-21', 1, '2025-03-22 11:51:23'),
(515, 'conjunto_short_con_top_j3082', 'fOySL3SAp3iNqYzl', '0dabc2d18852f3ccb44b7db93295b99fa85394975444c751baf3bd40355ed81aa845f03eb005ded3643f70b3f09de278fcebdf0b3cc6c34b7cdf442342c3f809', 'CONJUNTO SHORT CON TOP J3082', '210', '53.333', '450.00', 'producto.webp', '', '2025-03-21', 1, '2025-03-22 11:51:30'),
(516, 'conjunto_short_con_top_j3082', 'QbNhCJqTvE8iPbXV', '1fe340dddda45dac1f11b70918c3702d29dcfee3fb843c37375592fe2d476b04c2b49334e7f3f9b29485fb207cba4da3d4117f8dac148cfaaaf82f215596b08b', 'CONJUNTO SHORT CON TOP J3082', '210', '53.333', '450.00', 'producto.webp', '', '2025-03-21', 1, '2025-03-22 11:51:37');
INSERT INTO `tbl_boutique_productos` (`p_id`, `p_url`, `p_token`, `p_token_encrypt`, `p_nombre`, `p_precioCompra`, `p_ganancia`, `p_precioVenta`, `p_imagen`, `p_qr`, `p_fcompra`, `p_activo`, `p_fregistro`) VALUES
(517, 'jumpsuit_3139', 'MUyxq7yL3qm94Sgy', '2a34ee18c4bfe20cf6e6071173df7772ca53c2f8a4fd3ebe24c0a0adada12192a612226ed0cf22f0ba03161edd791b314b32a6cde6138cd52fa0ce788656f608', 'JUMPSUIT 3139', '210', '47.5', '400.00', 'producto.webp', '', '2025-03-21', 1, '2025-03-22 11:54:16'),
(518, 'jumpsuit_3139', '9ZO20nIwq9OTqIK8', '68bbf199e318e6f65159d8a0ac832e335ea46c50f76354991c15ef9400644addfc78f577664f5c8e2347426ec2df603327cb11707e13c590c5b19655e925b338', 'JUMPSUIT 3139', '210', '47.5', '400.00', 'producto.webp', '', '2025-03-21', 1, '2025-03-22 11:54:31'),
(519, 'jumpsuit_3139', '7W3TnjjTmI22OSMY', '4aa77edab2a214a155d7e88375b2085350a7b63dca9a81cff9d1a38f6b59a5a8c08b8b1be238952e4ff45330a7ebd095dc234545a8971f6360626659c660c396', 'JUMPSUIT 3139', '210', '47.5', '400.00', 'vestido_3139_cafe.webp', '', '2025-03-21', 1, '2025-03-31 07:00:22'),
(520, 'jumpsuit_3139', 'CeiCWL1LgkSoX2mb', '761b0b7df7599ef2e63403f5c512523cb486512d8b57d329129caf7f05d27e7528281bf85819cb6ffc4485c8b7840fcfb88ccfd48a8e103202974289e5d8805f', 'JUMPSUIT 3139', '210', '47.5', '400.00', 'vestido_3139_cafe.webp', '', '2025-03-21', 1, '2025-03-31 07:00:21'),
(521, 'jumpsuit_3139', 'xs4afISkyQC1eQTW', '240f833e0607b2dc4230e6d083df2ec5e9364c9e92c6d87a8045f612cec15d38cd50b8d30ac2963f5a2d9bd54d9fa469bba9adf12112ca08d162bfca5b168005', 'JUMPSUIT 3139', '210', '47.5', '400.00', 'vestido_3139_cafe.webp', '', '2025-03-21', 1, '2025-03-31 07:00:19'),
(522, 'vestido_l839', '7QAtoaJ1KQWo3b9X', '8b38a04e77e96dfa2df91b33c2b0e78262c117a4581cbde2969a86be02b62f641634435b489b91e56dabb728cb3b438f68eb9606d44a6461f054fa31dce7a7d3', 'VESTIDO L839', '220', '54.167', '480.00', 'vestido_l839_beige.webp', '', '2025-03-21', 1, '2025-03-31 06:48:51'),
(523, 'vestido_l839', 'RbpS4GaPvOgPn62D', 'e320fbb1cfb1398ad8e712cef1652ac18dfcda49b45c8fc6cdc30db3a2543e677b7e5f136ce956072da066158ff4eea28a28b1cb0bc389a46f23970d85784a51', 'VESTIDO L839', '220', '54.167', '480.00', 'vestido_l839_beige.webp', '', '2025-03-21', 1, '2025-03-31 06:48:50'),
(524, 'vestido_l839', 'IgjSriiQ7sGXmcWx', 'e2d82364ab311ae6c060cc12953ebed2204d620e69a0e4e819404d64201ef1da04be22bd0d42e0cd93c71e0940f0c4860ddc04e5436b3c1d1b0baef5c0c3b897', 'VESTIDO L839', '220', '54.167', '480.00', 'vestido_l839_beige.webp', '', '2025-03-21', 1, '2025-03-31 06:48:48'),
(525, 'vestido_l839', 'E6Yzy89DDHsvBWm9', 'f75c473f064fcc8c04e61fe6c606b989960170ae23bda7aa42dc729dd3c81594fe5d4710922a068fb2741897491e6e48bf1ecdb431d1d6f9d57428472c4f97c7', 'VESTIDO L839', '220', '54.167', '480.00', 'vestido_l839_blanco.webp', '', '2025-03-21', 1, '2025-03-31 06:48:30'),
(526, 'vestido_l839', 'wuMj2VSL4EBlXzF9', 'c13047a2d894a3186a2106aefec21b1663cb7ed1c6837bc569ffa6667f88441917395c61ea690bdea785ea576ce6150bb7eac0119a826e9eac966a40ffdad56d', 'VESTIDO L839', '220', '54.167', '480.00', 'vestido_l839_blanco.webp', '', '2025-03-21', 1, '2025-03-31 06:48:28'),
(527, 'vestido_l839', '0gAFOcMnIwaOMAB2', '515df16722d2120908a60757773303987b8339c569ae07c13617f8afaef54801855f42392942ede3d807647704ed0e8284f9676a25bcc1238a6f44bcc1dc881d', 'VESTIDO L839', '220', '54.167', '480.00', 'vestido_l839_blanco.webp', '', '2025-03-21', 1, '2025-03-31 06:48:26');

-- --------------------------------------------------------

--
-- Estructura de tabla para la tabla `tbl_boutique_protal`
--

CREATE TABLE `tbl_boutique_protal` (
  `pt_id` int(11) NOT NULL,
  `pt_producto` int(11) NOT NULL,
  `pt_talla` int(11) NOT NULL,
  `pt_activo` int(11) NOT NULL,
  `pt_fregistro` timestamp NOT NULL DEFAULT current_timestamp() ON UPDATE current_timestamp()
) ENGINE=InnoDB DEFAULT CHARSET=utf8 COLLATE=utf8_spanish_ci;

--
-- Volcado de datos para la tabla `tbl_boutique_protal`
--

INSERT INTO `tbl_boutique_protal` (`pt_id`, `pt_producto`, `pt_talla`, `pt_activo`, `pt_fregistro`) VALUES
(1, 1, 4, 1, '2024-10-08 12:26:45'),
(2, 2, 6, 1, '2024-10-08 12:27:22'),
(3, 3, 14, 1, '2024-10-08 12:29:27'),
(4, 4, 15, 1, '2024-10-08 12:29:42'),
(5, 5, 16, 1, '2024-10-08 12:30:02'),
(6, 6, 14, 1, '2024-10-08 12:30:24'),
(7, 7, 15, 1, '2024-10-08 12:30:40'),
(8, 8, 16, 1, '2024-10-08 12:30:54'),
(9, 9, 4, 1, '2024-10-08 12:32:04'),
(10, 10, 6, 1, '2024-10-08 12:32:21'),
(11, 11, 21, 1, '2024-10-08 12:35:17'),
(12, 12, 22, 1, '2024-10-08 12:35:38'),
(13, 13, 21, 1, '2024-10-08 12:35:56'),
(14, 14, 22, 1, '2024-10-08 12:36:18'),
(15, 15, 21, 1, '2024-10-08 12:36:38'),
(16, 16, 21, 1, '2024-10-08 12:36:54'),
(17, 17, 10, 1, '2024-10-08 12:43:07'),
(18, 18, 10, 1, '2024-10-08 12:43:31'),
(19, 19, 10, 1, '2024-10-08 12:43:44'),
(20, 20, 3, 1, '2024-10-08 12:54:34'),
(21, 21, 7, 1, '2024-10-08 12:55:01'),
(22, 22, 7, 1, '2024-10-08 12:55:20'),
(23, 23, 10, 1, '2024-10-08 12:56:05'),
(24, 24, 10, 1, '2024-10-08 12:56:18'),
(25, 25, 10, 1, '2024-10-08 12:56:31'),
(26, 26, 4, 1, '2024-10-08 13:42:40'),
(27, 27, 6, 1, '2024-10-08 13:42:58'),
(28, 28, 4, 1, '2024-10-08 13:44:29'),
(29, 29, 6, 1, '2024-10-08 13:48:19'),
(30, 30, 8, 1, '2024-10-08 13:45:16'),
(31, 31, 6, 1, '2024-10-08 13:49:14'),
(32, 32, 7, 1, '2024-10-08 13:54:10'),
(33, 33, 7, 1, '2024-10-08 13:54:22'),
(34, 34, 7, 1, '2024-10-08 13:56:09'),
(35, 35, 10, 1, '2024-10-08 13:57:22'),
(36, 36, 10, 1, '2024-10-08 13:57:44'),
(37, 37, 10, 1, '2024-10-08 13:58:44'),
(38, 38, 5, 1, '2024-10-08 13:59:33'),
(39, 39, 7, 1, '2024-10-08 13:59:48'),
(40, 40, 5, 1, '2024-10-08 14:00:06'),
(41, 41, 7, 1, '2024-10-08 14:00:21'),
(42, 42, 4, 1, '2024-10-08 14:02:11'),
(43, 43, 6, 1, '2024-10-08 14:02:25'),
(44, 44, 8, 1, '2024-10-08 14:02:40'),
(45, 45, 4, 1, '2024-10-08 14:04:18'),
(46, 46, 4, 1, '2024-10-08 14:04:33'),
(47, 47, 4, 1, '2024-10-08 14:04:47'),
(48, 48, 10, 1, '2024-10-08 14:06:57'),
(49, 49, 10, 1, '2024-10-08 14:07:12'),
(50, 50, 10, 1, '2024-10-08 14:07:28'),
(51, 51, 10, 1, '2024-10-08 14:09:19'),
(52, 52, 10, 1, '2024-10-08 14:09:33'),
(53, 53, 10, 1, '2024-10-08 14:10:07'),
(54, 54, 10, 1, '2024-10-08 14:10:17'),
(55, 55, 10, 1, '2024-10-08 14:12:53'),
(56, 56, 10, 1, '2024-10-08 14:13:08'),
(57, 57, 10, 1, '2024-10-08 14:13:23'),
(58, 58, 10, 1, '2024-10-08 14:13:40'),
(59, 59, 10, 1, '2024-10-08 14:13:52'),
(60, 60, 10, 1, '2024-10-08 14:14:39'),
(61, 61, 10, 1, '2024-10-08 14:15:47'),
(62, 62, 10, 1, '2024-10-08 14:16:03'),
(63, 63, 10, 1, '2024-10-08 14:16:16'),
(64, 64, 10, 1, '2024-10-08 14:16:32'),
(65, 65, 6, 1, '2024-10-08 14:17:26'),
(66, 66, 4, 1, '2024-10-08 14:19:13'),
(67, 67, 8, 1, '2024-10-08 14:19:29'),
(68, 68, 2, 1, '2024-10-08 14:21:03'),
(69, 69, 4, 1, '2024-10-08 14:21:15'),
(70, 70, 6, 1, '2024-10-08 14:21:31'),
(71, 71, 2, 1, '2024-10-08 14:21:49'),
(72, 72, 4, 1, '2024-10-08 14:22:02'),
(73, 73, 6, 1, '2024-10-08 14:22:15'),
(74, 74, 2, 1, '2024-10-08 14:23:11'),
(75, 75, 4, 1, '2024-10-08 14:23:23'),
(76, 76, 6, 1, '2024-10-08 14:23:38'),
(77, 77, 2, 1, '2024-10-08 14:23:55'),
(78, 78, 4, 1, '2024-10-08 14:24:07'),
(79, 79, 6, 1, '2024-10-08 14:24:21'),
(80, 80, 2, 1, '2024-10-08 14:25:28'),
(81, 81, 4, 1, '2024-10-08 14:25:41'),
(82, 82, 6, 1, '2024-10-08 14:25:55'),
(83, 83, 13, 1, '2024-10-08 14:28:08'),
(84, 84, 15, 1, '2024-10-08 14:28:22'),
(85, 85, 16, 1, '2024-10-08 14:28:37'),
(86, 86, 2, 1, '2024-10-08 14:29:48'),
(87, 87, 4, 1, '2024-10-08 14:30:05'),
(88, 88, 6, 1, '2024-10-08 14:30:18'),
(89, 89, 10, 1, '2024-10-08 14:32:21'),
(90, 90, 10, 1, '2024-10-08 14:32:35'),
(91, 91, 10, 1, '2024-10-08 14:32:50'),
(92, 92, 10, 1, '2024-10-08 14:33:27'),
(93, 93, 10, 1, '2024-10-08 14:33:40'),
(94, 94, 10, 1, '2024-10-08 14:35:01'),
(95, 95, 10, 1, '2024-10-08 14:35:24'),
(96, 96, 10, 1, '2024-10-08 14:35:42'),
(97, 97, 4, 1, '2024-10-08 14:37:45'),
(98, 98, 4, 1, '2024-10-08 14:38:00'),
(99, 99, 4, 1, '2024-10-08 14:38:34'),
(100, 100, 4, 1, '2024-10-08 14:38:54'),
(101, 101, 10, 1, '2024-10-09 01:35:28'),
(102, 102, 10, 1, '2024-10-09 01:36:17'),
(103, 103, 10, 1, '2024-10-09 01:36:51'),
(104, 104, 10, 1, '2024-10-09 01:38:14'),
(105, 105, 10, 1, '2024-10-09 01:38:25'),
(106, 106, 10, 1, '2024-10-09 01:38:44'),
(107, 107, 10, 1, '2024-10-09 01:39:35'),
(108, 108, 10, 1, '2024-10-09 01:39:51'),
(109, 109, 6, 1, '2024-10-09 01:41:17'),
(110, 110, 8, 1, '2024-10-09 01:41:35'),
(111, 111, 6, 1, '2024-10-09 01:41:55'),
(112, 112, 7, 1, '2024-10-09 01:43:52'),
(113, 113, 7, 1, '2024-10-09 01:44:04'),
(114, 114, 3, 1, '2024-10-09 01:44:24'),
(115, 115, 6, 1, '2024-10-09 02:00:01'),
(116, 116, 8, 1, '2024-10-09 02:00:23'),
(117, 117, 5, 1, '2024-10-09 02:01:41'),
(118, 118, 5, 1, '2024-10-09 02:01:57'),
(119, 119, 5, 1, '2024-10-09 02:02:09'),
(120, 120, 10, 1, '2024-10-09 02:03:09'),
(121, 121, 10, 1, '2024-10-09 02:03:21'),
(122, 122, 10, 1, '2024-10-09 02:03:37'),
(123, 123, 6, 1, '2024-10-09 02:05:02'),
(124, 124, 4, 1, '2024-10-09 02:05:18'),
(125, 125, 6, 1, '2024-10-09 02:05:33'),
(126, 126, 6, 1, '2024-10-09 02:06:32'),
(127, 127, 6, 1, '2024-10-09 02:06:44'),
(128, 128, 6, 1, '2024-10-09 02:06:59'),
(129, 129, 10, 1, '2024-10-09 02:08:29'),
(130, 130, 10, 1, '2024-10-09 02:08:45'),
(131, 131, 10, 1, '2024-10-09 02:08:57'),
(132, 132, 10, 1, '2024-10-09 02:09:14'),
(133, 133, 10, 1, '2024-10-09 02:10:30'),
(134, 134, 10, 1, '2024-10-09 02:10:46'),
(135, 135, 10, 1, '2024-10-09 02:11:58'),
(136, 136, 10, 1, '2024-10-09 02:12:17'),
(137, 137, 10, 1, '2024-10-09 02:12:34'),
(138, 138, 10, 1, '2024-10-09 02:15:00'),
(139, 139, 3, 1, '2024-10-09 02:15:52'),
(140, 140, 7, 1, '2024-10-09 02:16:12'),
(141, 141, 7, 1, '2024-10-09 02:16:27'),
(142, 142, 2, 1, '2024-10-09 02:17:34'),
(143, 143, 4, 1, '2024-10-09 02:17:50'),
(144, 144, 6, 1, '2024-10-09 02:18:03'),
(145, 145, 2, 1, '2024-10-09 02:18:22'),
(146, 146, 4, 1, '2024-10-09 02:18:35'),
(147, 147, 6, 1, '2024-10-09 02:18:48'),
(148, 148, 2, 1, '2024-10-09 02:19:37'),
(149, 149, 6, 1, '2024-10-09 02:19:54'),
(150, 150, 2, 1, '2024-10-09 02:20:12'),
(151, 151, 4, 1, '2024-10-09 02:20:24'),
(152, 152, 6, 1, '2024-10-09 02:20:40'),
(153, 153, 4, 1, '2024-10-09 02:21:20'),
(154, 154, 6, 1, '2024-10-09 02:21:38'),
(155, 155, 4, 1, '2024-10-09 02:22:02'),
(156, 156, 6, 1, '2024-10-09 02:22:23'),
(157, 157, 4, 1, '2024-10-09 02:23:03'),
(158, 158, 6, 1, '2024-10-09 02:23:20'),
(159, 159, 4, 1, '2024-10-09 02:23:39'),
(160, 160, 6, 1, '2024-10-09 02:23:51'),
(161, 161, 4, 1, '2024-10-09 02:24:34'),
(162, 162, 6, 1, '2024-10-09 02:24:51'),
(163, 163, 4, 1, '2024-10-09 02:25:51'),
(164, 164, 6, 1, '2024-10-12 16:17:08'),
(165, 165, 4, 1, '2024-10-12 16:17:29'),
(166, 166, 6, 1, '2024-10-12 16:17:55'),
(167, 167, 5, 1, '2024-10-12 16:20:40'),
(168, 168, 3, 1, '2024-10-12 16:21:56'),
(169, 169, 5, 1, '2024-10-12 16:22:20'),
(170, 170, 5, 1, '2024-10-12 16:22:42'),
(171, 171, 10, 1, '2024-10-12 16:25:33'),
(172, 172, 10, 1, '2024-10-12 16:25:56'),
(173, 173, 10, 1, '2024-10-12 16:26:24'),
(174, 174, 10, 1, '2024-10-12 16:28:20'),
(175, 175, 10, 1, '2024-10-12 16:28:36'),
(176, 176, 10, 1, '2024-10-12 16:28:55'),
(177, 177, 10, 1, '2024-10-12 16:34:40'),
(178, 178, 10, 1, '2024-10-12 16:35:01'),
(179, 179, 10, 1, '2024-10-12 16:36:44'),
(180, 180, 10, 1, '2024-10-12 16:37:03'),
(181, 181, 10, 1, '2024-10-12 16:37:28'),
(182, 182, 10, 1, '2024-10-12 16:39:12'),
(183, 183, 10, 1, '2024-10-12 16:39:30'),
(184, 184, 10, 1, '2024-10-12 16:39:51'),
(185, 185, 6, 1, '2024-10-15 13:44:46'),
(186, 186, 8, 1, '2024-10-23 08:29:00'),
(187, 187, 10, 1, '2024-10-15 13:46:38'),
(188, 188, 10, 1, '2024-10-15 13:46:49'),
(189, 189, 2, 1, '2024-10-15 13:50:51'),
(190, 190, 4, 1, '2024-10-15 13:51:10'),
(191, 191, 6, 1, '2024-10-15 13:51:26'),
(192, 192, 2, 1, '2024-10-15 13:51:53'),
(193, 193, 4, 1, '2024-10-15 13:52:08'),
(194, 194, 6, 1, '2024-10-15 13:52:26'),
(195, 195, 2, 1, '2024-10-15 13:52:56'),
(196, 196, 4, 1, '2024-10-15 13:53:15'),
(197, 197, 6, 1, '2024-10-15 13:53:31'),
(198, 198, 2, 1, '2024-10-15 14:03:18'),
(199, 199, 4, 1, '2024-10-15 14:03:58'),
(200, 200, 6, 1, '2024-10-15 14:04:30'),
(201, 201, 2, 1, '2024-10-15 14:07:01'),
(202, 202, 4, 1, '2024-10-15 14:07:35'),
(203, 203, 2, 1, '2024-10-15 14:11:38'),
(204, 204, 4, 1, '2024-10-15 14:11:59'),
(205, 205, 4, 1, '2024-10-15 14:15:49'),
(206, 206, 2, 1, '2024-10-15 14:17:59'),
(207, 207, 4, 1, '2024-10-15 14:18:17'),
(208, 208, 2, 1, '2024-10-15 14:19:42'),
(209, 209, 4, 1, '2024-10-15 14:20:01'),
(210, 210, 2, 1, '2024-10-15 14:20:19'),
(211, 211, 4, 1, '2024-10-15 14:20:34'),
(212, 212, 4, 1, '2024-10-15 14:22:28'),
(213, 213, 2, 1, '2024-10-15 14:23:47'),
(214, 214, 4, 1, '2024-10-15 14:24:06'),
(215, 215, 2, 1, '2024-10-15 14:25:25'),
(216, 216, 4, 1, '2024-10-15 14:25:49'),
(217, 217, 6, 1, '2024-10-15 14:26:12'),
(218, 218, 2, 1, '2024-10-23 08:20:53'),
(219, 219, 4, 1, '2024-10-23 08:21:16'),
(220, 220, 6, 1, '2024-10-23 08:21:36'),
(221, 221, 2, 1, '2024-10-23 08:21:55'),
(222, 222, 4, 1, '2024-10-23 08:22:13'),
(223, 223, 6, 1, '2024-10-23 08:22:37'),
(224, 224, 4, 1, '2024-10-26 13:53:03'),
(225, 225, 4, 1, '2024-10-26 13:53:57'),
(226, 226, 2, 1, '2024-10-26 13:54:26'),
(227, 227, 4, 1, '2024-10-26 13:54:47'),
(228, 228, 10, 1, '2024-10-26 13:58:33'),
(229, 229, 10, 1, '2024-10-26 14:00:07'),
(230, 230, 10, 1, '2024-10-26 14:00:22'),
(231, 231, 2, 1, '2024-10-26 14:09:05'),
(232, 232, 4, 1, '2024-10-26 14:09:34'),
(233, 233, 10, 1, '2024-10-26 14:13:17'),
(234, 234, 10, 1, '2024-10-26 14:13:32'),
(235, 235, 10, 1, '2024-10-26 14:14:16'),
(236, 236, 10, 1, '2024-10-26 14:15:34'),
(237, 237, 10, 1, '2024-10-26 14:15:51'),
(238, 238, 10, 1, '2024-10-26 14:16:29'),
(239, 239, 10, 1, '2024-10-26 14:25:24'),
(240, 240, 10, 1, '2024-10-26 14:26:36'),
(241, 241, 10, 1, '2024-10-26 14:26:51'),
(242, 242, 10, 1, '2024-10-26 14:27:08'),
(243, 243, 10, 1, '2024-10-26 14:32:43'),
(244, 244, 10, 1, '2024-10-26 14:33:01'),
(245, 245, 10, 1, '2024-10-26 14:33:20'),
(246, 246, 4, 1, '2024-10-26 14:47:08'),
(247, 247, 2, 1, '2024-10-26 14:47:32'),
(248, 248, 4, 1, '2024-10-26 14:47:50'),
(249, 249, 4, 1, '2024-10-26 14:48:11'),
(250, 250, 4, 1, '2024-10-26 14:48:43'),
(251, 251, 4, 1, '2024-10-26 14:49:01'),
(252, 252, 2, 1, '2024-11-06 10:43:51'),
(253, 253, 4, 1, '2024-11-06 10:43:56'),
(254, 254, 6, 1, '2024-11-06 10:44:01'),
(255, 255, 2, 1, '2024-10-26 14:52:55'),
(256, 256, 2, 1, '2024-10-26 14:53:09'),
(257, 257, 4, 1, '2024-10-26 14:53:47'),
(258, 258, 6, 1, '2024-10-26 14:54:05'),
(259, 259, 10, 1, '2024-10-26 15:19:08'),
(260, 260, 10, 1, '2024-10-26 15:19:26'),
(261, 261, 10, 1, '2024-10-26 15:21:09'),
(262, 262, 10, 1, '2024-10-26 15:21:28'),
(263, 263, 2, 1, '2024-10-26 15:31:48'),
(264, 264, 4, 1, '2024-10-26 15:32:12'),
(266, 266, 10, 1, '2024-11-06 09:21:43'),
(267, 267, 10, 1, '2024-11-06 09:22:07'),
(268, 268, 10, 1, '2024-11-06 09:22:26'),
(269, 269, 10, 1, '2024-11-06 09:23:01'),
(270, 270, 10, 1, '2024-11-06 09:23:30'),
(271, 271, 2, 1, '2024-11-06 09:30:11'),
(272, 272, 4, 1, '2024-11-06 09:30:39'),
(273, 273, 6, 1, '2024-11-06 09:31:03'),
(274, 274, 2, 1, '2024-11-06 09:33:45'),
(275, 275, 4, 1, '2024-11-06 09:34:06'),
(276, 276, 6, 1, '2024-11-06 09:34:23'),
(277, 277, 2, 1, '2024-11-06 09:35:09'),
(278, 278, 4, 1, '2024-11-06 09:35:30'),
(279, 279, 6, 1, '2024-11-06 09:35:52'),
(280, 280, 2, 1, '2024-11-06 09:43:18'),
(281, 281, 4, 1, '2024-11-06 09:43:33'),
(282, 282, 6, 1, '2024-11-06 09:43:50'),
(283, 283, 2, 1, '2024-11-06 09:44:11'),
(284, 284, 4, 1, '2024-11-06 09:44:27'),
(285, 285, 6, 1, '2024-11-06 09:44:46'),
(286, 286, 10, 1, '2024-11-06 09:57:22'),
(287, 287, 10, 1, '2024-11-06 09:57:44'),
(288, 288, 10, 1, '2024-11-06 09:58:09'),
(289, 289, 2, 1, '2024-11-06 10:03:27'),
(290, 290, 4, 1, '2024-11-06 10:03:42'),
(291, 291, 6, 1, '2024-11-06 10:04:01'),
(292, 292, 10, 1, '2024-11-12 13:18:27'),
(293, 293, 10, 1, '2024-11-12 13:19:03'),
(294, 294, 10, 1, '2024-11-12 13:19:27'),
(295, 295, 2, 1, '2024-11-12 13:21:54'),
(296, 296, 4, 1, '2024-11-12 13:22:22'),
(297, 297, 6, 1, '2024-11-22 09:54:54'),
(298, 298, 2, 1, '2024-11-22 09:55:16'),
(299, 299, 4, 1, '2024-11-22 09:55:56'),
(300, 300, 2, 1, '2024-11-27 08:20:16'),
(301, 301, 2, 1, '2024-11-27 08:20:36'),
(302, 302, 4, 1, '2024-11-27 08:20:51'),
(303, 303, 4, 1, '2024-11-27 08:21:05'),
(304, 304, 6, 1, '2024-11-27 08:21:22'),
(305, 305, 6, 1, '2024-11-27 08:21:36'),
(306, 306, 2, 1, '2024-11-27 08:27:11'),
(307, 307, 4, 1, '2024-11-27 08:27:29'),
(308, 308, 6, 1, '2024-11-27 08:27:48'),
(309, 309, 2, 1, '2024-11-27 08:28:17'),
(310, 310, 4, 1, '2024-11-27 08:28:37'),
(311, 311, 6, 1, '2024-11-27 08:28:57'),
(312, 312, 2, 1, '2024-11-27 08:35:14'),
(313, 313, 4, 1, '2024-11-27 08:35:35'),
(314, 314, 2, 1, '2024-11-27 08:37:47'),
(315, 315, 4, 1, '2024-11-27 08:38:04'),
(316, 316, 2, 1, '2024-11-27 08:38:33'),
(317, 317, 4, 1, '2024-11-27 08:38:48'),
(318, 318, 6, 1, '2024-11-27 08:39:06'),
(319, 319, 11, 1, '2024-11-27 08:42:48'),
(320, 320, 12, 1, '2024-11-27 08:43:07'),
(321, 321, 13, 1, '2024-11-27 08:43:23'),
(322, 322, 13, 1, '2024-11-27 08:43:37'),
(323, 323, 14, 1, '2024-11-27 08:44:50'),
(324, 324, 14, 1, '2024-11-27 08:45:04'),
(325, 325, 15, 1, '2024-11-27 08:45:20'),
(326, 326, 15, 1, '2024-11-27 08:45:38'),
(327, 327, 16, 1, '2024-11-27 08:45:56'),
(328, 328, 16, 1, '2024-11-27 08:46:09'),
(329, 329, 17, 1, '2024-11-27 08:46:26'),
(330, 330, 18, 1, '2024-11-27 08:46:50'),
(331, 331, 10, 1, '2024-12-14 14:19:16'),
(332, 332, 10, 1, '2024-12-14 14:21:12'),
(333, 333, 10, 1, '2024-12-14 14:22:07'),
(334, 334, 10, 1, '2024-12-14 14:24:56'),
(335, 335, 10, 1, '2024-12-14 14:27:12'),
(336, 336, 10, 1, '2024-12-14 14:27:34'),
(337, 337, 10, 1, '2024-12-14 14:28:35'),
(338, 338, 2, 1, '2024-12-14 14:33:51'),
(339, 339, 4, 1, '2024-12-14 14:34:17'),
(340, 340, 6, 1, '2024-12-14 14:34:46'),
(341, 341, 8, 1, '2024-12-14 14:35:09'),
(342, 342, 2, 1, '2024-12-14 14:41:11'),
(343, 343, 4, 1, '2024-12-14 14:41:32'),
(344, 344, 6, 1, '2024-12-14 14:41:51'),
(345, 345, 2, 1, '2024-12-14 14:42:13'),
(346, 346, 4, 1, '2024-12-14 14:42:33'),
(347, 347, 6, 1, '2024-12-14 14:42:52'),
(348, 348, 2, 1, '2024-12-14 14:56:08'),
(349, 349, 4, 1, '2024-12-14 14:56:25'),
(350, 350, 6, 1, '2024-12-14 14:57:07'),
(351, 351, 4, 1, '2024-12-14 14:58:29'),
(352, 352, 2, 1, '2024-12-14 15:01:31'),
(353, 353, 4, 1, '2024-12-14 15:01:52'),
(354, 354, 6, 1, '2024-12-14 15:03:01'),
(355, 355, 11, 1, '2024-12-14 15:09:37'),
(356, 356, 12, 1, '2024-12-14 15:10:01'),
(357, 357, 12, 1, '2024-12-14 15:11:07'),
(358, 358, 13, 1, '2024-12-14 15:11:27'),
(359, 359, 13, 1, '2024-12-14 15:11:47'),
(360, 360, 14, 1, '2024-12-14 15:12:14'),
(361, 361, 14, 1, '2024-12-14 15:12:31'),
(362, 362, 15, 1, '2024-12-14 15:12:47'),
(363, 363, 15, 1, '2024-12-14 15:13:10'),
(364, 364, 16, 1, '2024-12-14 15:13:26'),
(365, 365, 16, 1, '2024-12-14 15:13:39'),
(366, 366, 17, 1, '2024-12-14 15:13:57'),
(367, 367, 2, 1, '2024-12-24 11:50:42'),
(368, 368, 4, 1, '2024-12-24 11:51:10'),
(369, 369, 2, 1, '2024-12-24 11:53:19'),
(370, 370, 2, 1, '2024-12-24 12:00:22'),
(371, 371, 4, 1, '2024-12-24 12:00:53'),
(372, 372, 10, 1, '2024-12-24 12:15:19'),
(373, 373, 10, 1, '2024-12-24 12:15:40'),
(374, 374, 10, 1, '2024-12-24 12:16:28'),
(375, 375, 2, 1, '2024-12-24 12:17:07'),
(376, 376, 7, 1, '2024-12-24 12:17:34'),
(377, 377, 10, 1, '2024-12-24 12:24:44'),
(378, 378, 10, 1, '2024-12-24 12:25:10'),
(379, 379, 10, 1, '2024-12-24 12:25:30'),
(380, 380, 2, 1, '2024-12-24 12:39:49'),
(381, 381, 4, 1, '2024-12-24 12:40:18'),
(382, 382, 6, 1, '2024-12-24 12:40:42'),
(383, 383, 2, 1, '2024-12-24 12:45:58'),
(384, 384, 4, 1, '2024-12-24 12:46:26'),
(385, 385, 6, 1, '2024-12-24 12:46:46'),
(386, 386, 2, 1, '2024-12-24 12:47:19'),
(387, 387, 4, 1, '2024-12-24 12:47:37'),
(388, 388, 6, 1, '2024-12-24 12:47:54'),
(389, 389, 2, 1, '2024-12-24 12:50:12'),
(390, 390, 4, 1, '2024-12-24 12:50:33'),
(391, 391, 6, 1, '2024-12-24 12:50:50'),
(392, 392, 2, 1, '2024-12-24 12:51:58'),
(393, 393, 4, 1, '2024-12-24 12:52:28'),
(394, 394, 6, 1, '2024-12-24 12:52:51'),
(395, 395, 2, 1, '2025-01-21 12:47:44'),
(396, 396, 3, 1, '2025-01-21 12:50:29'),
(397, 397, 7, 1, '2025-01-21 12:51:07'),
(398, 398, 2, 1, '2025-01-21 12:56:47'),
(399, 399, 4, 1, '2025-01-21 12:57:09'),
(400, 400, 6, 1, '2025-01-21 12:57:25'),
(401, 401, 2, 1, '2025-01-21 12:57:47'),
(402, 402, 4, 1, '2025-01-21 12:58:03'),
(403, 403, 6, 1, '2025-01-21 12:58:27'),
(404, 404, 2, 1, '2025-01-21 13:02:29'),
(405, 405, 4, 1, '2025-01-21 13:02:50'),
(406, 406, 6, 1, '2025-01-21 13:03:09'),
(407, 407, 2, 1, '2025-01-21 13:12:31'),
(408, 408, 4, 1, '2025-01-21 13:12:58'),
(409, 409, 6, 1, '2025-01-21 13:13:23'),
(410, 410, 2, 1, '2025-01-21 13:14:10'),
(411, 411, 4, 1, '2025-01-21 13:14:27'),
(412, 412, 6, 1, '2025-01-21 13:14:44'),
(413, 413, 2, 1, '2025-01-21 13:15:06'),
(414, 414, 4, 1, '2025-01-21 13:15:33'),
(415, 415, 6, 1, '2025-01-21 13:16:03'),
(416, 416, 3, 1, '2025-01-21 13:33:04'),
(417, 417, 7, 1, '2025-01-21 13:33:30'),
(418, 418, 3, 1, '2025-01-21 13:33:49'),
(419, 419, 7, 1, '2025-01-21 13:34:19'),
(420, 420, 3, 1, '2025-01-21 13:34:56'),
(421, 421, 5, 1, '2025-01-21 13:35:18'),
(422, 422, 2, 1, '2025-01-21 13:42:07'),
(423, 423, 4, 1, '2025-01-21 13:42:28'),
(424, 424, 6, 1, '2025-01-21 13:42:54'),
(425, 425, 4, 1, '2025-01-21 13:46:02'),
(426, 426, 4, 1, '2025-01-21 13:46:30'),
(427, 427, 4, 1, '2025-01-21 13:47:10'),
(428, 428, 4, 1, '2025-01-21 13:47:46'),
(429, 429, 3, 1, '2025-01-21 13:52:33'),
(430, 430, 5, 1, '2025-01-21 13:52:57'),
(431, 431, 3, 1, '2025-01-21 13:59:02'),
(432, 432, 5, 1, '2025-01-21 13:59:23'),
(433, 433, 5, 1, '2025-01-21 14:00:01'),
(434, 434, 7, 1, '2025-01-21 14:00:26'),
(435, 435, 3, 1, '2025-01-21 14:00:51'),
(436, 436, 5, 1, '2025-01-21 14:01:08'),
(437, 437, 3, 1, '2025-01-21 14:04:06'),
(438, 438, 7, 1, '2025-01-21 14:04:28'),
(439, 439, 3, 1, '2025-01-21 14:04:47'),
(440, 440, 2, 1, '2025-01-21 14:09:18'),
(441, 441, 4, 1, '2025-01-21 14:09:36'),
(442, 442, 6, 1, '2025-01-21 14:09:52'),
(443, 443, 2, 1, '2025-03-21 19:20:41'),
(444, 453, 4, 1, '2025-03-21 19:26:45'),
(445, 454, 6, 1, '2025-03-21 19:27:43'),
(446, 455, 2, 1, '2025-03-21 19:28:19'),
(447, 456, 4, 1, '2025-03-21 19:28:36'),
(448, 457, 6, 1, '2025-03-21 19:28:49'),
(449, 458, 3, 1, '2025-03-21 19:54:00'),
(450, 459, 5, 1, '2025-03-21 19:54:22'),
(451, 460, 3, 1, '2025-03-21 19:54:41'),
(452, 461, 5, 1, '2025-03-21 19:55:02'),
(453, 462, 3, 1, '2025-03-21 19:57:47'),
(454, 463, 7, 1, '2025-03-21 19:58:02'),
(455, 464, 3, 1, '2025-03-21 19:58:20'),
(456, 465, 7, 1, '2025-03-21 19:58:33'),
(457, 466, 2, 1, '2025-03-21 20:01:30'),
(458, 467, 4, 1, '2025-03-21 20:02:00'),
(459, 468, 6, 1, '2025-03-21 20:02:14'),
(460, 469, 2, 1, '2025-03-21 20:05:04'),
(461, 470, 4, 1, '2025-03-21 20:05:35'),
(462, 471, 6, 1, '2025-03-21 20:05:46'),
(463, 472, 10, 1, '2025-03-21 20:07:19'),
(464, 473, 10, 1, '2025-03-21 20:07:36'),
(465, 474, 10, 1, '2025-03-21 20:07:58'),
(466, 475, 5, 1, '2025-03-21 20:09:42'),
(467, 476, 7, 1, '2025-03-21 20:09:55'),
(468, 477, 5, 1, '2025-03-21 20:10:16'),
(469, 478, 5, 1, '2025-03-22 11:09:38'),
(470, 479, 5, 1, '2025-03-22 11:09:46'),
(471, 480, 8, 1, '2025-03-22 11:10:26'),
(472, 481, 5, 1, '2025-03-22 11:17:31'),
(473, 482, 7, 1, '2025-03-22 11:17:40'),
(474, 483, 7, 1, '2025-03-22 11:17:48'),
(475, 484, 5, 1, '2025-03-22 11:20:45'),
(476, 485, 7, 1, '2025-03-22 11:20:58'),
(477, 486, 7, 1, '2025-03-22 11:21:04'),
(478, 487, 2, 1, '2025-03-22 11:23:45'),
(479, 488, 4, 1, '2025-03-22 11:23:54'),
(480, 489, 6, 1, '2025-03-22 11:24:02'),
(481, 490, 2, 1, '2025-03-22 11:26:48'),
(482, 491, 4, 1, '2025-03-22 11:26:59'),
(483, 492, 6, 1, '2025-03-22 11:27:06'),
(484, 493, 2, 1, '2025-03-22 11:33:48'),
(485, 494, 4, 1, '2025-03-22 11:33:58'),
(486, 495, 6, 1, '2025-03-22 11:34:05'),
(487, 496, 2, 1, '2025-03-22 11:36:43'),
(488, 497, 4, 1, '2025-03-22 11:36:51'),
(489, 498, 6, 1, '2025-03-22 11:36:58'),
(490, 499, 2, 1, '2025-03-22 11:37:10'),
(491, 500, 4, 1, '2025-03-22 11:37:16'),
(492, 501, 6, 1, '2025-03-22 11:37:25'),
(493, 502, 2, 1, '2025-03-22 11:40:26'),
(494, 503, 4, 1, '2025-03-22 11:40:35'),
(495, 504, 6, 1, '2025-03-22 11:40:41'),
(496, 505, 2, 1, '2025-03-22 11:45:21'),
(497, 506, 4, 1, '2025-03-22 11:45:29'),
(498, 507, 6, 1, '2025-03-22 11:45:34'),
(499, 508, 2, 1, '2025-03-22 11:45:45'),
(500, 509, 4, 1, '2025-03-22 11:45:51'),
(501, 510, 6, 1, '2025-03-22 11:45:57'),
(502, 511, 2, 1, '2025-03-22 11:46:10'),
(503, 512, 4, 1, '2025-03-22 11:46:16'),
(504, 513, 6, 1, '2025-03-22 11:46:23'),
(505, 514, 2, 1, '2025-03-22 11:51:23'),
(506, 515, 4, 1, '2025-03-22 11:51:30'),
(507, 516, 6, 1, '2025-03-22 11:51:37'),
(508, 517, 2, 1, '2025-03-22 11:54:16'),
(509, 518, 6, 1, '2025-03-22 11:54:31'),
(510, 519, 2, 1, '2025-03-22 11:54:57'),
(511, 520, 4, 1, '2025-03-22 11:55:03'),
(512, 521, 6, 1, '2025-03-22 11:55:11'),
(513, 522, 2, 1, '2025-03-22 11:58:00'),
(514, 523, 4, 1, '2025-03-22 11:58:07'),
(515, 524, 6, 1, '2025-03-22 11:58:14'),
(516, 525, 2, 1, '2025-03-22 11:58:27'),
(517, 526, 4, 1, '2025-03-22 11:58:35'),
(518, 527, 6, 1, '2025-03-22 11:58:46');

-- --------------------------------------------------------

--
-- Estructura de tabla para la tabla `tbl_boutique_protalcolstock`
--

CREATE TABLE `tbl_boutique_protalcolstock` (
  `ptcs_id` int(11) NOT NULL,
  `ptcs_protal` int(11) NOT NULL,
  `ptcs_color` int(11) NOT NULL,
  `ptcs_stock` int(11) NOT NULL,
  `ptcs_activo` int(11) NOT NULL,
  `ptcs_fregistro` timestamp NOT NULL DEFAULT current_timestamp() ON UPDATE current_timestamp()
) ENGINE=InnoDB DEFAULT CHARSET=utf8 COLLATE=utf8_spanish_ci;

--
-- Volcado de datos para la tabla `tbl_boutique_protalcolstock`
--

INSERT INTO `tbl_boutique_protalcolstock` (`ptcs_id`, `ptcs_protal`, `ptcs_color`, `ptcs_stock`, `ptcs_activo`, `ptcs_fregistro`) VALUES
(1, 1, 1, 1, 1, '2024-10-08 12:26:46'),
(2, 2, 1, 1, 1, '2024-10-08 12:27:22'),
(3, 3, 2, 1, 1, '2024-10-08 12:29:27'),
(4, 4, 2, 1, 1, '2024-10-08 12:29:42'),
(5, 5, 2, 1, 1, '2024-10-08 12:30:03'),
(6, 6, 3, 1, 1, '2024-10-08 12:30:25'),
(7, 7, 3, 1, 1, '2024-10-08 12:30:40'),
(8, 8, 3, 1, 1, '2024-10-08 12:30:55'),
(9, 9, 2, 1, 1, '2024-10-08 12:32:05'),
(10, 10, 2, 1, 1, '2024-10-08 12:32:21'),
(11, 11, 4, 1, 1, '2024-10-08 12:35:18'),
(12, 12, 4, 1, 1, '2024-10-08 12:35:38'),
(13, 13, 2, 1, 1, '2024-10-08 12:35:56'),
(14, 14, 2, 1, 1, '2024-10-08 12:36:19'),
(15, 15, 5, 1, 1, '2024-10-08 12:36:38'),
(16, 16, 3, 1, 1, '2024-10-08 12:36:54'),
(17, 17, 2, 1, 1, '2024-10-08 12:43:07'),
(18, 18, 3, 1, 1, '2024-10-08 12:43:31'),
(19, 19, 5, 1, 1, '2024-10-08 12:43:44'),
(20, 20, 12, 1, 1, '2024-10-08 12:54:34'),
(21, 21, 5, 1, 1, '2024-10-08 12:55:02'),
(22, 22, 2, 1, 1, '2024-10-08 12:55:21'),
(23, 23, 6, 1, 1, '2024-10-08 12:56:05'),
(24, 24, 5, 1, 1, '2024-10-08 12:56:18'),
(25, 25, 2, 1, 1, '2024-10-08 12:56:32'),
(26, 26, 5, 1, 1, '2024-10-08 13:42:40'),
(27, 27, 5, 1, 1, '2024-10-08 13:42:58'),
(28, 28, 9, 1, 1, '2024-10-08 13:44:30'),
(29, 29, 2, 1, 1, '2024-10-08 13:44:54'),
(30, 30, 7, 1, 1, '2024-10-08 13:45:17'),
(31, 31, 5, 1, 1, '2024-10-08 13:49:14'),
(32, 32, 3, 1, 1, '2024-10-08 13:54:10'),
(33, 33, 5, 1, 1, '2024-10-08 13:56:01'),
(34, 34, 5, 1, 1, '2024-10-08 13:56:09'),
(35, 35, 4, 1, 1, '2024-10-08 13:57:23'),
(36, 36, 6, 1, 1, '2024-10-08 13:57:45'),
(37, 37, 6, 1, 1, '2024-10-08 13:58:44'),
(38, 38, 5, 1, 1, '2024-10-08 13:59:33'),
(39, 39, 5, 1, 1, '2024-10-08 13:59:48'),
(40, 40, 2, 1, 1, '2024-10-08 14:00:06'),
(41, 41, 2, 1, 1, '2024-10-08 14:00:21'),
(42, 42, 5, 1, 1, '2024-10-08 14:02:11'),
(43, 43, 5, 1, 1, '2024-10-08 14:02:25'),
(44, 44, 5, 1, 1, '2024-10-08 14:02:41'),
(45, 45, 6, 1, 1, '2024-10-08 14:04:18'),
(46, 46, 6, 1, 1, '2024-10-08 14:04:33'),
(47, 47, 2, 1, 1, '2024-10-08 14:04:47'),
(48, 48, 4, 1, 1, '2024-10-08 14:06:57'),
(49, 49, 2, 1, 1, '2024-10-08 14:07:12'),
(50, 50, 5, 1, 1, '2024-10-08 14:07:28'),
(51, 51, 4, 1, 1, '2024-10-08 14:09:20'),
(52, 52, 10, 1, 1, '2024-10-08 14:09:33'),
(53, 53, 2, 1, 1, '2024-10-08 14:10:07'),
(54, 54, 2, 1, 1, '2024-10-08 14:10:17'),
(55, 55, 18, 1, 1, '2024-10-08 14:12:53'),
(56, 56, 2, 1, 1, '2024-10-08 14:13:08'),
(57, 57, 6, 1, 1, '2024-10-08 14:13:23'),
(58, 58, 3, 1, 1, '2024-10-08 14:13:40'),
(59, 59, 3, 1, 1, '2024-10-08 14:13:52'),
(60, 60, 3, 1, 1, '2024-10-08 14:14:39'),
(61, 61, 6, 1, 1, '2024-10-08 14:15:48'),
(62, 62, 5, 1, 1, '2024-10-08 14:16:03'),
(63, 63, 3, 1, 1, '2024-10-08 14:16:16'),
(64, 64, 3, 1, 1, '2024-10-08 14:16:32'),
(65, 65, 18, 1, 1, '2024-10-08 14:17:26'),
(66, 66, 1, 1, 1, '2024-10-08 14:19:13'),
(67, 67, 1, 1, 1, '2024-10-08 14:19:29'),
(68, 68, 18, 1, 1, '2024-10-08 14:21:03'),
(69, 69, 18, 1, 1, '2024-10-08 14:21:15'),
(70, 70, 18, 1, 1, '2024-10-08 14:21:31'),
(71, 71, 1, 1, 1, '2024-10-08 14:21:49'),
(72, 72, 1, 1, 1, '2024-10-08 14:22:02'),
(73, 73, 1, 1, 1, '2024-10-08 14:22:15'),
(74, 74, 2, 1, 1, '2024-10-08 14:23:11'),
(75, 75, 2, 1, 1, '2024-10-08 14:23:23'),
(76, 76, 2, 1, 1, '2024-10-08 14:23:38'),
(77, 77, 5, 1, 1, '2024-10-08 14:23:55'),
(78, 78, 5, 1, 1, '2024-10-08 14:24:07'),
(79, 79, 5, 1, 1, '2024-10-08 14:24:21'),
(80, 80, 18, 1, 1, '2024-10-08 14:25:04'),
(81, 81, 18, 1, 1, '2024-10-08 14:25:41'),
(82, 82, 18, 1, 1, '2024-10-08 14:25:55'),
(83, 83, 1, 1, 1, '2024-10-08 14:28:08'),
(84, 84, 1, 1, 1, '2024-10-08 14:28:22'),
(85, 85, 1, 1, 1, '2024-10-08 14:28:37'),
(86, 86, 2, 1, 1, '2024-10-08 14:29:49'),
(87, 87, 5, 1, 1, '2024-10-08 14:30:05'),
(88, 88, 5, 1, 1, '2024-10-08 14:30:18'),
(89, 89, 1, 1, 1, '2024-10-08 14:32:21'),
(90, 90, 11, 1, 1, '2024-10-08 14:32:35'),
(91, 91, 5, 1, 1, '2024-10-08 14:32:51'),
(92, 92, 5, 1, 1, '2024-10-08 14:33:27'),
(93, 93, 3, 1, 1, '2024-10-08 14:33:40'),
(94, 94, 6, 1, 1, '2024-10-08 14:36:06'),
(95, 95, 2, 1, 1, '2024-10-08 14:35:24'),
(96, 96, 5, 1, 1, '2024-10-08 14:35:42'),
(97, 97, 2, 1, 1, '2024-10-08 14:37:45'),
(98, 98, 2, 1, 1, '2024-10-08 14:38:00'),
(99, 99, 2, 1, 1, '2024-10-08 14:38:34'),
(100, 100, 3, 1, 1, '2024-10-08 14:38:54'),
(101, 101, 12, 1, 1, '2024-10-09 01:35:28'),
(102, 102, 2, 1, 1, '2024-10-09 01:36:17'),
(103, 103, 8, 1, 1, '2024-10-09 01:36:51'),
(104, 104, 2, 1, 1, '2024-10-09 01:38:15'),
(105, 105, 2, 1, 1, '2024-10-09 01:38:25'),
(106, 106, 1, 1, 1, '2024-10-09 01:38:45'),
(107, 107, 6, 1, 1, '2024-10-09 01:39:35'),
(108, 108, 13, 1, 1, '2024-10-09 01:39:51'),
(109, 109, 14, 1, 1, '2024-10-09 01:41:17'),
(110, 110, 14, 1, 1, '2024-10-09 01:41:36'),
(111, 111, 2, 1, 1, '2024-10-09 01:41:55'),
(112, 112, 10, 1, 1, '2024-10-09 01:43:52'),
(113, 113, 10, 1, 1, '2024-10-09 01:44:04'),
(114, 114, 10, 1, 1, '2024-10-09 01:44:24'),
(115, 115, 5, 1, 1, '2024-10-09 02:00:01'),
(116, 116, 5, 1, 1, '2024-10-09 02:00:23'),
(117, 117, 6, 1, 1, '2024-10-09 02:01:41'),
(118, 118, 5, 1, 1, '2024-10-09 02:01:57'),
(119, 119, 2, 1, 1, '2024-10-09 02:02:09'),
(120, 120, 4, 1, 1, '2024-10-09 02:03:09'),
(121, 121, 4, 1, 1, '2024-10-09 02:03:21'),
(122, 122, 6, 1, 1, '2024-10-09 02:03:37'),
(123, 123, 2, 1, 1, '2024-10-09 02:05:03'),
(124, 124, 16, 1, 1, '2024-10-09 02:05:18'),
(125, 125, 16, 1, 1, '2024-10-09 02:05:34'),
(126, 126, 5, 1, 1, '2024-10-09 02:06:32'),
(127, 127, 5, 1, 1, '2024-10-09 02:06:44'),
(128, 128, 3, 1, 1, '2024-10-09 02:06:59'),
(129, 129, 14, 1, 1, '2024-10-09 02:08:29'),
(130, 131, 2, 1, 1, '2024-10-09 02:08:57'),
(131, 132, 6, 1, 1, '2024-10-09 02:09:14'),
(132, 133, 2, 1, 1, '2024-10-09 02:10:30'),
(133, 134, 16, 1, 1, '2024-10-09 02:10:46'),
(134, 135, 15, 1, 1, '2024-10-09 02:11:58'),
(135, 136, 5, 1, 1, '2024-10-09 02:12:18'),
(136, 137, 4, 1, 1, '2024-10-09 02:12:35'),
(137, 138, 16, 1, 1, '2024-10-09 02:15:00'),
(138, 139, 2, 1, 1, '2024-10-09 02:15:52'),
(139, 140, 2, 1, 1, '2024-10-09 02:16:12'),
(140, 141, 3, 1, 1, '2024-10-09 02:16:27'),
(141, 142, 5, 1, 1, '2024-10-09 02:17:34'),
(142, 143, 5, 1, 1, '2024-10-09 02:17:50'),
(143, 144, 5, 1, 1, '2024-10-09 02:18:04'),
(144, 145, 17, 1, 1, '2024-10-09 02:18:22'),
(145, 146, 17, 1, 1, '2024-10-09 02:18:35'),
(146, 147, 17, 1, 1, '2024-10-09 02:18:48'),
(147, 148, 2, 1, 1, '2024-10-09 02:19:37'),
(148, 149, 2, 1, 1, '2024-10-09 02:19:55'),
(149, 150, 8, 1, 1, '2024-10-09 02:20:12'),
(150, 151, 8, 1, 1, '2024-10-09 02:20:24'),
(151, 152, 8, 1, 1, '2024-10-09 02:20:41'),
(152, 153, 14, 1, 1, '2024-10-09 02:21:20'),
(153, 154, 14, 1, 1, '2024-10-09 02:21:38'),
(154, 155, 2, 1, 1, '2024-10-09 02:22:02'),
(155, 156, 2, 1, 1, '2024-10-09 02:22:23'),
(156, 157, 14, 1, 1, '2024-10-09 02:23:03'),
(157, 158, 14, 1, 1, '2024-10-09 02:23:21'),
(158, 159, 10, 1, 1, '2024-10-09 02:23:39'),
(159, 160, 10, 1, 1, '2024-10-09 02:23:51'),
(160, 161, 2, 1, 1, '2024-10-09 02:24:34'),
(161, 162, 2, 1, 1, '2024-10-09 02:24:52'),
(162, 163, 8, 1, 1, '2024-10-09 02:25:52'),
(163, 164, 3, 1, 1, '2024-10-12 16:17:08'),
(164, 165, 3, 1, 1, '2024-10-12 16:17:29'),
(165, 166, 1, 1, 1, '2024-10-12 16:17:55'),
(166, 167, 14, 1, 1, '2024-10-12 16:20:40'),
(167, 168, 18, 1, 1, '2024-10-12 16:21:56'),
(168, 169, 18, 1, 1, '2024-10-12 16:22:20'),
(169, 170, 14, 1, 1, '2024-10-12 16:22:42'),
(170, 171, 8, 1, 1, '2024-10-12 16:25:33'),
(171, 172, 8, 1, 1, '2024-10-12 16:25:56'),
(172, 173, 14, 1, 1, '2024-10-12 16:26:24'),
(173, 174, 6, 1, 1, '2024-10-12 16:28:20'),
(174, 175, 3, 1, 1, '2024-10-12 16:28:37'),
(175, 176, 8, 1, 1, '2024-10-12 16:28:56'),
(176, 177, 11, 1, 1, '2024-10-12 16:34:40'),
(177, 178, 1, 1, 1, '2024-10-12 16:35:01'),
(178, 179, 1, 1, 1, '2024-10-12 16:36:44'),
(179, 180, 15, 1, 1, '2024-10-12 16:37:04'),
(180, 181, 4, 1, 1, '2024-10-12 16:37:28'),
(181, 182, 4, 1, 1, '2024-10-12 16:39:12'),
(182, 183, 5, 1, 1, '2024-10-12 16:39:30'),
(183, 184, 1, 1, 1, '2024-10-12 16:39:51'),
(184, 185, 8, 1, 1, '2024-10-15 13:44:47'),
(185, 186, 8, 1, 1, '2024-10-15 13:45:11'),
(186, 187, 1, 1, 1, '2024-10-15 13:46:38'),
(187, 188, 1, 1, 1, '2024-10-15 13:46:49'),
(188, 189, 2, 1, 1, '2024-10-15 13:50:51'),
(189, 190, 2, 1, 1, '2024-10-15 13:51:10'),
(190, 191, 2, 1, 1, '2024-10-15 13:51:26'),
(191, 192, 6, 1, 1, '2024-10-15 13:51:53'),
(192, 193, 6, 1, 1, '2024-10-15 13:52:08'),
(193, 194, 6, 1, 1, '2024-10-15 13:52:26'),
(194, 195, 18, 1, 1, '2024-10-15 13:52:56'),
(195, 196, 18, 1, 1, '2024-10-15 13:53:15'),
(196, 197, 18, 1, 1, '2024-10-15 13:53:31'),
(197, 198, 10, 1, 1, '2024-10-15 14:03:18'),
(198, 199, 10, 1, 1, '2024-10-15 14:03:58'),
(199, 200, 10, 1, 1, '2024-10-15 14:04:30'),
(200, 201, 2, 1, 1, '2024-10-15 14:07:01'),
(201, 202, 2, 1, 1, '2024-10-15 14:07:35'),
(202, 203, 18, 1, 1, '2024-10-15 14:11:39'),
(203, 204, 18, 1, 1, '2024-10-15 14:11:59'),
(204, 205, 8, 1, 1, '2024-10-15 14:15:49'),
(205, 206, 10, 1, 1, '2024-10-15 14:17:59'),
(206, 207, 10, 1, 1, '2024-10-15 14:18:17'),
(207, 208, 3, 1, 1, '2024-10-15 14:19:42'),
(208, 209, 3, 1, 1, '2024-10-15 14:20:01'),
(209, 210, 18, 1, 1, '2024-10-15 14:20:19'),
(210, 211, 18, 1, 1, '2024-10-15 14:20:34'),
(211, 212, 2, 1, 1, '2024-10-15 14:22:28'),
(212, 213, 19, 1, 1, '2024-10-15 14:23:48'),
(213, 214, 19, 1, 1, '2024-10-15 14:24:06'),
(214, 215, 6, 1, 1, '2024-10-15 14:25:25'),
(215, 216, 6, 1, 1, '2024-10-15 14:25:49'),
(216, 217, 6, 1, 1, '2024-10-15 14:26:13'),
(217, 218, 3, 1, 1, '2024-10-23 08:20:54'),
(218, 219, 3, 1, 1, '2024-10-23 08:21:17'),
(219, 220, 3, 1, 1, '2024-10-23 08:21:36'),
(220, 221, 2, 1, 1, '2024-10-23 08:21:55'),
(221, 222, 2, 1, 1, '2024-10-23 08:22:13'),
(222, 223, 2, 1, 1, '2024-10-23 08:22:37'),
(223, 225, 5, 1, 1, '2024-10-26 13:53:57'),
(224, 226, 6, 1, 1, '2024-10-26 13:54:26'),
(225, 227, 6, 1, 1, '2024-10-26 13:54:47'),
(226, 228, 4, 1, 1, '2024-10-26 13:58:35'),
(227, 229, 3, 1, 1, '2024-10-26 14:00:08'),
(228, 230, 6, 1, 1, '2024-10-26 14:00:22'),
(229, 231, 2, 1, 1, '2024-10-26 14:09:06'),
(230, 232, 2, 1, 1, '2024-10-26 14:09:37'),
(231, 233, 3, 1, 1, '2024-10-26 14:13:17'),
(232, 234, 3, 1, 1, '2024-10-26 14:13:33'),
(233, 235, 3, 1, 1, '2024-10-26 14:14:16'),
(234, 236, 14, 1, 1, '2024-10-26 14:15:34'),
(235, 237, 5, 1, 1, '2024-10-26 14:15:51'),
(236, 238, 6, 1, 1, '2024-10-26 14:16:29'),
(237, 239, 6, 1, 1, '2024-10-26 14:25:24'),
(238, 240, 6, 1, 1, '2024-10-26 14:26:36'),
(239, 241, 6, 1, 1, '2024-10-26 14:26:51'),
(240, 242, 3, 1, 1, '2024-10-26 14:27:08'),
(241, 243, 18, 1, 1, '2024-10-26 14:32:44'),
(242, 244, 2, 1, 1, '2024-10-26 14:33:01'),
(243, 245, 3, 1, 1, '2024-10-26 14:33:20'),
(244, 246, 2, 1, 1, '2024-10-26 14:47:08'),
(245, 247, 10, 1, 1, '2024-10-26 14:47:33'),
(246, 248, 10, 1, 1, '2024-10-26 14:47:51'),
(247, 249, 3, 1, 1, '2024-10-26 14:48:11'),
(248, 250, 3, 1, 1, '2024-10-26 14:48:43'),
(249, 251, 3, 1, 1, '2024-10-26 14:49:01'),
(250, 252, 11, 1, 1, '2024-10-26 14:50:58'),
(251, 253, 11, 1, 1, '2024-10-26 14:51:13'),
(252, 254, 11, 1, 1, '2024-10-26 14:51:27'),
(253, 255, 2, 1, 1, '2024-11-06 10:43:22'),
(254, 256, 2, 1, 1, '2024-10-26 14:53:09'),
(255, 257, 2, 1, 1, '2024-10-26 14:53:47'),
(256, 258, 2, 1, 1, '2024-10-26 14:54:05'),
(257, 259, 6, 1, 1, '2024-10-26 15:19:08'),
(258, 260, 3, 1, 1, '2024-10-26 15:19:27'),
(259, 261, 3, 1, 1, '2024-10-26 15:21:09'),
(260, 262, 6, 1, 1, '2024-10-26 15:21:28'),
(261, 263, 1, 1, 1, '2024-10-26 15:31:48'),
(262, 264, 1, 1, 1, '2024-10-26 15:32:13'),
(264, 266, 2, 1, 1, '2024-11-06 09:21:43'),
(265, 267, 3, 1, 1, '2024-11-06 09:22:07'),
(266, 268, 3, 1, 1, '2024-11-06 09:22:26'),
(267, 269, 6, 1, 1, '2024-11-06 09:23:01'),
(268, 270, 3, 1, 1, '2024-11-06 09:23:30'),
(269, 271, 12, 1, 1, '2024-11-06 09:30:11'),
(270, 272, 12, 1, 1, '2024-11-06 09:30:39'),
(271, 273, 12, 1, 1, '2024-11-06 09:31:03'),
(272, 274, 5, 1, 1, '2024-11-06 09:33:45'),
(273, 275, 5, 1, 1, '2024-11-06 09:34:06'),
(274, 276, 5, 1, 1, '2024-11-06 09:34:23'),
(275, 277, 2, 1, 1, '2024-11-06 09:35:09'),
(276, 278, 2, 1, 1, '2024-11-06 09:35:30'),
(277, 279, 2, 1, 1, '2024-11-06 09:35:52'),
(278, 280, 2, 1, 1, '2024-11-06 09:43:18'),
(279, 281, 2, 1, 1, '2024-11-06 09:43:33'),
(280, 282, 2, 1, 1, '2024-11-06 09:43:50'),
(281, 283, 5, 1, 1, '2024-11-06 09:44:11'),
(282, 284, 5, 1, 1, '2024-11-06 09:44:28'),
(283, 285, 5, 1, 1, '2024-11-06 09:44:47'),
(284, 286, 5, 1, 1, '2024-11-06 09:57:22'),
(285, 287, 6, 1, 1, '2024-11-06 09:57:44'),
(286, 288, 12, 1, 1, '2024-11-06 09:58:10'),
(287, 289, 2, 1, 1, '2024-11-06 10:03:27'),
(288, 290, 2, 1, 1, '2024-11-06 10:03:42'),
(289, 291, 2, 1, 1, '2024-11-06 10:04:01'),
(290, 292, 3, 1, 1, '2024-11-12 13:18:29'),
(291, 293, 3, 1, 1, '2024-11-12 13:19:05'),
(292, 294, 2, 1, 1, '2024-11-12 13:19:28'),
(293, 295, 10, 1, 1, '2024-11-12 13:21:55'),
(294, 296, 10, 1, 1, '2024-11-12 13:22:23'),
(295, 297, 10, 1, 1, '2024-11-22 09:54:54'),
(296, 298, 1, 1, 1, '2024-11-22 09:55:16'),
(297, 299, 1, 1, 1, '2024-11-22 09:55:56'),
(298, 300, 2, 1, 1, '2024-11-27 08:20:16'),
(299, 301, 2, 1, 1, '2024-11-27 08:20:36'),
(300, 302, 2, 1, 1, '2024-11-27 08:20:51'),
(301, 303, 2, 1, 1, '2024-11-27 08:21:05'),
(302, 304, 2, 1, 1, '2024-11-27 08:21:22'),
(303, 305, 2, 1, 1, '2024-11-27 08:21:36'),
(304, 306, 6, 1, 1, '2024-11-27 08:27:11'),
(305, 307, 6, 1, 1, '2024-11-27 08:27:29'),
(306, 308, 6, 1, 1, '2024-11-27 08:27:48'),
(307, 309, 2, 1, 1, '2024-11-27 08:28:17'),
(308, 310, 2, 1, 1, '2024-11-27 08:28:38'),
(309, 311, 2, 1, 1, '2024-11-27 08:28:57'),
(310, 312, 2, 1, 1, '2024-11-27 08:35:14'),
(311, 313, 2, 1, 1, '2024-11-27 08:35:35'),
(312, 314, 6, 1, 1, '2024-11-27 08:37:47'),
(313, 315, 6, 1, 1, '2024-11-27 08:38:04'),
(314, 316, 9, 1, 1, '2024-11-27 08:38:33'),
(315, 317, 9, 1, 1, '2024-11-27 08:38:49'),
(316, 318, 9, 1, 1, '2024-11-27 08:39:06'),
(317, 319, 1, 1, 1, '2024-11-27 08:42:48'),
(318, 320, 1, 1, 1, '2024-11-27 08:43:07'),
(319, 321, 1, 1, 1, '2024-11-27 08:43:23'),
(320, 322, 1, 1, 1, '2024-11-27 08:43:37'),
(321, 323, 1, 1, 1, '2024-11-27 08:44:51'),
(322, 324, 1, 1, 1, '2024-11-27 08:45:04'),
(323, 325, 1, 1, 1, '2024-11-27 08:45:20'),
(324, 326, 1, 1, 1, '2024-11-27 08:45:38'),
(325, 327, 1, 1, 1, '2024-11-27 08:45:56'),
(326, 328, 1, 1, 1, '2024-11-27 08:46:09'),
(327, 329, 1, 1, 1, '2024-11-27 08:46:26'),
(328, 330, 1, 1, 1, '2024-11-27 08:46:50'),
(329, 331, 5, 1, 1, '2024-12-14 14:19:18'),
(330, 332, 6, 1, 1, '2024-12-14 14:21:14'),
(331, 333, 5, 1, 1, '2024-12-14 14:22:10'),
(332, 334, 12, 1, 1, '2024-12-14 14:24:57'),
(333, 335, 14, 1, 1, '2024-12-14 14:27:12'),
(334, 336, 10, 1, 1, '2024-12-14 14:27:34'),
(335, 337, 2, 1, 1, '2024-12-14 14:28:35'),
(336, 338, 16, 1, 1, '2024-12-14 14:33:51'),
(337, 339, 16, 1, 1, '2024-12-14 14:34:17'),
(338, 340, 16, 1, 1, '2024-12-14 14:34:46'),
(339, 341, 16, 1, 1, '2024-12-14 14:35:09'),
(340, 342, 12, 1, 1, '2024-12-14 14:41:11'),
(341, 343, 12, 1, 1, '2024-12-14 14:41:32'),
(342, 344, 12, 1, 1, '2024-12-14 14:41:51'),
(343, 345, 2, 1, 1, '2024-12-14 14:42:13'),
(344, 346, 2, 1, 1, '2024-12-14 14:42:33'),
(345, 347, 2, 1, 1, '2024-12-14 14:42:52'),
(346, 348, 3, 1, 1, '2024-12-14 14:56:08'),
(347, 349, 3, 1, 1, '2024-12-14 14:56:25'),
(348, 350, 3, 1, 1, '2024-12-14 14:57:08'),
(349, 351, 18, 1, 1, '2024-12-14 14:58:30'),
(350, 352, 10, 1, 1, '2024-12-14 15:01:31'),
(351, 353, 10, 1, 1, '2024-12-14 15:01:52'),
(352, 354, 10, 1, 1, '2024-12-14 15:03:02'),
(353, 355, 1, 1, 1, '2024-12-14 15:09:37'),
(354, 356, 1, 1, 1, '2024-12-14 15:10:01'),
(355, 357, 1, 1, 1, '2024-12-14 15:11:07'),
(356, 358, 1, 1, 1, '2024-12-14 15:11:27'),
(357, 359, 1, 1, 1, '2024-12-14 15:11:47'),
(358, 360, 1, 1, 1, '2024-12-14 15:12:14'),
(359, 361, 1, 1, 1, '2024-12-14 15:12:31'),
(360, 362, 1, 1, 1, '2024-12-14 15:12:47'),
(361, 363, 1, 1, 1, '2024-12-14 15:13:10'),
(362, 364, 1, 1, 1, '2024-12-14 15:13:26'),
(363, 365, 1, 1, 1, '2024-12-14 15:13:39'),
(364, 366, 1, 1, 1, '2024-12-14 15:13:57'),
(365, 367, 18, 1, 1, '2024-12-24 11:50:42'),
(366, 368, 18, 1, 1, '2024-12-24 11:51:10'),
(367, 369, 11, 1, 1, '2024-12-24 11:53:19'),
(368, 370, 2, 1, 1, '2024-12-24 12:00:23'),
(369, 371, 2, 1, 1, '2024-12-24 12:00:53'),
(370, 372, 5, 1, 1, '2024-12-24 12:15:19'),
(371, 373, 5, 1, 1, '2024-12-24 12:15:40'),
(372, 374, 5, 1, 1, '2024-12-24 12:16:28'),
(373, 375, 5, 1, 1, '2024-12-24 12:17:07'),
(374, 376, 5, 1, 1, '2024-12-24 12:17:34'),
(375, 377, 10, 1, 1, '2024-12-24 12:24:44'),
(376, 378, 3, 1, 1, '2024-12-24 12:25:10'),
(377, 379, 6, 1, 1, '2024-12-24 12:25:30'),
(378, 380, 2, 1, 1, '2024-12-24 12:39:49'),
(379, 381, 2, 1, 1, '2024-12-24 12:40:18'),
(380, 382, 2, 1, 1, '2024-12-24 12:40:42'),
(381, 383, 11, 1, 1, '2024-12-24 12:45:59'),
(382, 384, 11, 1, 1, '2024-12-24 12:46:26'),
(383, 385, 11, 1, 1, '2024-12-24 12:46:46'),
(384, 386, 10, 1, 1, '2024-12-24 12:47:19'),
(385, 387, 10, 1, 1, '2024-12-24 12:47:37'),
(386, 388, 10, 1, 1, '2024-12-24 12:47:54'),
(387, 389, 20, 1, 1, '2024-12-24 12:50:12'),
(388, 390, 20, 1, 1, '2024-12-24 12:50:33'),
(389, 391, 20, 1, 1, '2024-12-24 12:50:50'),
(390, 392, 21, 1, 1, '2024-12-24 12:51:58'),
(391, 393, 21, 1, 1, '2024-12-24 12:52:29'),
(392, 394, 21, 1, 1, '2024-12-24 12:52:51'),
(393, 395, 22, 1, 1, '2025-01-21 12:47:44'),
(394, 396, 3, 1, 1, '2025-01-21 12:50:29'),
(395, 397, 3, 1, 1, '2025-01-21 12:51:08'),
(396, 398, 23, 1, 1, '2025-01-21 12:56:47'),
(397, 399, 23, 1, 1, '2025-01-21 12:57:09'),
(398, 400, 23, 1, 1, '2025-01-21 12:57:25'),
(399, 401, 3, 1, 1, '2025-01-21 12:57:47'),
(400, 402, 3, 1, 1, '2025-01-21 12:58:03'),
(401, 403, 3, 1, 1, '2025-01-21 12:58:27'),
(402, 404, 5, 1, 1, '2025-01-21 13:02:29'),
(403, 405, 5, 1, 1, '2025-01-21 13:02:50'),
(404, 406, 5, 1, 1, '2025-01-21 13:03:09'),
(405, 407, 2, 1, 1, '2025-01-21 13:12:31'),
(406, 408, 2, 1, 1, '2025-01-21 13:12:58'),
(407, 409, 2, 1, 1, '2025-01-21 13:13:23'),
(408, 410, 6, 1, 1, '2025-01-21 13:14:10'),
(409, 411, 6, 1, 1, '2025-01-21 13:14:27'),
(410, 412, 6, 1, 1, '2025-01-21 13:14:44'),
(411, 413, 3, 1, 1, '2025-01-21 13:15:06'),
(412, 414, 3, 1, 1, '2025-01-21 13:15:33'),
(413, 415, 3, 1, 1, '2025-01-21 13:16:03'),
(414, 416, 1, 1, 1, '2025-01-21 13:33:04'),
(415, 417, 1, 1, 1, '2025-01-21 13:33:31'),
(416, 418, 24, 1, 1, '2025-01-21 13:33:49'),
(417, 419, 24, 1, 1, '2025-01-21 13:34:20'),
(418, 420, 3, 1, 1, '2025-01-21 13:34:56'),
(419, 421, 3, 1, 1, '2025-01-21 13:35:18'),
(420, 422, 5, 1, 1, '2025-01-21 13:42:07'),
(421, 423, 5, 1, 1, '2025-01-21 13:42:28'),
(422, 424, 5, 1, 1, '2025-01-21 13:42:54'),
(423, 425, 2, 1, 1, '2025-01-21 13:46:03'),
(424, 426, 2, 1, 1, '2025-01-21 13:46:31'),
(425, 427, 3, 1, 1, '2025-01-21 13:47:10'),
(426, 428, 4, 1, 1, '2025-01-21 13:47:46'),
(427, 429, 25, 1, 1, '2025-01-21 13:52:33'),
(428, 430, 25, 1, 1, '2025-01-21 13:52:57'),
(429, 431, 24, 1, 1, '2025-01-21 13:59:02'),
(430, 432, 24, 1, 1, '2025-01-21 13:59:23'),
(431, 433, 6, 1, 1, '2025-01-21 14:00:01'),
(432, 434, 6, 1, 1, '2025-01-21 14:00:26'),
(433, 435, 1, 1, 1, '2025-01-21 14:00:51'),
(434, 436, 1, 1, 1, '2025-01-21 14:01:08'),
(435, 437, 18, 1, 1, '2025-01-21 14:04:06'),
(436, 438, 5, 1, 1, '2025-01-21 14:04:28'),
(437, 439, 3, 1, 1, '2025-01-21 14:04:47'),
(438, 440, 5, 1, 1, '2025-01-21 14:09:18'),
(439, 441, 5, 1, 1, '2025-01-21 14:09:36'),
(440, 442, 5, 1, 1, '2025-01-21 14:09:52'),
(443, 443, 1, 1, 1, '2025-03-21 19:24:26'),
(444, 444, 1, 1, 1, '2025-03-21 19:26:45'),
(445, 445, 1, 1, 1, '2025-03-21 19:27:43'),
(446, 446, 4, 1, 1, '2025-03-21 19:28:19'),
(447, 447, 4, 1, 1, '2025-03-21 19:28:36'),
(448, 448, 4, 1, 1, '2025-03-21 19:28:49'),
(449, 449, 18, 1, 1, '2025-03-21 19:54:00'),
(450, 450, 18, 1, 1, '2025-03-21 19:54:22'),
(451, 451, 1, 1, 1, '2025-03-21 19:54:41'),
(452, 452, 1, 1, 1, '2025-03-21 19:55:02'),
(453, 453, 3, 1, 1, '2025-03-21 19:57:47'),
(454, 454, 3, 1, 1, '2025-03-21 19:58:02'),
(455, 455, 5, 1, 1, '2025-03-21 19:58:20'),
(456, 456, 5, 1, 1, '2025-03-21 19:58:33'),
(457, 457, 3, 1, 1, '2025-03-21 20:01:30'),
(458, 458, 3, 1, 1, '2025-03-21 20:02:00'),
(459, 459, 3, 1, 1, '2025-03-21 20:02:14'),
(460, 460, 23, 1, 1, '2025-03-21 20:05:04'),
(461, 461, 23, 1, 1, '2025-03-21 20:05:35'),
(462, 462, 23, 1, 1, '2025-03-21 20:05:46'),
(463, 463, 3, 1, 1, '2025-03-21 20:07:19'),
(464, 464, 18, 1, 1, '2025-03-21 20:07:36'),
(465, 465, 1, 1, 1, '2025-03-21 20:07:58'),
(466, 466, 6, 1, 1, '2025-03-21 20:09:42'),
(467, 467, 6, 1, 1, '2025-03-21 20:09:55'),
(468, 468, 3, 1, 1, '2025-03-21 20:10:16'),
(469, 469, 3, 1, 1, '2025-03-22 11:09:38'),
(470, 470, 3, 1, 1, '2025-03-22 11:09:46'),
(471, 471, 3, 1, 1, '2025-03-22 11:10:26'),
(472, 472, 4, 1, 1, '2025-03-22 11:17:31'),
(473, 473, 4, 1, 1, '2025-03-22 11:17:40'),
(474, 474, 4, 1, 1, '2025-03-22 11:17:49'),
(475, 475, 27, 1, 1, '2025-03-22 11:20:45'),
(476, 476, 27, 1, 1, '2025-03-22 11:20:58'),
(477, 477, 27, 1, 1, '2025-03-22 11:21:04'),
(478, 478, 24, 1, 1, '2025-03-22 11:23:45'),
(479, 479, 24, 1, 1, '2025-03-22 11:23:54'),
(480, 480, 24, 1, 1, '2025-03-22 11:24:02'),
(481, 481, 23, 1, 1, '2025-03-22 11:26:48'),
(482, 482, 23, 1, 1, '2025-03-22 11:26:59'),
(483, 483, 23, 1, 1, '2025-03-22 11:27:06'),
(484, 484, 27, 1, 1, '2025-03-22 11:33:48'),
(485, 485, 27, 1, 1, '2025-03-22 11:33:58'),
(486, 486, 27, 1, 1, '2025-03-22 11:34:05'),
(487, 487, 3, 1, 1, '2025-03-22 11:36:43'),
(488, 488, 3, 1, 1, '2025-03-22 11:36:51'),
(489, 489, 3, 1, 1, '2025-03-22 11:36:58'),
(490, 490, 23, 1, 1, '2025-03-22 11:37:10'),
(491, 491, 23, 1, 1, '2025-03-22 11:37:16'),
(492, 492, 23, 1, 1, '2025-03-22 11:37:25'),
(493, 493, 4, 1, 1, '2025-03-22 11:40:26'),
(494, 494, 4, 1, 1, '2025-03-22 11:40:35'),
(495, 495, 4, 1, 1, '2025-03-22 11:40:41'),
(496, 496, 3, 1, 1, '2025-03-22 11:45:21'),
(497, 497, 3, 1, 1, '2025-03-22 11:45:29'),
(498, 498, 3, 1, 1, '2025-03-22 11:45:34'),
(499, 499, 4, 1, 1, '2025-03-22 11:45:45'),
(500, 500, 4, 1, 1, '2025-03-22 11:45:51'),
(501, 501, 4, 1, 1, '2025-03-22 11:45:57'),
(502, 502, 23, 1, 1, '2025-03-22 11:46:10'),
(503, 503, 23, 1, 1, '2025-03-22 11:46:16'),
(504, 504, 23, 1, 1, '2025-03-22 11:46:23'),
(505, 505, 3, 1, 1, '2025-03-22 11:51:23'),
(506, 506, 3, 1, 1, '2025-03-22 11:51:30'),
(507, 507, 3, 1, 1, '2025-03-22 11:51:37'),
(508, 508, 5, 1, 1, '2025-03-22 11:54:16'),
(509, 509, 3, 1, 1, '2025-03-22 11:54:31'),
(510, 510, 6, 1, 1, '2025-03-22 11:54:57'),
(511, 511, 6, 1, 1, '2025-03-22 11:55:03'),
(512, 512, 6, 1, 1, '2025-03-22 11:55:11'),
(513, 513, 3, 1, 1, '2025-03-22 11:58:00'),
(514, 514, 3, 1, 1, '2025-03-22 11:58:07'),
(515, 515, 3, 1, 1, '2025-03-22 11:58:14'),
(516, 516, 5, 1, 1, '2025-03-22 11:58:27'),
(517, 517, 5, 1, 1, '2025-03-22 11:58:35'),
(518, 518, 5, 1, 1, '2025-03-22 11:58:46');

-- --------------------------------------------------------

--
-- Estructura de tabla para la tabla `tbl_boutique_protie`
--

CREATE TABLE `tbl_boutique_protie` (
  `pti_id` int(11) NOT NULL,
  `pti_producto` int(11) NOT NULL,
  `pti_tienda` int(11) NOT NULL,
  `pti_activo` int(11) NOT NULL,
  `pti_fregistro` timestamp NOT NULL DEFAULT current_timestamp() ON UPDATE current_timestamp()
) ENGINE=InnoDB DEFAULT CHARSET=utf8 COLLATE=utf8_spanish_ci;

--
-- Volcado de datos para la tabla `tbl_boutique_protie`
--

INSERT INTO `tbl_boutique_protie` (`pti_id`, `pti_producto`, `pti_tienda`, `pti_activo`, `pti_fregistro`) VALUES
(1, 1, 1, 1, '2024-10-08 12:26:46'),
(2, 2, 1, 1, '2024-10-08 12:27:22'),
(3, 3, 1, 1, '2024-10-08 12:29:27'),
(4, 4, 1, 1, '2024-10-08 12:29:42'),
(5, 5, 1, 1, '2024-10-08 12:30:02'),
(6, 6, 1, 1, '2024-10-08 12:30:25'),
(7, 7, 1, 1, '2024-10-08 12:30:40'),
(8, 8, 1, 1, '2024-10-08 12:30:55'),
(9, 9, 1, 1, '2024-10-08 12:32:05'),
(10, 10, 1, 1, '2024-10-08 12:32:21'),
(11, 11, 2, 1, '2024-10-08 12:35:17'),
(12, 12, 2, 1, '2024-10-08 12:35:38'),
(13, 13, 2, 1, '2024-10-08 12:35:56'),
(14, 14, 2, 1, '2024-10-08 12:36:19'),
(15, 15, 2, 1, '2024-10-08 12:36:38'),
(16, 16, 2, 1, '2024-10-08 12:36:54'),
(17, 17, 3, 1, '2024-10-08 12:43:07'),
(18, 18, 3, 1, '2024-10-08 12:43:31'),
(19, 19, 3, 1, '2024-10-08 12:43:44'),
(20, 20, 3, 1, '2024-10-08 12:54:34'),
(21, 21, 3, 1, '2024-10-08 12:55:01'),
(22, 22, 3, 1, '2024-10-08 12:55:20'),
(23, 23, 3, 1, '2024-10-08 12:56:05'),
(24, 24, 3, 1, '2024-10-08 12:56:18'),
(25, 25, 3, 1, '2024-10-08 12:56:32'),
(26, 26, 4, 1, '2024-10-08 13:42:40'),
(27, 27, 4, 1, '2024-10-08 13:42:58'),
(28, 28, 4, 1, '2024-10-08 13:44:30'),
(29, 29, 4, 1, '2024-10-08 13:44:53'),
(30, 30, 4, 1, '2024-10-08 13:45:17'),
(31, 31, 4, 1, '2024-10-08 13:49:14'),
(32, 32, 3, 1, '2024-10-08 13:54:10'),
(33, 33, 3, 1, '2024-10-08 13:54:23'),
(34, 34, 3, 1, '2024-10-08 13:56:09'),
(35, 35, 3, 1, '2024-10-08 13:57:23'),
(36, 36, 3, 1, '2024-10-08 13:57:44'),
(37, 37, 3, 1, '2024-10-08 13:58:44'),
(38, 38, 3, 1, '2024-10-08 13:59:33'),
(39, 39, 3, 1, '2024-10-08 13:59:48'),
(40, 40, 3, 1, '2024-10-08 14:00:06'),
(41, 41, 3, 1, '2024-10-08 14:00:21'),
(42, 42, 6, 1, '2024-10-08 14:02:11'),
(43, 43, 6, 1, '2024-10-08 14:02:25'),
(44, 44, 6, 1, '2024-10-08 14:02:41'),
(45, 45, 7, 1, '2024-10-08 14:04:18'),
(46, 46, 7, 1, '2024-10-08 14:04:33'),
(47, 47, 7, 1, '2024-10-08 14:04:47'),
(48, 48, 8, 1, '2024-10-08 14:06:57'),
(49, 49, 8, 1, '2024-10-08 14:07:12'),
(50, 50, 8, 1, '2024-10-08 14:07:28'),
(51, 51, 9, 1, '2024-10-08 14:09:20'),
(52, 52, 9, 1, '2024-10-08 14:09:33'),
(53, 53, 9, 1, '2024-10-08 14:10:07'),
(54, 54, 9, 1, '2024-10-08 14:10:17'),
(55, 55, 10, 1, '2024-10-08 14:12:53'),
(56, 56, 10, 1, '2024-10-08 14:13:08'),
(57, 57, 10, 1, '2024-10-08 14:13:23'),
(58, 58, 10, 1, '2024-10-08 14:13:40'),
(59, 59, 10, 1, '2024-10-08 14:13:52'),
(60, 60, 10, 1, '2024-10-08 14:14:39'),
(61, 61, 10, 1, '2024-10-08 14:15:48'),
(62, 62, 10, 1, '2024-10-08 14:16:03'),
(63, 63, 10, 1, '2024-10-08 14:16:16'),
(64, 64, 10, 1, '2024-10-08 14:16:32'),
(65, 65, 3, 1, '2024-10-08 14:17:26'),
(66, 66, 11, 1, '2024-10-08 14:19:13'),
(67, 67, 11, 1, '2024-10-08 14:19:29'),
(68, 68, 12, 1, '2024-10-08 14:21:03'),
(69, 69, 12, 1, '2024-10-08 14:21:15'),
(70, 70, 12, 1, '2024-10-08 14:21:31'),
(71, 71, 12, 1, '2024-10-08 14:21:49'),
(72, 72, 12, 1, '2024-10-08 14:22:02'),
(73, 73, 12, 1, '2024-10-08 14:22:15'),
(74, 74, 12, 1, '2024-10-08 14:23:11'),
(75, 75, 12, 1, '2024-10-08 14:23:23'),
(76, 76, 12, 1, '2024-10-08 14:23:38'),
(77, 77, 12, 1, '2024-10-08 14:23:55'),
(78, 78, 12, 1, '2024-10-08 14:24:07'),
(79, 79, 12, 1, '2024-10-08 14:24:21'),
(80, 80, 12, 1, '2024-10-08 14:25:04'),
(81, 81, 12, 1, '2024-10-08 14:25:41'),
(82, 82, 12, 1, '2024-10-08 14:25:55'),
(83, 83, 13, 1, '2024-10-08 14:28:08'),
(84, 84, 13, 1, '2024-10-08 14:28:22'),
(85, 85, 13, 1, '2024-10-08 14:28:37'),
(86, 86, 14, 1, '2024-10-08 14:29:48'),
(87, 87, 14, 1, '2024-10-08 14:30:05'),
(88, 88, 14, 1, '2024-10-08 14:30:18'),
(89, 89, 15, 1, '2024-10-08 14:32:21'),
(90, 90, 15, 1, '2024-10-08 14:32:35'),
(91, 91, 15, 1, '2024-10-08 14:32:51'),
(92, 92, 15, 1, '2024-10-08 14:33:27'),
(93, 93, 15, 1, '2024-10-08 14:33:40'),
(94, 94, 3, 1, '2024-10-08 14:35:01'),
(95, 95, 3, 1, '2024-10-08 14:35:24'),
(96, 96, 3, 1, '2024-10-08 14:35:42'),
(97, 97, 16, 1, '2024-10-08 14:37:45'),
(98, 98, 16, 1, '2024-10-08 14:38:00'),
(99, 99, 16, 1, '2024-10-08 14:38:34'),
(100, 100, 16, 1, '2024-10-08 14:38:54'),
(101, 101, 3, 1, '2024-10-09 01:35:28'),
(102, 102, 3, 1, '2024-10-09 01:36:17'),
(103, 103, 3, 1, '2024-10-09 01:36:51'),
(104, 104, 15, 1, '2024-10-09 01:38:14'),
(105, 105, 15, 1, '2024-10-09 01:38:25'),
(106, 106, 15, 1, '2024-10-09 01:38:44'),
(107, 107, 15, 1, '2024-10-09 01:39:35'),
(108, 108, 15, 1, '2024-10-09 01:39:51'),
(109, 109, 17, 1, '2024-10-09 01:41:17'),
(110, 110, 17, 1, '2024-10-09 01:41:36'),
(111, 111, 17, 1, '2024-10-09 01:41:55'),
(112, 112, 18, 1, '2024-10-09 01:43:52'),
(113, 113, 18, 1, '2024-10-09 01:44:04'),
(114, 114, 18, 1, '2024-10-09 01:44:24'),
(115, 115, 19, 1, '2024-10-09 02:00:01'),
(116, 116, 19, 1, '2024-10-09 02:00:23'),
(117, 117, 16, 1, '2024-10-09 02:01:41'),
(118, 118, 16, 1, '2024-10-09 02:01:57'),
(119, 119, 16, 1, '2024-10-09 02:02:09'),
(120, 120, 16, 1, '2024-10-09 02:03:09'),
(121, 121, 16, 1, '2024-10-09 02:03:21'),
(122, 122, 16, 1, '2024-10-09 02:03:37'),
(123, 123, 12, 1, '2024-10-09 02:05:02'),
(124, 124, 12, 1, '2024-10-09 02:05:18'),
(125, 125, 12, 1, '2024-10-09 02:05:34'),
(126, 126, 12, 1, '2024-10-09 02:06:32'),
(127, 127, 12, 1, '2024-10-09 02:06:44'),
(128, 128, 12, 1, '2024-10-09 02:06:59'),
(129, 129, 11, 1, '2024-10-09 02:08:29'),
(130, 130, 11, 1, '2024-10-09 02:08:45'),
(131, 131, 11, 1, '2024-10-09 02:08:57'),
(132, 132, 11, 1, '2024-10-09 02:09:14'),
(133, 133, 3, 1, '2024-10-09 02:10:30'),
(134, 134, 3, 1, '2024-10-09 02:10:46'),
(135, 135, 15, 1, '2024-10-09 02:11:58'),
(136, 136, 15, 1, '2024-10-09 02:12:18'),
(137, 137, 15, 1, '2024-10-09 02:12:34'),
(138, 138, 3, 1, '2024-10-09 02:15:00'),
(139, 139, 18, 1, '2024-10-09 02:15:52'),
(140, 140, 18, 1, '2024-10-09 02:16:12'),
(141, 141, 18, 1, '2024-10-09 02:16:27'),
(142, 142, 12, 1, '2024-10-09 02:17:34'),
(143, 143, 12, 1, '2024-10-09 02:17:50'),
(144, 144, 12, 1, '2024-10-09 02:18:03'),
(145, 145, 12, 1, '2024-10-09 02:18:22'),
(146, 146, 12, 1, '2024-10-09 02:18:35'),
(147, 147, 12, 1, '2024-10-09 02:18:48'),
(148, 148, 12, 1, '2024-10-09 02:19:37'),
(149, 149, 12, 1, '2024-10-09 02:19:55'),
(150, 150, 12, 1, '2024-10-09 02:20:12'),
(151, 151, 12, 1, '2024-10-09 02:20:24'),
(152, 152, 12, 1, '2024-10-09 02:20:40'),
(153, 153, 12, 1, '2024-10-09 02:21:20'),
(154, 154, 12, 1, '2024-10-09 02:21:38'),
(155, 155, 12, 1, '2024-10-09 02:22:02'),
(156, 156, 12, 1, '2024-10-09 02:22:23'),
(157, 157, 12, 1, '2024-10-09 02:23:03'),
(158, 158, 12, 1, '2024-10-09 02:23:21'),
(159, 159, 12, 1, '2024-10-09 02:23:39'),
(160, 160, 12, 1, '2024-10-09 02:23:51'),
(161, 161, 12, 1, '2024-10-09 02:24:34'),
(162, 162, 12, 1, '2024-10-09 02:24:52'),
(163, 163, 12, 1, '2024-10-09 02:25:52'),
(164, 164, 12, 1, '2024-10-12 16:17:08'),
(165, 165, 12, 1, '2024-10-12 16:17:29'),
(166, 166, 12, 1, '2024-10-12 16:17:55'),
(167, 167, 16, 1, '2024-10-12 16:20:40'),
(168, 168, 16, 1, '2024-10-12 16:21:56'),
(169, 169, 16, 1, '2024-10-12 16:22:20'),
(170, 170, 16, 1, '2024-10-12 16:22:42'),
(171, 171, 3, 1, '2024-10-12 16:25:33'),
(172, 172, 3, 1, '2024-10-12 16:25:56'),
(173, 173, 3, 1, '2024-10-12 16:26:24'),
(174, 174, 3, 1, '2024-10-12 16:28:20'),
(175, 175, 3, 1, '2024-10-12 16:28:36'),
(176, 176, 3, 1, '2024-10-12 16:28:56'),
(177, 177, 15, 1, '2024-10-12 16:34:40'),
(178, 178, 15, 1, '2024-10-12 16:35:01'),
(179, 179, 15, 1, '2024-10-12 16:36:44'),
(180, 180, 15, 1, '2024-10-12 16:37:03'),
(181, 181, 15, 1, '2024-10-12 16:37:28'),
(182, 182, 15, 1, '2024-10-12 16:39:12'),
(183, 183, 15, 1, '2024-10-12 16:39:30'),
(184, 184, 15, 1, '2024-10-12 16:39:51'),
(185, 185, 20, 1, '2024-10-15 13:44:47'),
(186, 186, 20, 1, '2024-10-15 13:45:11'),
(187, 187, 15, 1, '2024-10-15 13:46:38'),
(188, 188, 15, 1, '2024-10-15 13:46:49'),
(189, 189, 12, 1, '2024-10-15 13:50:51'),
(190, 190, 12, 1, '2024-10-15 13:51:10'),
(191, 191, 12, 1, '2024-10-15 13:51:26'),
(192, 192, 12, 1, '2024-10-15 13:51:53'),
(193, 193, 12, 1, '2024-10-15 13:52:08'),
(194, 194, 12, 1, '2024-10-15 13:52:26'),
(195, 195, 12, 1, '2024-10-15 13:52:56'),
(196, 196, 12, 1, '2024-10-15 13:53:15'),
(197, 197, 12, 1, '2024-10-15 13:53:31'),
(198, 198, 12, 1, '2024-10-15 14:03:18'),
(199, 199, 12, 1, '2024-10-15 14:03:58'),
(200, 200, 12, 1, '2024-10-15 14:04:30'),
(201, 201, 12, 1, '2024-10-15 14:07:01'),
(202, 202, 12, 1, '2024-10-15 14:07:35'),
(203, 203, 12, 1, '2024-10-15 14:11:39'),
(204, 204, 12, 1, '2024-10-15 14:11:59'),
(205, 205, 12, 1, '2024-10-15 14:15:49'),
(206, 206, 12, 1, '2024-10-15 14:17:59'),
(207, 207, 12, 1, '2024-10-15 14:18:17'),
(208, 208, 12, 1, '2024-10-15 14:19:42'),
(209, 209, 12, 1, '2024-10-15 14:20:01'),
(210, 210, 12, 1, '2024-10-15 14:20:19'),
(211, 211, 12, 1, '2024-10-15 14:20:34'),
(212, 212, 12, 1, '2024-10-15 14:22:28'),
(213, 213, 12, 1, '2024-10-15 14:23:48'),
(214, 214, 12, 1, '2024-10-15 14:24:06'),
(215, 215, 12, 1, '2024-10-15 14:25:25'),
(216, 216, 12, 1, '2024-10-15 14:25:49'),
(217, 217, 12, 1, '2024-10-15 14:26:12'),
(218, 218, 12, 1, '2024-10-23 08:20:54'),
(219, 219, 12, 1, '2024-10-23 08:21:17'),
(220, 220, 12, 1, '2024-10-23 08:21:36'),
(221, 221, 12, 1, '2024-10-23 08:21:55'),
(222, 222, 12, 1, '2024-10-23 08:22:13'),
(223, 223, 12, 1, '2024-10-23 08:22:37'),
(224, 225, 21, 1, '2024-10-26 13:53:57'),
(225, 226, 21, 1, '2024-10-26 13:54:26'),
(226, 227, 21, 1, '2024-10-26 13:54:47'),
(227, 228, 3, 1, '2024-10-26 13:58:34'),
(228, 229, 3, 1, '2024-10-26 14:00:08'),
(229, 230, 3, 1, '2024-10-26 14:00:22'),
(230, 231, 3, 1, '2024-10-26 14:09:06'),
(231, 232, 3, 1, '2024-10-26 14:09:34'),
(232, 233, 3, 1, '2024-10-26 14:13:17'),
(233, 234, 3, 1, '2024-10-26 14:13:33'),
(234, 235, 3, 1, '2024-10-26 14:14:16'),
(235, 236, 3, 1, '2024-10-26 14:15:34'),
(236, 237, 3, 1, '2024-10-26 14:15:51'),
(237, 238, 3, 1, '2024-10-26 14:16:29'),
(238, 239, 3, 1, '2024-10-26 14:25:24'),
(239, 240, 3, 1, '2024-10-26 14:26:36'),
(240, 241, 3, 1, '2024-10-26 14:26:51'),
(241, 242, 3, 1, '2024-10-26 14:27:08'),
(242, 243, 3, 1, '2024-10-26 14:32:44'),
(243, 244, 3, 1, '2024-10-26 14:33:01'),
(244, 245, 3, 1, '2024-10-26 14:33:20'),
(245, 246, 12, 1, '2024-10-26 14:47:08'),
(246, 247, 12, 1, '2024-10-26 14:47:33'),
(247, 248, 12, 1, '2024-10-26 14:47:51'),
(248, 249, 12, 1, '2024-10-26 14:48:11'),
(249, 250, 12, 1, '2024-10-26 14:48:43'),
(250, 251, 12, 1, '2024-10-26 14:49:01'),
(251, 252, 12, 1, '2024-10-26 14:50:58'),
(252, 253, 12, 1, '2024-10-26 14:51:13'),
(253, 254, 12, 1, '2024-10-26 14:51:27'),
(254, 255, 12, 1, '2024-10-26 14:52:55'),
(255, 256, 12, 1, '2024-10-26 14:53:09'),
(256, 257, 12, 1, '2024-10-26 14:53:47'),
(257, 258, 12, 1, '2024-10-26 14:54:05'),
(258, 259, 3, 1, '2024-10-26 15:19:08'),
(259, 260, 3, 1, '2024-10-26 15:19:26'),
(260, 261, 3, 1, '2024-10-26 15:21:09'),
(261, 262, 3, 1, '2024-10-26 15:21:28'),
(262, 263, 12, 1, '2024-10-26 15:31:48'),
(263, 264, 12, 1, '2024-10-26 15:32:12'),
(265, 266, 22, 1, '2024-11-06 09:21:43'),
(266, 267, 22, 1, '2024-11-06 09:22:07'),
(267, 268, 22, 1, '2024-11-06 09:22:26'),
(268, 269, 22, 1, '2024-11-06 09:23:01'),
(269, 270, 22, 1, '2024-11-06 09:23:30'),
(270, 271, 23, 1, '2024-11-06 09:30:11'),
(271, 272, 23, 1, '2024-11-06 09:30:39'),
(272, 273, 23, 1, '2024-11-06 09:31:03'),
(273, 274, 23, 1, '2024-11-06 09:33:45'),
(274, 275, 23, 1, '2024-11-06 09:34:06'),
(275, 276, 23, 1, '2024-11-06 09:34:23'),
(276, 277, 23, 1, '2024-11-06 09:35:09'),
(277, 278, 23, 1, '2024-11-06 09:35:30'),
(278, 279, 23, 1, '2024-11-06 09:35:52'),
(279, 280, 23, 1, '2024-11-06 09:43:18'),
(280, 281, 23, 1, '2024-11-06 09:43:33'),
(281, 282, 23, 1, '2024-11-06 09:43:50'),
(282, 283, 23, 1, '2024-11-06 09:44:11'),
(283, 284, 23, 1, '2024-11-06 09:44:27'),
(284, 285, 23, 1, '2024-11-06 09:44:46'),
(285, 286, 24, 1, '2024-11-06 09:57:22'),
(286, 287, 24, 1, '2024-11-06 09:57:44'),
(287, 288, 24, 1, '2024-11-06 09:58:10'),
(288, 289, 25, 1, '2024-11-06 10:03:27'),
(289, 290, 25, 1, '2024-11-06 10:03:42'),
(290, 291, 25, 1, '2024-11-06 10:04:01'),
(291, 292, 15, 1, '2024-11-12 13:18:27'),
(292, 293, 15, 1, '2024-11-12 13:19:04'),
(293, 294, 15, 1, '2024-11-12 13:19:27'),
(294, 295, 12, 1, '2024-11-12 13:21:54'),
(295, 296, 12, 1, '2024-11-12 13:22:22'),
(296, 297, 12, 1, '2024-11-22 09:54:54'),
(297, 298, 12, 1, '2024-11-22 09:55:16'),
(298, 299, 12, 1, '2024-11-22 09:55:56'),
(299, 300, 20, 1, '2024-11-27 08:20:16'),
(300, 301, 20, 1, '2024-11-27 08:20:36'),
(301, 302, 20, 1, '2024-11-27 08:20:51'),
(302, 303, 20, 1, '2024-11-27 08:21:05'),
(303, 304, 20, 1, '2024-11-27 08:21:22'),
(304, 305, 20, 1, '2024-11-27 08:21:36'),
(305, 306, 12, 1, '2024-11-27 08:27:11'),
(306, 307, 12, 1, '2024-11-27 08:27:29'),
(307, 308, 12, 1, '2024-11-27 08:27:48'),
(308, 309, 12, 1, '2024-11-27 08:28:17'),
(309, 310, 12, 1, '2024-11-27 08:28:37'),
(310, 311, 12, 1, '2024-11-27 08:28:57'),
(311, 312, 12, 1, '2024-11-27 08:35:14'),
(312, 313, 12, 1, '2024-11-27 08:35:35'),
(313, 314, 12, 1, '2024-11-27 08:37:47'),
(314, 315, 12, 1, '2024-11-27 08:38:04'),
(315, 316, 12, 1, '2024-11-27 08:38:33'),
(316, 317, 12, 1, '2024-11-27 08:38:49'),
(317, 318, 12, 1, '2024-11-27 08:39:06'),
(318, 319, 12, 1, '2024-11-27 08:42:48'),
(319, 320, 12, 1, '2024-11-27 08:43:07'),
(320, 321, 12, 1, '2024-11-27 08:43:23'),
(321, 322, 12, 1, '2024-11-27 08:43:37'),
(322, 323, 12, 1, '2024-11-27 08:44:50'),
(323, 324, 12, 1, '2024-11-27 08:45:04'),
(324, 325, 12, 1, '2024-11-27 08:45:20'),
(325, 326, 12, 1, '2024-11-27 08:45:38'),
(326, 327, 12, 1, '2024-11-27 08:45:56'),
(327, 328, 12, 1, '2024-11-27 08:46:09'),
(328, 329, 12, 1, '2024-11-27 08:46:26'),
(329, 330, 12, 1, '2024-11-27 08:46:50'),
(330, 331, 15, 1, '2024-12-14 14:19:17'),
(331, 332, 15, 1, '2024-12-14 14:21:12'),
(332, 333, 15, 1, '2024-12-14 14:22:08'),
(333, 334, 15, 1, '2024-12-14 14:24:56'),
(334, 335, 15, 1, '2024-12-14 14:27:12'),
(335, 336, 15, 1, '2024-12-14 14:27:34'),
(336, 337, 15, 1, '2024-12-14 14:28:35'),
(337, 338, 12, 1, '2024-12-14 14:33:51'),
(338, 339, 12, 1, '2024-12-14 14:34:17'),
(339, 340, 12, 1, '2024-12-14 14:34:46'),
(340, 341, 12, 1, '2024-12-14 14:35:09'),
(341, 342, 12, 1, '2024-12-14 14:41:11'),
(342, 343, 12, 1, '2024-12-14 14:41:32'),
(343, 344, 12, 1, '2024-12-14 14:41:51'),
(344, 345, 12, 1, '2024-12-14 14:42:13'),
(345, 346, 12, 1, '2024-12-14 14:42:33'),
(346, 347, 12, 1, '2024-12-14 14:42:52'),
(347, 348, 12, 1, '2024-12-14 14:56:08'),
(348, 349, 12, 1, '2024-12-14 14:56:25'),
(349, 350, 12, 1, '2024-12-14 14:57:07'),
(350, 351, 12, 1, '2024-12-14 14:58:30'),
(351, 352, 12, 1, '2024-12-14 15:01:31'),
(352, 353, 12, 1, '2024-12-14 15:01:52'),
(353, 354, 12, 1, '2024-12-14 15:03:01'),
(354, 355, 12, 1, '2024-12-14 15:09:37'),
(355, 356, 12, 1, '2024-12-14 15:10:01'),
(356, 357, 12, 1, '2024-12-14 15:11:07'),
(357, 358, 12, 1, '2024-12-14 15:11:27'),
(358, 359, 12, 1, '2024-12-14 15:11:47'),
(359, 360, 12, 1, '2024-12-14 15:12:14'),
(360, 361, 12, 1, '2024-12-14 15:12:31'),
(361, 362, 12, 1, '2024-12-14 15:12:47'),
(362, 363, 12, 1, '2024-12-14 15:13:10'),
(363, 364, 12, 1, '2024-12-14 15:13:26'),
(364, 365, 12, 1, '2024-12-14 15:13:39'),
(365, 366, 12, 1, '2024-12-14 15:13:57'),
(366, 367, 1, 1, '2024-12-24 11:50:42'),
(367, 368, 1, 1, '2024-12-24 11:51:10'),
(368, 369, 1, 1, '2024-12-24 11:53:19'),
(369, 370, 1, 1, '2024-12-24 12:00:22'),
(370, 371, 1, 1, '2024-12-24 12:00:53'),
(371, 372, 28, 1, '2024-12-24 12:15:19'),
(372, 373, 28, 1, '2024-12-24 12:15:40'),
(373, 374, 28, 1, '2024-12-24 12:16:28'),
(374, 375, 28, 1, '2024-12-24 12:17:07'),
(375, 376, 28, 1, '2024-12-24 12:17:34'),
(376, 377, 29, 1, '2024-12-24 12:24:44'),
(377, 378, 29, 1, '2024-12-24 12:25:10'),
(378, 379, 29, 1, '2024-12-24 12:25:30'),
(379, 380, 30, 1, '2024-12-24 12:39:49'),
(380, 381, 30, 1, '2024-12-24 12:40:18'),
(381, 382, 30, 1, '2024-12-24 12:40:42'),
(382, 383, 30, 1, '2024-12-24 12:45:58'),
(383, 384, 30, 1, '2024-12-24 12:46:26'),
(384, 385, 30, 1, '2024-12-24 12:46:46'),
(385, 386, 30, 1, '2024-12-24 12:47:19'),
(386, 387, 30, 1, '2024-12-24 12:47:37'),
(387, 388, 30, 1, '2024-12-24 12:47:54'),
(388, 389, 30, 1, '2024-12-24 12:50:12'),
(389, 390, 30, 1, '2024-12-24 12:50:33'),
(390, 391, 30, 1, '2024-12-24 12:50:50'),
(391, 392, 30, 1, '2024-12-24 12:51:58'),
(392, 393, 30, 1, '2024-12-24 12:52:28'),
(393, 394, 30, 1, '2024-12-24 12:52:51'),
(394, 395, 26, 1, '2025-01-21 12:47:44'),
(395, 396, 26, 1, '2025-01-21 12:50:29'),
(396, 397, 26, 1, '2025-01-21 12:51:08'),
(397, 398, 16, 1, '2025-01-21 12:56:47'),
(398, 399, 16, 1, '2025-01-21 12:57:09'),
(399, 400, 16, 1, '2025-01-21 12:57:25'),
(400, 401, 16, 1, '2025-01-21 12:57:47'),
(401, 402, 16, 1, '2025-01-21 12:58:03'),
(402, 403, 16, 1, '2025-01-21 12:58:27'),
(403, 404, 20, 1, '2025-01-21 13:02:29'),
(404, 405, 20, 1, '2025-01-21 13:02:50'),
(405, 406, 20, 1, '2025-01-21 13:03:09'),
(406, 407, 12, 1, '2025-01-21 13:12:31'),
(407, 408, 12, 1, '2025-01-21 13:12:58'),
(408, 409, 12, 1, '2025-01-21 13:13:23'),
(409, 410, 12, 1, '2025-01-21 13:14:10'),
(410, 411, 12, 1, '2025-01-21 13:14:27'),
(411, 412, 12, 1, '2025-01-21 13:14:44'),
(412, 413, 12, 1, '2025-01-21 13:15:06'),
(413, 414, 12, 1, '2025-01-21 13:15:33'),
(414, 415, 12, 1, '2025-01-21 13:16:03'),
(415, 416, 15, 1, '2025-01-21 13:33:04'),
(416, 417, 15, 1, '2025-01-21 13:33:30'),
(417, 418, 15, 1, '2025-01-21 13:33:49'),
(418, 419, 15, 1, '2025-01-21 13:34:19'),
(419, 420, 15, 1, '2025-01-21 13:34:56'),
(420, 421, 15, 1, '2025-01-21 13:35:18'),
(421, 422, 20, 1, '2025-01-21 13:42:07'),
(422, 423, 20, 1, '2025-01-21 13:42:28'),
(423, 424, 20, 1, '2025-01-21 13:42:54'),
(424, 425, 15, 1, '2025-01-21 13:46:03'),
(425, 426, 15, 1, '2025-01-21 13:46:31'),
(426, 427, 15, 1, '2025-01-21 13:47:10'),
(427, 428, 15, 1, '2025-01-21 13:47:46'),
(428, 429, 15, 1, '2025-01-21 13:52:33'),
(429, 430, 15, 1, '2025-01-21 13:52:57'),
(430, 431, 15, 1, '2025-01-21 13:59:02'),
(431, 432, 15, 1, '2025-01-21 13:59:23'),
(432, 433, 15, 1, '2025-01-21 14:00:01'),
(433, 434, 15, 1, '2025-01-21 14:00:26'),
(434, 435, 15, 1, '2025-01-21 14:00:51'),
(435, 436, 15, 1, '2025-01-21 14:01:08'),
(436, 437, 15, 1, '2025-01-21 14:04:06'),
(437, 438, 15, 1, '2025-01-21 14:04:28'),
(438, 439, 15, 1, '2025-01-21 14:04:47'),
(439, 440, 30, 1, '2025-01-21 14:09:18'),
(440, 441, 30, 1, '2025-01-21 14:09:36'),
(441, 442, 30, 1, '2025-01-21 14:09:52'),
(443, 443, 12, 1, '2025-03-21 19:22:32'),
(444, 453, 3, 1, '2025-03-21 19:26:45'),
(445, 454, 3, 1, '2025-03-21 19:27:43'),
(446, 455, 3, 1, '2025-03-21 19:28:19'),
(447, 456, 3, 1, '2025-03-21 19:28:36'),
(448, 457, 3, 1, '2025-03-21 19:28:49'),
(449, 458, 3, 1, '2025-03-21 19:54:00'),
(450, 459, 3, 1, '2025-03-21 19:54:22'),
(451, 460, 3, 1, '2025-03-21 19:54:41'),
(452, 461, 3, 1, '2025-03-21 19:55:02'),
(453, 462, 3, 1, '2025-03-21 19:57:47'),
(454, 463, 3, 1, '2025-03-21 19:58:02'),
(455, 464, 3, 1, '2025-03-21 19:58:20'),
(456, 465, 3, 1, '2025-03-21 19:58:33'),
(457, 466, 3, 1, '2025-03-21 20:01:30'),
(458, 467, 3, 1, '2025-03-21 20:02:00'),
(459, 468, 3, 1, '2025-03-21 20:02:14'),
(460, 469, 3, 1, '2025-03-21 20:05:04'),
(461, 470, 3, 1, '2025-03-21 20:05:35'),
(462, 471, 3, 1, '2025-03-21 20:05:46'),
(463, 472, 3, 1, '2025-03-21 20:07:19'),
(464, 473, 3, 1, '2025-03-21 20:07:36'),
(465, 474, 3, 1, '2025-03-21 20:07:58'),
(466, 475, 3, 1, '2025-03-21 20:09:42'),
(467, 476, 3, 1, '2025-03-21 20:09:55'),
(468, 477, 3, 1, '2025-03-21 20:10:16'),
(469, 478, 31, 1, '2025-03-22 11:09:38'),
(470, 479, 31, 1, '2025-03-22 11:09:46'),
(471, 480, 31, 1, '2025-03-22 11:10:26'),
(472, 481, 32, 1, '2025-03-22 11:17:31'),
(473, 482, 32, 1, '2025-03-22 11:17:40'),
(474, 483, 32, 1, '2025-03-22 11:17:49'),
(475, 484, 32, 1, '2025-03-22 11:20:45'),
(476, 485, 32, 1, '2025-03-22 11:20:58'),
(477, 486, 32, 1, '2025-03-22 11:21:04'),
(478, 487, 12, 1, '2025-03-22 11:23:45'),
(479, 488, 12, 1, '2025-03-22 11:23:54'),
(480, 489, 12, 1, '2025-03-22 11:24:02'),
(481, 490, 12, 1, '2025-03-22 11:26:48'),
(482, 491, 12, 1, '2025-03-22 11:26:59'),
(483, 492, 12, 1, '2025-03-22 11:27:06'),
(484, 493, 16, 1, '2025-03-22 11:33:48'),
(485, 494, 16, 1, '2025-03-22 11:33:58'),
(486, 495, 16, 1, '2025-03-22 11:34:05'),
(487, 496, 16, 1, '2025-03-22 11:36:43'),
(488, 497, 16, 1, '2025-03-22 11:36:51'),
(489, 498, 16, 1, '2025-03-22 11:36:58'),
(490, 499, 16, 1, '2025-03-22 11:37:10'),
(491, 500, 16, 1, '2025-03-22 11:37:16'),
(492, 501, 16, 1, '2025-03-22 11:37:25'),
(493, 502, 16, 1, '2025-03-22 11:40:26'),
(494, 503, 16, 1, '2025-03-22 11:40:35'),
(495, 504, 16, 1, '2025-03-22 11:40:41'),
(496, 505, 16, 1, '2025-03-22 11:45:21'),
(497, 506, 16, 1, '2025-03-22 11:45:29'),
(498, 507, 16, 1, '2025-03-22 11:45:34'),
(499, 508, 16, 1, '2025-03-22 11:45:45'),
(500, 509, 16, 1, '2025-03-22 11:45:51'),
(501, 510, 16, 1, '2025-03-22 11:45:57'),
(502, 511, 16, 1, '2025-03-22 11:46:10'),
(503, 512, 16, 1, '2025-03-22 11:46:16'),
(504, 513, 16, 1, '2025-03-22 11:46:23'),
(505, 514, 16, 1, '2025-03-22 11:51:23'),
(506, 515, 16, 1, '2025-03-22 11:51:30'),
(507, 516, 16, 1, '2025-03-22 11:51:37'),
(508, 517, 16, 1, '2025-03-22 11:54:16'),
(509, 518, 16, 1, '2025-03-22 11:54:31'),
(510, 519, 16, 1, '2025-03-22 11:54:57'),
(511, 520, 16, 1, '2025-03-22 11:55:03'),
(512, 521, 16, 1, '2025-03-22 11:55:11'),
(513, 522, 16, 1, '2025-03-22 11:58:00'),
(514, 523, 16, 1, '2025-03-22 11:58:07'),
(515, 524, 16, 1, '2025-03-22 11:58:14'),
(516, 525, 16, 1, '2025-03-22 11:58:27'),
(517, 526, 16, 1, '2025-03-22 11:58:35'),
(518, 527, 16, 1, '2025-03-22 11:58:46');

-- --------------------------------------------------------

--
-- Estructura de tabla para la tabla `tbl_boutique_tallas`
--

CREATE TABLE `tbl_boutique_tallas` (
  `t_id` int(11) NOT NULL,
  `t_talla` varchar(10) COLLATE utf8_spanish_ci NOT NULL,
  `t_activo` int(11) NOT NULL,
  `t_fregistro` timestamp NOT NULL DEFAULT current_timestamp() ON UPDATE current_timestamp()
) ENGINE=InnoDB DEFAULT CHARSET=utf8 COLLATE=utf8_spanish_ci;

--
-- Volcado de datos para la tabla `tbl_boutique_tallas`
--

INSERT INTO `tbl_boutique_tallas` (`t_id`, `t_talla`, `t_activo`, `t_fregistro`) VALUES
(1, 'XS', 1, '2024-09-18 07:38:10'),
(2, 'S', 1, '2024-09-18 07:38:10'),
(3, 'S-M', 1, '2024-09-30 05:18:56'),
(4, 'M', 1, '2024-09-30 05:19:04'),
(5, 'M-L', 1, '2024-09-30 05:19:08'),
(6, 'L', 1, '2024-09-30 05:19:37'),
(7, 'L-XL', 1, '2024-09-30 05:20:44'),
(8, 'XL', 1, '2024-09-30 05:19:40'),
(9, 'XXL', 1, '2024-09-30 05:19:42'),
(10, 'UNITALLA', 1, '2024-09-30 05:20:20'),
(11, '1', 1, '2024-11-27 02:42:08'),
(12, '3', 1, '2024-09-30 05:23:34'),
(13, '5', 1, '2024-09-30 05:23:34'),
(14, '7', 1, '2024-09-30 05:23:34'),
(15, '9', 1, '2024-09-30 05:23:34'),
(16, '11', 1, '2024-09-30 05:23:34'),
(17, '13', 1, '2024-09-30 05:23:34'),
(18, '15', 1, '2024-09-30 05:23:34'),
(19, '28', 1, '2024-09-30 05:23:34'),
(20, '30', 1, '2024-09-30 05:23:34'),
(21, '32', 1, '2024-09-30 05:23:34'),
(22, '34', 1, '2024-09-30 05:23:34'),
(23, '36', 1, '2024-09-30 05:23:34'),
(24, '38', 1, '2024-09-30 05:23:34'),
(25, '40', 1, '2024-09-30 05:23:34'),
(26, '42', 1, '2024-09-30 05:23:34');

-- --------------------------------------------------------

--
-- Estructura de tabla para la tabla `tbl_boutique_tiendas`
--

CREATE TABLE `tbl_boutique_tiendas` (
  `ti_id` int(11) NOT NULL,
  `ti_nombre` varchar(100) COLLATE utf8_spanish_ci NOT NULL,
  `ti_localidad` varchar(30) COLLATE utf8_spanish_ci NOT NULL,
  `ti_activo` int(11) NOT NULL,
  `ti_fregistro` timestamp NOT NULL DEFAULT current_timestamp() ON UPDATE current_timestamp()
) ENGINE=InnoDB DEFAULT CHARSET=utf8 COLLATE=utf8_spanish_ci;

--
-- Volcado de datos para la tabla `tbl_boutique_tiendas`
--

INSERT INTO `tbl_boutique_tiendas` (`ti_id`, `ti_nombre`, `ti_localidad`, `ti_activo`, `ti_fregistro`) VALUES
(1, 'EVA', 'CHINCONCUAC', 1, '2024-09-30 11:47:02'),
(2, 'GRLI DE MEXICO', 'CHINCONCUAC', 1, '2024-10-08 12:33:27'),
(3, 'N/A', 'CHINCONCUAC', 1, '2024-10-08 12:41:06'),
(4, 'MERCADO LIBRE', 'N/A', 1, '2024-10-08 13:40:04'),
(5, 'N/A', 'CENTRO', 1, '2024-10-08 13:53:06'),
(6, 'MULTIMARCAS', 'CENTRO', 1, '2024-10-08 14:01:31'),
(7, 'IPEACH', 'CENTRO', 1, '2024-10-08 14:03:24'),
(8, 'ALAN FASHION', 'CENTRO', 1, '2024-10-08 14:05:30'),
(9, 'OKAY', 'CENTRO', 1, '2024-10-08 14:08:07'),
(10, 'IHME CAPS', 'CENTRO', 1, '2024-10-08 14:11:21'),
(11, 'NEW YORK COLLECTION', 'CHINCONCUAC', 1, '2024-10-08 14:18:24'),
(12, 'SANDY DINORA', 'CHINCONCUAC', 1, '2024-10-08 14:19:59'),
(13, 'ML MODA', 'CHINCONCUAC', 1, '2024-10-08 14:27:11'),
(14, 'IMPORTACIÓN ANNEY', 'CHINCONCUAC', 1, '2024-10-08 14:29:05'),
(15, 'MODA ERICK', 'CHINCONCUAC', 1, '2024-10-08 14:31:22'),
(16, 'MI REY COLLECTION', 'CHINCONCUAC', 1, '2024-10-08 14:36:35'),
(17, 'IMELDA', 'CHINCONCUAC', 1, '2024-10-09 01:40:27'),
(18, 'ERICKA FASHION', 'CHINCONCUAC', 1, '2024-10-09 01:42:25'),
(19, 'FASHION PINK', 'CHINCONCUAC', 1, '2024-10-09 01:47:41'),
(20, 'EXCLUSIVAS D ELIZABETH', 'CHINCONCUAC', 1, '2024-10-15 13:43:16'),
(21, 'CHAMARRAS DE GABYS', 'CHINCONCUAC', 1, '2024-10-26 13:53:37'),
(22, 'EFA ELEGANCE FASHION ART', 'CENTRO', 1, '2024-11-06 09:19:54'),
(23, 'POSH', 'CENTRO', 1, '2024-11-06 09:24:42'),
(24, 'HANZ', 'CENTRO', 1, '2024-11-06 09:53:58'),
(25, 'KENYA', 'CENTRO', 1, '2024-11-06 10:00:26'),
(26, '', '', 1, '2024-11-27 08:30:13'),
(27, 'NDY', 'CHINCONCUAC', 1, '2024-12-24 12:10:44'),
(28, 'MODAS ANDY', 'CHINCONCUAC', 1, '2024-12-24 12:12:53'),
(29, 'MARYFER FASHION', 'CHINCONCUAC', 1, '2024-12-24 12:20:42'),
(30, 'XOCHIMILCO', 'CHINCONCUAC', 1, '2024-12-24 12:32:39'),
(31, 'EXCLUSIVOS DE IMELDA', 'CHINCONCUAC', 1, '2025-03-22 11:07:26'),
(32, 'EXCLUSIVOS ARMANDOS', 'CHINCONCUAC', 1, '2025-03-22 11:14:36');

-- --------------------------------------------------------

--
-- Estructura de tabla para la tabla `tbl_boutique_tipospago`
--

CREATE TABLE `tbl_boutique_tipospago` (
  `tp_id` int(11) NOT NULL,
  `tp_nombre` varchar(30) COLLATE utf8_spanish_ci NOT NULL,
  `tp_activo` int(11) NOT NULL,
  `tp_fregistro` timestamp NOT NULL DEFAULT current_timestamp() ON UPDATE current_timestamp()
) ENGINE=InnoDB DEFAULT CHARSET=utf8 COLLATE=utf8_spanish_ci;

--
-- Volcado de datos para la tabla `tbl_boutique_tipospago`
--

INSERT INTO `tbl_boutique_tipospago` (`tp_id`, `tp_nombre`, `tp_activo`, `tp_fregistro`) VALUES
(1, 'EFECTIVO', 1, '2024-10-02 07:11:52'),
(2, 'TRANSFERENCIA', 1, '2024-10-02 07:11:52');

-- --------------------------------------------------------

--
-- Estructura de tabla para la tabla `tbl_boutique_ventas`
--

CREATE TABLE `tbl_boutique_ventas` (
  `v_id` int(11) NOT NULL,
  `v_token` varchar(16) COLLATE utf8_spanish_ci NOT NULL,
  `v_tokenEncrypt` varchar(128) COLLATE utf8_spanish_ci NOT NULL,
  `v_producto` int(11) NOT NULL,
  `v_cliente` int(11) NOT NULL,
  `v_pago` int(11) NOT NULL,
  `v_fecha` date NOT NULL,
  `v_hora` time NOT NULL,
  `v_activo` int(11) NOT NULL,
  `v_fregistro` timestamp NOT NULL DEFAULT current_timestamp() ON UPDATE current_timestamp()
) ENGINE=InnoDB DEFAULT CHARSET=utf8 COLLATE=utf8_spanish_ci;

--
-- Volcado de datos para la tabla `tbl_boutique_ventas`
--

INSERT INTO `tbl_boutique_ventas` (`v_id`, `v_token`, `v_tokenEncrypt`, `v_producto`, `v_cliente`, `v_pago`, `v_fecha`, `v_hora`, `v_activo`, `v_fregistro`) VALUES
(2, 'OV3PxIb9zUTtu7Vn', '2c7bef542641be9b8adcdf52473d4732c41ebe1b99a6881ceb1ed0ccc078293ac3dcb2848a836658a33e35fa901bb3432fbe7ced1683da669ed3f210256e7909', 30, 1, 1, '2024-09-24', '23:20:00', 1, '2024-10-09 05:21:21'),
(3, 'wmNCKdQMGMN5QcMb', 'b000caac983caf0f639e84a6b8e84d6e270fa70901b1854eea51835accf9bf8a07c7382a8ebe4576de8bfdd9d3e2f8018c29b9a22e790cd67130439cb5049231', 46, 1, 1, '2024-09-25', '23:22:00', 1, '2024-10-09 05:22:34'),
(4, 'vmFlMsxg5WYqbGu5', 'caefedbd97ac45e37b4679e576c16a7199f96e83921f50ff6909023171121dcdf05f1d803e3ba93ba480162480ec0d714ebfe45d5a8a0a21e504ad3c7bbe2f08', 31, 1, 1, '2024-09-25', '23:26:00', 1, '2024-10-09 05:26:47'),
(5, 'Y0T03Acgcv4ydGJs', 'b049f003336c0f647c98876934b23544186aa4db0d3a3709e22eb09cb2a13b6daa1f38237659c9e27393142c357847b8a791c2d97c32291d5d78b7ed9d6d477b', 57, 1, 1, '2024-09-26', '23:27:00', 1, '2024-10-09 05:27:18'),
(6, 'MRt4QOb4wBR9pCyQ', '6d0a679806f899980665600e03468f4cd324eae1a0c6161ded3f670311d34a39cf07ab4f22c7819410901724735aee9c69a8a8408d73ccd45e82089f23fb4405', 26, 1, 1, '2024-09-26', '23:27:00', 0, '2024-10-09 05:28:15'),
(7, 'MTtFqzN9Fui63Hdw', '433aeaa3142bea43c1c096ddaca804943b369edbd8507535d962528243ab39a2c80afb687ecd34a73998d239462a8770becdc3df07ce07a21cd7f4066dfb77bf', 4, 1, 1, '2024-09-27', '23:29:00', 1, '2024-10-09 05:29:42'),
(8, 'N6RlTbAuXa0jtA6T', '1f1bc08cb1bf9fe526519d125098aeacff0f79476399e259940e66d3fd25ab27feda7bb27150682f536e325e8de529b2df1f0e7c4384d1e240195eca0a737922', 124, 1, 1, '2024-09-28', '23:30:00', 1, '2024-10-09 05:32:17'),
(9, 'szq8qqkGZALXyXHN', 'a258c8301b2fb36d5fc7636c0e8c5a415a9829d830239eba02ff55981fc47badb42fd17a7a78d2baa482cf7898801e38e98f0fa22e33b30e328e112facb6196f', 117, 1, 1, '2024-09-28', '23:31:00', 1, '2024-10-09 05:32:01'),
(10, 'TYuLOFWO2WPo6Jnh', '96cbf1f31c79d744d02d4230c640887e140b2a82aa6c4f9c8da368f50c727240930cf25f6ca3c8b137beae9553072fbb1ac57a3613f07a4a7091d9c9a5287bea', 80, 1, 1, '2024-09-28', '23:34:00', 1, '2024-10-09 05:34:02'),
(11, 'OO3ojEIH57Iqono6', '48980db816975175e8007365e3e8e4f6f346c2d62dbccbba314964b425a0a9e6b5e9e2d53b77f73eb272795024c796aff203d57d9cd9c22cf07ec0978e91f767', 114, 1, 1, '2024-09-28', '23:34:00', 1, '2024-10-09 05:34:55'),
(12, 'MnIjtKkF3X1cfFJq', '157d8bba102ba88327d65fb520c4dd6e9ea6786e0bb67062614a3c20adf51696d4884ce0d3e747ca1f9bf8fe3af89739b39ee211e39a62d5ae04df3dd53ab00b', 92, 1, 1, '2024-09-28', '23:35:00', 1, '2024-10-09 05:35:25'),
(13, 'Au329C9mS2XpZD4h', '01c87e7a1b0408280a2a25b2d57272a935a68270cbe0d5b546c2833053e1f7ea6981642de5c463ab3a981871bc553e847117a28d7956f61c1fe8e1edce4d2a38', 109, 1, 1, '2024-09-29', '23:36:00', 1, '2024-10-09 05:36:30'),
(14, 'M4mS2Wj0gSMtSpEn', 'cbc4d28ecd6a3bc60d6d32bb62414d676d97e49c30af9f7dc0874ac9add784b12eed5d1f229efaa62e2c7ecd4632ba05da4de1510a169628f9664577e315497b', 13, 1, 1, '2024-09-29', '23:37:00', 1, '2024-10-09 05:37:53'),
(15, 'By6fAWLoEYQ7Gzuh', 'e35b50ee8f8b27772375d76c20e4186f74522acbe40d1a14d4de533cf2c1d8847ca1d2a1a4e5a1260ce8e12ca93dad1ac0005909c3ace55d52bdbb3ff38e5fe8', 104, 1, 1, '2024-09-29', '23:38:00', 1, '2024-10-09 05:38:28'),
(16, 'CUaPjXf9JfUWi8Ir', 'a322188ddfe3b65bb7b811b070c5fed6880e5485beaa41317f69871656ccb296a461de08175ab61781ddf6f9635c215fbca489ffb7f0daaed8fa6af0f220deaf', 106, 1, 1, '2024-09-29', '23:38:00', 1, '2024-10-09 05:38:58'),
(17, 'Ce8srOYghqeCf52O', 'e4d0544e13edf3483567ff6034d94b2f67c6b988596917cdcb267dec2a34c5335fd69c71b1d6e8eeac149a203986f0b10e590dcde0d4b0aff17a21cc36e947b0', 61, 1, 1, '2024-09-29', '23:39:00', 1, '2024-10-09 05:39:40'),
(18, 'wvmcGMVrvyqywg2z', '905975362768df340374dc8b2add174e25de78b34af28b28e08aa7a78666833e794a3b35720b80a43cd95c791468136d11c8562b857305c8fef237efec34e5ba', 96, 1, 1, '2024-09-29', '23:40:00', 1, '2024-10-09 05:40:25'),
(19, 'Qd8j0BmOQHVfhqs2', '999c22a36b1a2949a886e61ab63962849558a5891ff08536f93257086f6efa0237e916c646d415f3cb0e27e146362d1da5ff78c1fb2c59be2ab39a67d02147e0', 94, 1, 1, '2024-09-29', '23:41:00', 1, '2024-10-09 05:41:26'),
(20, 'ok7qfBfh2QsRNPcg', 'a28e9a88ec16fe1beff5fd9d85e33a3b98ca875e6f2a19d18ab54cdef4eb01ad467598ef7c421126d676c107cc92a480071a746c81f528802711e13332669fe3', 22, 1, 1, '2024-09-30', '23:42:00', 1, '2024-10-09 05:42:53'),
(21, 'eZ1yjKU0XfIcukuj', 'ae2e5d82ed389e2cd45183b5fd5a0a6d944694af67846b7d78e1fc0c07489413b9d03fa7edfaf1173512eece4cc8a503ebf67dc76c5188474c4ba7c8cc8b8e94', 136, 1, 1, '2024-10-02', '23:43:00', 1, '2024-10-09 05:43:40'),
(22, 'mR0LykOtOiAtiw7Y', '51d48812897f3af1bddafb093367835604254199c5f2f041f822ee1745dc838ba74de3b5d796d92d4fd4a1735223b00808dbe2bcd21f32e0d64718e9c152b9c6', 95, 1, 2, '2024-10-02', '23:44:00', 1, '2024-10-09 05:44:26'),
(23, 'lGnRMh19JcK6TQrn', '11f9e465c502738faa884f420406d56d1e40ca0c8155ba317fcf83f005dbec42e3bb9268b80e13fd7045d846fb4517561fb4d4d31e12a6866a2ef23156036b2b', 69, 1, 1, '2024-10-03', '23:46:00', 1, '2024-10-09 05:46:24'),
(24, 'ixqdVH4S9Xi9cc2z', 'b38ceb5ec7320596dd12fe2cf59384aba4790fce04929e3b89e60b92540e3849af18054808d36489db9af80d345e13ecb9ded10a7f5da5a37a318d2268e8bbc9', 135, 1, 1, '2024-10-03', '23:46:00', 1, '2024-10-09 05:46:47'),
(25, 'Xydc9LtkrId3x4p6', 'a68271a0c50cf10e772de0365931f2c6a5640bd0b9417c4a634672aa904a01ffc2a127a69ee4e51fb10e45dd78a5e1ac26102bb71c1dd54452fee313026db885', 102, 1, 1, '2024-10-04', '23:49:00', 1, '2024-10-09 05:49:07'),
(26, 'irJdFTxcqEjfH8FA', '8687ece507999beea47035250c8f77d11d7b8538bb3c0c2a24d2f2e4845a281ae5088a2c738576cd0905cbfa26034a01da405816c0ffb4b8d4dff9b6d2ce2f54', 151, 1, 2, '2024-10-04', '23:49:00', 1, '2024-10-09 05:50:06'),
(27, 'BlLLTszB5sFjwEoC', 'f52c5520729553fb9e69e643edf98325909ff252069f053e62a1799c571dd9337e84d35321a2d2319976f8e2f59dab55236edb74d7362b5b3e8dabf4a6efcca0', 154, 1, 1, '2024-10-05', '23:50:00', 1, '2024-10-09 05:50:44'),
(28, '7weOz4pi5uJCBZVu', '3099c75d2e0d719cc571ff604fdeb910ea2e20b3c5450c948a83d2d38fdb8bbca91bfbd42742a985398018e0cfcbc7f82775e60e7dcedce6f8f41a138b81457a', 127, 1, 1, '2024-10-05', '23:53:00', 1, '2024-10-09 05:53:45'),
(29, 'L8qVNFJrAtBM5ox0', 'd7151e3cd4d34f7c70bb77b8ca5d53f8b4bc83d4127325b9a4790c2c88afdb818cd51d6eee21546b5f2f6d205be308f6cc699ed9613a2cf1958defeb742c2870', 37, 1, 1, '2024-10-05', '23:54:00', 1, '2024-10-09 05:54:20'),
(30, 'KjswsMbmr9pO1Rkr', 'add46cd645256de914a7aff9f16743a5ead850614e7453012b33e325fa31a8e16c9e7338b58bef001d0b2de358ee3545a8f306dcafa71ab2d1b3af0698e41cd9', 14, 1, 1, '2024-10-05', '23:55:00', 0, '2024-10-23 02:31:32'),
(31, 'tLcCe8sqCYahyrxx', '9df224d6be94ffe12b57db4419e8d962e45b4696aba9742e32f22b3ae89f613981254e60b97bc80dec3625e3e46a9c7374a97e840b9f0664a77a83e1451a3071', 103, 1, 1, '2024-10-06', '23:58:00', 1, '2024-10-09 05:59:19'),
(32, 'loZklgeYh9UdKhrL', '070e947fac90e99cdbe467e081466f83d69fb549c4c7a8c44896c89bcb214666aae78214eed40df6afde77b161be3218286b925e4c17db58995079c9ecbb35ca', 85, 1, 1, '2024-10-06', '00:00:00', 1, '2024-10-09 06:00:38'),
(33, 'vj63UhMCiNcQIlGb', '0ce103ae58c9d65f2967781f7231b68626bd5afdd24353096e4dc570537624f2aa1a6dee5e1ca28ac843315b41f56e7836b30aab812c09fa581e4bda474093e7', 23, 1, 1, '2024-10-06', '19:59:00', 1, '2024-10-09 06:01:14'),
(34, 'BpyTTUMXDH63io6u', '063daca0918778e8845e2a1bdde943d063d39df056ac872e523b112ec99b6509af151219c6518bfea5fc7df926e5f3f45b616e6f4e90f7f55b1c5a7e7ec62918', 89, 1, 1, '2024-10-06', '21:02:00', 1, '2024-10-09 06:01:41'),
(35, 'QZ4KwFjOcJMoAKWT', '32b89012170fd063bae8c6dc5c3561e177642c8c630d2ba3d67e115fcecaefabbfb8c8794a25feabfc54cb8b4553b05045b7541499e6ea0a09fd31f7709a4c8f', 115, 1, 1, '2024-10-06', '22:05:00', 1, '2024-10-09 06:05:54'),
(36, 'ypcwiMOM0aWY44JV', 'ef3f475f78af8d32ec0130b193bdd8d4a7aa6bff1521a2c891c9df89e8452204b0cf9cfee5b7e7fdbb4b07a7963b0dd072570caafbde9d71f99881d72fcee214', 34, 1, 1, '2024-10-06', '22:06:00', 1, '2024-10-09 06:06:29'),
(37, 'otkNkqSNULlvj2Gi', 'e5b2aac9d289e2ac5d8ed77835c7f28582960b6d9c5fdb4dafd7b43f5d232c0829fafa1f4607af560f4f2dff0fbfe69b2b0f9cd7ada39631c301680c31024647', 129, 1, 1, '2024-10-08', '22:07:00', 1, '2024-10-09 06:07:15'),
(38, 'xHbZ9NtjuSIFiKr0', '72fa8aafa9297bd39e2086745292dfb88ffce04dfe95c8a9e3adaa65a98df406808ae03ff899f7b6e7373431408014c6ee6a56dc0c864b5452535c4d476db22d', 25, 1, 1, '2024-10-08', '18:07:00', 1, '2024-10-09 06:07:51'),
(39, 'jfu9cyPkXJemqoLO', '1ec9a1e41332ea4c0d445e1604785fd8a536064afead33ca6cb996829c574da12745aed74a5374f0207fb428c3c9a9516b064c48628a882dafc0b0634ae5cc88', 19, 1, 1, '2024-09-22', '21:21:00', 1, '2024-10-11 02:20:20'),
(40, 'HF7qYCdhPM70jbZn', '2656f55af7fc50330654952e43a1a617520462d61ab0c8b667c00081ee7d643663ca13ae59122453cb1fa483260e84a61dfa453c656ad041ae49904b6be7ebba', 52, 1, 1, '2024-09-22', '20:20:00', 1, '2024-10-11 02:20:59'),
(41, '0rM1AEUkENM4OMCG', '1c6d6c49ae4860983d24121ab1e6ae7264325f754dfa52a45c0b47ff107fbe84702440001a20c1a57759f2dbbd83c734b96d72538e9c2e2193b930258ca1b401', 93, 1, 1, '2024-09-22', '20:21:00', 1, '2024-10-11 02:21:29'),
(42, '9TXosl5tdfSsjZhb', '7130cebecb3929b08c3a3f6c7ada6ce4d89a4e22e599c428a251e4bcfb37bcd79e4c52f29b091b5a644ee322d1265b55af9b559c46bb0285339f7220eef0b9d7', 44, 1, 1, '2024-09-22', '20:22:00', 1, '2024-10-11 02:22:07'),
(43, 'JAGezHTxvsOEDrFx', 'cd727438b4579d855ca24e0dea53a936fa917a4ffb430fdb4154c79b2bae8201a099df74e8e5afc60f9477ee939e71462542052ca36e42d653b9ffbbbe6aa6b3', 43, 1, 1, '2024-09-23', '20:23:00', 1, '2024-10-11 02:23:20'),
(44, 'cK8fu8TxtzoDjhBJ', '99060f65bbf321dfad4e22ea5343a93d6847049262a7900f4f58c05f89661f41f8edb1647b4559cfc81edaaa4d8451b936aeb6cd1302d52d1cd12386fbc5faaf', 62, 1, 1, '2024-09-23', '20:23:00', 1, '2024-10-11 02:24:00'),
(45, 'J2zdo3hmMYv4Lzmd', '7e4e53b7bfce13db72713e9a4f517b33b18263a58a033862ce7d7b795fa1a2a6e2fb0aca62f24cd61837fc41f2b0ce7cb60d9fe39ad5a016a4525d4f346ff614', 90, 1, 1, '2024-09-23', '20:24:00', 1, '2024-10-11 02:24:29'),
(46, 'AuxMGC30sFeP3oOq', 'a5895d98371c9585ddc6071bb1740bffa7d62925c5527a678429aaebe42065405b0eda444f519a2e7b07de4b6116be0aea5d1a8c9d046507eb9801f5d703f7e1', 45, 1, 1, '2024-10-10', '20:41:00', 1, '2024-10-11 02:41:19'),
(47, 'i74XCoV8AhlUXanw', '38736b4692fe7d0fcd4ff28c372e93cc390063e81a45107a2fc15847fe26a0abd81780cdff34688248dbc45291e5c64ffe996b0cf2f20091b6eb9a8e55ac1cc8', 110, 1, 1, '2024-10-11', '23:29:00', 1, '2024-10-18 05:29:35'),
(48, 'XKgsyJJjtiXWZnFu', 'a4e0bbffc7360174713a12876b0fff0c0bdd621ff505385ef91778db10b80bc9dd5a8710adaf1102e2e7c2bfc443fe66a739506650c632653a774c93a740fad6', 116, 1, 1, '2024-10-11', '23:30:00', 1, '2024-10-18 05:30:09'),
(49, '7Pvyquz9nBj8cM9j', '69164b7df15301ff30d86558925297c621a34510bbe7709dee2b9f661b165e621630f804c850d6796e822a253d7aa68e823929a3d36dbda3a6f70a62ba9698cc', 152, 1, 1, '2024-10-11', '23:30:00', 1, '2024-10-18 05:30:54'),
(50, '8k1T2HvIcdOFuegZ', 'b60ea6768c19141efda8a705f81b7ee4e4473436bc1667d2c4d4f53d64f35e38f38779a734a1a3e846348895ffeaf89725bd8d111df6f3a5473eafbfa42b446c', 32, 1, 1, '2024-10-12', '23:32:00', 1, '2024-10-18 05:32:42'),
(51, 'h6OW2jTJ66pzBKlW', 'e8475339ab2ec8af0c3f6fdffbd9ed46b9762faad2f151122334feeac52b296af59a1a1b325e5cd9b43f236b67d81a844efa76c7261adcb653b5bfbebbbbab4b', 20, 1, 1, '2024-10-12', '23:33:00', 1, '2024-10-18 05:33:05'),
(52, 'ReTpajoVfUP0SmFF', 'af69b775a397363b260fef15322fdd9bcd8288eaf404d1a239dbbf30641c833f30641152f3b16a8d30099093e978fa0f4b7acbfef4349efa48f7d308a01f7d30', 9, 6, 2, '2024-10-12', '23:35:00', 1, '2024-10-18 05:35:43'),
(53, 'TtM6W3RtxgThMfTj', '0c856d342fae5151a475dfff0675c45024cfca45d7f22ff855118aa2cf47ba4a17bae6b8de7d9d7aebd3c6fccbf754a502f87bc2f83571a20bb7dd929ba48667', 139, 6, 2, '2024-10-12', '23:36:00', 1, '2024-10-18 05:37:00'),
(54, 'NKDdJ6sWst4BRo6r', 'c9dae9db5895c365f44825f39b65da0e91e94037ed04a0c2335f7678f8cf64a241788fdec6e928831aae270d2e2ab0a6f365e749e18b364b984af758da173bdb', 82, 6, 2, '2024-10-12', '23:37:00', 0, '2024-10-18 05:38:16'),
(55, 'ULg0QGbxEUQXx8rd', '3199033037f084123c369356092411908516caaf894b72016cd55224e5626aa9ae38feed8c494c65d7f4913c74891a235dfd230dbb5d6e8102ea4935ab89ce98', 81, 6, 2, '2024-10-12', '23:38:00', 1, '2024-10-18 05:38:45'),
(56, 'ygIWrmCDtnzudEip', '39f8b7950676409a70a96c8870f7f9092edbe6ed409438129d4e91160aea393864b43e12b7622666ff6d3a85446a26e7585d66989d65c2cfc91dac6484fab8f1', 153, 6, 2, '2024-10-12', '23:39:00', 1, '2024-10-18 05:39:09'),
(57, '0qQuqGPVl8NWAfZB', '7216674f734a772625f54d442b3aac358a299723e36d84750e93e235dab2b1bb79e302233f98ae9990f7f2bed96a2d58d35c72abdab10cc93838ba5bcbd968c6', 179, 6, 2, '2024-10-12', '23:39:00', 1, '2024-10-18 05:39:43'),
(58, 'h9AF9G9jSDQNdhI6', 'bff5fe2433a3ac309dd4b9745af71a3895a8220efdd2d9f5adbb88878d75c5253ce0162f9fc1db894fd483cccf3edf473558411bcf30e571690bc2059c9102e2', 174, 1, 2, '2024-10-13', '23:42:00', 1, '2024-10-18 05:42:13'),
(59, '5caiZoCz0B6b9v0v', 'eaed585102a59fffdf7ee0123b0a0d006af5fc56c892063d222af7fa2bfa9e7c136bba2ccda552d19dfd6cf7e64bfa082cf185918c298e52265c0c051a9de7b9', 33, 1, 2, '2024-10-13', '23:42:00', 1, '2024-10-18 05:42:54'),
(60, '20xA4QXGwXZirT2K', '098da7f3f6053aecf1786489471a73dc91613a8dac3480a1ed1bfbebba4048b9f100716657ca5f1b6cbd2e9ec07ea14b1f9f7d551724d21044289ab4f006a297', 173, 1, 2, '2024-10-13', '23:44:00', 1, '2024-10-18 05:44:48'),
(61, 'INdbgHSeQG2OrTsR', '2573703dc8e0e326beeb3acb8ca08a520589090ac25fe0bd7287132bf91cbe2ff648b3733090f73111b4841b68ca73cb367f163bc6d73e247a01a16b84f84313', 159, 1, 2, '2024-10-13', '23:45:00', 1, '2024-10-18 05:45:23'),
(62, 'K51UIPc0q4twXN9H', '77caed7d64a82b41033d13031ba1808dc84dfc0b1df2e3270c50f306720d0dd1f3b7661e4ddfa796dfa4cce6bd46a9b09c096390b2bfcd10996b42c3fd4079cc', 148, 7, 2, '2024-10-13', '23:47:00', 1, '2024-10-18 05:47:07'),
(63, 'mUR5nDXsiSf2VsPR', '7941aafec8db441c23b789a294928760a3f06a3f4eebc1b3e627418fb96137c054e51ef8b9027af55ac394324148f3e807d7e89160a15fb417c2a495fb720004', 150, 7, 2, '2024-10-13', '23:48:00', 1, '2024-10-18 05:48:08'),
(64, 'USrbnbe1pZ1gybNy', '2c8f35e706dc3fecbe462b992bd4beaa211c6c89ff8b06516c3d53069cda4d92b43c2e99788b791dc80e29efb5016671797058d955155b33722d39db8e2cd502', 169, 7, 2, '2024-10-13', '23:48:00', 1, '2024-10-18 05:48:49'),
(65, 'QFViM59jLuwAQq6p', 'c1c5e807b2f2c511fd6dfa43cfe24b07ff149ec2ba85eed34456e185429867b0a7564ac05088b8de2da8f92cff4dff34b046e21ef8b65818e257e56e21c9f95b', 155, 8, 1, '2024-10-13', '23:49:00', 1, '2024-10-18 05:50:00'),
(66, 'P63LtMeg3iiDlo3M', '6c1295d685d6afc6126a6b65e354193b5195c3d05495b256456cb2535fd1f53c07a29b8da1732022ce2d3bbb22f7e3288163d58a21933b23f85167ebc5e13433', 108, 1, 1, '2024-10-17', '23:51:00', 1, '2024-10-18 05:51:55'),
(67, 'EbK7LUojvA990mUs', 'd8a2cc180035d8219b18802a241f280708a5d1a6e174915f07b0eb5494f0788fe99d694679fb08892662bd0073e0b811d8f5c3ca9a3965c65f2d4f33751cc39f', 107, 1, 1, '2024-10-13', '23:52:00', 1, '2024-10-18 05:52:28'),
(68, 'UFVh7ogyxYgtaDoe', '7b1562209f18d04e42921f6b5ac99067c22e56a4fa1f2e2d6a945d78c022715402c5e80ec54cda1cf59095e11fbad014bacfcbac9f7a8cd45f546447994d77ac', 138, 1, 1, '2024-10-13', '23:53:00', 1, '2024-10-18 05:53:43'),
(69, 'Xy51B2J2ESBNnogT', '0149754f34176b91b65ea092e8c1f928c50b5c6c71e03027f2569d0c80fd36672e77bdc9e35d794379d4ef077b650bf324504e81bddda50658d2983ea9027918', 170, 1, 1, '2024-10-15', '23:57:00', 1, '2024-10-18 05:57:16'),
(70, 'AIO1UMEdjenFvQQS', 'fbffe10545eacb8040f9452749cf6737cd5a35db09824cc70ed899341641b63a7d82f2c949673facc2df415bf082ee2fe486e77b0645af5aa1313244bc827416', 53, 1, 2, '2024-10-15', '23:58:00', 1, '2024-10-18 05:58:27'),
(71, 'PmiINj2VvHJEQsfE', 'bff6808cd6955c8b646223cb34d9ec9e3d17068f191b6750487e1a7311e00f90e69f6083c5563200963c90238cc71de845a80b55838270b7ac8644a98e3c684e', 42, 1, 1, '2024-10-16', '23:58:00', 1, '2024-10-18 05:58:59'),
(72, 'a7yujzk6gdf2p9od', '7a95cf5811f861cd6f05d3e835d57295bb8f421f22753d8648472072e1b26bfc3f6a356443928d7809a6473f78c06429602879661968de6e94e9ad5ea573e32f', 198, 1, 1, '2024-10-16', '23:59:00', 1, '2024-10-18 05:59:53'),
(73, 'pViW2UqNIJr81dHD', 'a34b1f71d260fa410208621aad20d19b580bef9c090876823cf4ad2e455c9a0a2c4dc45ace27a2ce3a304d00dc07d072a0a421098f9887bff6f40ebebb82e091', 55, 1, 1, '2024-10-16', '00:00:00', 1, '2024-10-18 06:00:18'),
(74, '1Trvz9js4zhj84vq', '832edf5f37facbd027e389f323eb49e4c145464c9f769219961fd64d064169d4490d4c625cf5b2211ae476d2d67cc48460a892d0bd0222e2a90e75cd736f4cd8', 128, 1, 1, '2024-10-16', '00:01:00', 1, '2024-10-18 06:01:12'),
(75, 'Vb3GR2O7MiRYtORK', '269b2235fe9b52396538cc37c035ad1afdda1f6fae9b0196c36c0313872616d42d1d427fcbea6fd9abd2620a6005f5484f75b816968b4e16fda902ce63fa7901', 99, 3, 2, '2024-10-16', '00:06:00', 1, '2024-10-18 06:06:49'),
(76, 'pzFx7eBpFZhuXIqk', '7413a91934082e2573f0d4045015d91fea3c1688fb9b7528ae0953260cea4731b8a22989e231dde23e055881ab9b87f3d5b0d8a6c43aa199d1914ac1833b8135', 68, 1, 1, '2024-10-17', '00:07:00', 1, '2024-10-18 06:07:53'),
(77, 'vzX8gywlj5VW4Mv4', 'ddfad206cd58e7103dc7865f5adfe1bb77dc84f5422ce9799471881081009815d42685ec9874b9f9e786c745bb00ff40cf78b25aacc56d8f7369de229e0c639d', 131, 1, 1, '2024-10-17', '00:08:00', 1, '2024-10-18 06:08:19'),
(78, 'II4ZUl5DBNrJ1LDM', '33efe198221c467750ca49f59d0eecd5b0a5b662e7bd317d94c77a1190c05c4edc5cbf07215342dc473a64f29b8d5e568d3ba703bc07153827de7c44b8153faf', 105, 1, 1, '2024-10-13', '00:10:00', 1, '2024-10-18 06:10:57'),
(79, 'upa3cWSHOZuz49Jo', '947d0ae6af230485b668395c0001e775184f1c58005635175dbe65a61f2e9e4501fc6f4ba036b45513c9e6068400cbac0730c2799b2ccfe328a41e641f86fda0', 167, 4, 1, '2024-10-18', '20:53:00', 1, '2024-10-19 02:53:46'),
(80, '6JlK7NYbKbkkYkxh', '643bfdad920392172cea8fff6858b67c7f1d2b4e1c9ff5cb0e02cddb486944cae12e67fee2ee6919072b08ea967040a43178bcd70217a68f415b795e3d152ed7', 189, 1, 1, '2024-10-18', '20:54:00', 1, '2024-10-19 02:54:22'),
(81, 'CX32qeYyK6Brovx0', '29d3e7df257705a8246e0bdf2f3fde78efc075778e1d88a137cf01a1cf4acadced533610834f517de472a3f7cfcb71b18f0a24b3ee63a5e4ff313233c1bf495f', 164, 10, 2, '2024-10-18', '20:58:00', 1, '2024-10-19 02:58:14'),
(82, 'RWZ9eVeZofNqekZt', '6773c436bc127de421cd30da822fd617cc94aaac66af376566c7764d1017a3b9ecc4eea7cc3ce93acbe6adb79755528535abf93fb96dd5a2695e6bc497c8fd1e', 123, 1, 1, '2024-10-19', '20:24:00', 1, '2024-10-23 02:24:10'),
(83, 'RpTdZWGqaII1r4Uq', '15b33ab60058b3b6b6aa21d83eccd61e4fec042395408a08e3374437eb4ba7d0d082da6326acf739daaa4c59560a1e1e32624732020f8c1d141a2dbd0355d053', 132, 1, 1, '2024-10-19', '20:24:00', 1, '2024-10-23 02:24:45'),
(84, 'iw74a7ME7egJyXKN', '771424951a3943df82eea2f18e73a70d21b863d95daaff1b0bab819077157241aadd379e2ed18dee42eb65ca6abb7242027ac958522c287f4af569d0d4a96301', 183, 1, 1, '2024-10-19', '20:32:00', 1, '2024-10-23 02:32:13'),
(85, 'RW8sQ2M3vWeNlO0z', 'a4dde97aeb268b0d67c99e151765e30c0ab789519ac3b4beb5c6da059388abb3b110d42f54892ce1c36eabed3f9e2805fdac02c93f7748baf729e6fd74249973', 211, 1, 1, '2024-10-20', '20:32:00', 1, '2024-10-23 02:32:39'),
(86, 'nnl0g2MdyU5TiAlj', 'b268001f94ee32d3166bd6f97da154de0db2c9b97cac7054d12a50263dac433ee559942ee618b0565d6b9c404b6a5337e252a72ba280f99679a678a91621a1e1', 200, 1, 1, '2024-10-20', '20:35:00', 1, '2024-10-23 02:35:58'),
(87, 'AOafGZ9U9JBos1k9', '2ef8cae4dbc0d131a360534d783e2fb3631abd6cb5e43348bbe5b94a0e6c7332282e6b11d4608ed6789683323da04c7584a37e0768aca7be3a8586269954c171', 178, 1, 1, '2024-10-20', '20:36:00', 1, '2024-10-23 02:36:27'),
(88, 'ChhWihIrdJXFFvpa', '32f0c8bda7ecc9ad3dcff90e8ef013c8ffe34897f7a5c1284dbd75fc32461097edea5c7e0e402b3f429732f8bc5d8131fe032cab526829adc0d1656b9d8db495', 182, 1, 1, '2024-10-20', '20:37:00', 1, '2024-10-23 02:37:03'),
(89, 'MfvI02Y4MJwIELHF', '954f759655f16c2186664c1e865df10e43376dc039c9a8e67db6d0d5de75791f8d1bfc20c7f3c4076c6068c0392d06c202f24f4d559d0a01d0c22c6fe167f77e', 54, 1, 1, '2024-10-20', '20:37:00', 1, '2024-10-23 02:37:35'),
(90, 'joVU9pFzsjMqeg3c', 'f05e14c741a459c1b10e6edec0a6b676ef779e5080cb11f31acb6d83b99d4a4178a3d635b94e29ebe42670deef91b61adec2706c4ae0271766105e54e48466b5', 133, 1, 1, '2024-10-20', '20:38:00', 1, '2024-10-23 02:39:02'),
(91, 'wqqu6tXliTmVtU4i', '57f867fe3445476d3b861e1f413ed21931de21a2fb0204099acbefc3eb4e47e03ca77de7585ea069097806e350d3dc67af99194da162cb70e02d745dff8a628c', 38, 1, 1, '2024-10-20', '20:39:00', 1, '2024-10-23 02:39:41'),
(92, 'Gq7dCglfmjZjmMaY', 'e39a99c01e5ed07774e41bd4de4a8fd385a396d247d86e95eba6fd2c685ec16f6030091ceec3d6e6b655a5654b56bb40d6ea7b05f92e7b08e2b6cb55b9b1862a', 165, 1, 1, '2024-10-20', '20:40:00', 1, '2024-10-23 02:40:10'),
(93, '9Hgd4BopYPMvqvrL', '55bc1908f0b42e60dea7826ece809666c2f48969890c64e2978694db06406528f281bc7dcd936764cdd3e50fc8eaefdfddc6963cfe64d4f59d8ed3194492b82b', 210, 9, 1, '2024-10-22', '20:40:00', 1, '2024-10-23 02:40:54'),
(94, 'W7ZYirzZ1JXix2l3', '0de059914b4b9404619d11c15f8b82fedca26eead442fa1a65c2add2f4d91ef38f6ac1ad255b721da3947d138a16ba8bf991dda501217cca184a0d451aab5c23', 5, 1, 1, '2024-10-22', '20:42:00', 1, '2024-10-23 02:43:00'),
(95, 'EoQm2qo17TEwrtUb', '8e6bef96249f6395c52c0996b30861345ffd2b601eed36c64de3be3ca440943d935e705677882f701e7f68a8f45785c1ab3a82e11b43504e66a61a550a20d772', 67, 1, 1, '2024-10-22', '20:43:00', 1, '2024-10-23 02:43:28'),
(96, 'X1LSUvZuVmTaCCra', 'bb8e164218aeb3ce6b946c650add3aed85f803e09ed35ca7a5558ca71b871d926d783a94467645cec07d917b74dff16256d59172439663cf0c61e1b107e885af', 21, 11, 1, '2024-10-22', '20:47:00', 1, '2024-10-23 02:47:07'),
(97, 'L0y9BmrUSCJvy3EG', 'd0641da107ebff0e8f9c62e5a0937328a8b699774323e6f4babef87ee0c56fc4781c66c65565b015f49647eb7fc884f9a0be5956d9b7ee81b7ede605a165fe00', 168, 12, 2, '2024-10-22', '20:49:00', 1, '2024-10-23 02:49:33'),
(98, 'lYMEDjMT6J9XoUco', '83df4347280a01344dfe2b632fcc356b61eabe9250cdd887f048bb5a58f1330719a12f4ce200870d95aa54a62c5678387fc123579416469ae83201099df2fc4a', 48, 12, 2, '2024-10-22', '20:49:00', 1, '2024-10-23 02:50:00'),
(99, '4d6hcTbLszkJTPLf', 'b05d0a5825914176332df33f2a804bad07391a7cd83233b08585e39df174a2c00fdad2859eeedcc4fbb6c4a92bd652c8cdbf019ab1d554364500517ca5e00c14', 119, 4, 1, '2024-10-11', '20:58:00', 1, '2024-10-23 02:59:00'),
(100, '0XE1KaFB0atJtsuN', 'b9ecc9f8f0a9b8bd5a81707ed57e933c74d026d5c73402a5031c94a410087b5213d34cdd0d0ece1ea1571275e436349a504cccb74b474bcd95ed08edcaaa816f', 59, 1, 1, '2024-10-24', '21:24:00', 0, '2024-10-30 03:24:28'),
(101, 'JpqB9Pvm5eM43IAQ', 'e7c74228200ee45152fe9bf6438f1d1146e14ae1c7e671e95a74fc002275f266f9214966d15fc57a97aa6197e76a0f84656b2e636da978af381daa14bdd0dc4c', 64, 1, 1, '2024-10-24', '21:24:00', 1, '2024-10-30 03:25:02'),
(102, 'Bqot9DjxurURf5No', '273c71c36a49ffdb91d9354afade234f434ecb32624d55e4e2a3aebf66101595b307ff53503ce0ece17d52069c601b1667def280b714795ed02825fa22e24be2', 203, 9, 1, '2024-10-24', '21:26:00', 0, '2024-10-30 03:27:23'),
(103, 'dQLLLBUyJVteQgYh', '4076ca275e0201f78c210ffb7021048f6e27788bbb3b3f8237baada6561ebe941dfc53305c8305c3da5d665e96d6a7d2c61eaeb13d9ab0a53016d8998da0ee12', 84, 5, 1, '2024-10-24', '21:29:00', 1, '2024-10-30 03:29:56'),
(104, '50cwtZ2hDkQUJMUZ', 'a40650209392a8322903c63c287b782678e5c251ab4d48e1e87476f2c2ac2aa66ac27090799cc9c44a6bf4d0b3c589a3854ea46abdae616874f44d3e3bbd3898', 144, 1, 2, '2024-10-24', '21:30:00', 1, '2024-10-30 03:34:14'),
(105, 'Gt5LmylVhO9MMkLE', '69bfec3545688eb98d3a535479fe965f7c0f4590b32ede7cf769c445250726bfdf04ad157bd1c774b32b9c3292a39a0871ef7ec2b5fe1fc69751221c9c67a7ee', 51, 1, 1, '2024-10-25', '21:32:00', 1, '2024-10-30 03:32:41'),
(106, 'PopByQl19wnsIKNI', 'd07c1e4740d4c155b257d8056fc432d9c8bf17430626331d69accbb6e544a16dd2aac9ef407cffaae297469a55581f30f8c6577fa9f4144653cbfa0b0fad3c48', 137, 1, 1, '2024-10-26', '21:34:00', 1, '2024-10-30 03:34:41'),
(107, 'wxdVfhPb5vz4Ghxe', 'b15b5608b21b29031c4187f52f0838d3dc433bec4230a008b1abed24281f6588189b87fcffa915a4b48c0505df10a0bbcdfea787e4c25cd7fdaf347881fec58d', 171, 1, 1, '2024-10-26', '21:35:00', 1, '2024-10-30 03:35:53'),
(108, 'NwH7NPd8kBA0qZyk', '8284bed9b3bfde11ef47dc3e402bce10eec7d7aea9233edb9320e0cea59d8bc0721825e9eaf9cf2413dd52cafbd7bd08db67b0a04114b112a9597b19d70dfb65', 219, 9, 1, '2024-10-26', '21:36:00', 1, '2024-10-30 03:36:47'),
(109, 'J7LayPJkGuSveFtk', '4dea61794e89ebe2c8abd13093a89f4a6008adff213fe50f68c5ae9d426a8abb0e9c5164561b66cfe3dd8fcc68649aaab673877481580d8fe9763232a0e1064b', 217, 11, 1, '2024-10-27', '21:38:00', 1, '2024-10-30 03:39:01'),
(110, '5OogMcgqff2UdMrX', '51469fba1de0a532a7b7d5628e5432a2874108b567fa5ce3c116f6259614ecd6d145a7855a1d9bf7458d5f8d87d2aaf9549876dedd844bc6928332a3084991ea', 239, 1, 1, '2024-10-29', '21:41:00', 1, '2024-10-30 03:41:54'),
(111, 'gqjIdTsh3HfntyPL', '0bcce6a7a54a51d2854a4ad0e2ecf97d692458b7b14b911d348b8770f7ee1a3ee474fafd8f16b165acb08d362ef14ddfc354d0287f55ed9bd8d00e0594e4c8b7', 140, 1, 1, '2024-10-29', '21:42:00', 1, '2024-10-30 03:42:33'),
(112, 'LqWi0UqvRj6NvhNN', '60b5c3b33e60192fad6757aceeb6acab5d77763e7cf608d241e1e95c73cb1d14d613882841d69857125d3400f556828a485c793d6b29b89fdc1422bb21a587af', 233, 1, 1, '2024-10-30', '22:33:00', 1, '2024-11-06 04:33:39'),
(113, 'YIAuj4dxFEZT3OeE', 'a76c04b5129dd1a8fe59176d18c541de31f03b9dd5c89576d611fcec762b3b05c702103cc54ebebbdc4628745c1ca2a334c98bec8571df4bc11a22dc0006b791', 237, 1, 1, '2024-10-30', '22:34:00', 1, '2024-11-06 04:34:12'),
(114, 'mD2cYyWLotGU6DhP', '7868975c45810ef156e4b5e1643341d3b5192d4c82bea3d21278caf179a8a9468dbce328822b2edccced88e7d98a34a0d392f145f77243e0476971a71016668d', 111, 1, 1, '2024-10-30', '22:34:00', 1, '2024-11-06 04:34:45'),
(115, 'TTrZQExpevTmIP42', 'd563bf5310825f7ef13f516beb68acc1201da1cf9e4b5292ee3c0fbc880478e1d0720419fcf99a158a481baecec9574e8d37fe7b3aa5705a023462e5d916da7b', 241, 1, 1, '2024-10-31', '22:54:00', 1, '2024-11-06 04:54:23'),
(116, 'wb83LELzErWWyCce', 'd3c89b58fd529b5e0300e8525c9be161ce6bde151bf76aa67d7f992519715eebd0f1ef937c056b1d81dbd733ace984844cd535f796365843a60f3563c4c4e404', 190, 15, 1, '2024-10-31', '22:57:00', 1, '2024-11-06 04:57:09'),
(117, 'JMr0DzHsfHQEX7cb', '44e7a5a26621d58083675de5b270eed42a9d5488c260e7ca0a55b26c2b9a35006e55662222bd2608f2278e1ca4c10a24274dd1054e996d5d10153ad057624699', 259, 15, 1, '2024-10-31', '22:58:00', 1, '2024-11-06 04:58:47'),
(118, 'xXwaFOwwvTfeeTyb', '60fd8e07f0ec8db670d4fcac81513f65acc5b5ebbae964026ed6c2c0c8e9d7503c388b245cfc229bc86e5b6aba795431f240b24ba9962c29e97ed6af1c09154b', 166, 16, 1, '2024-10-31', '22:59:00', 1, '2024-11-06 05:00:58'),
(119, 'gSc9ivxzKIZC2mpw', 'b90d05fb9aa58fdb9c55e77ccd6a1a07c5c340927d8da11916904865c71c1387fb3cdae1654a57bde22a6eb5aadbb40cf2514c7e2d6ca6a6407a805148a38ac4', 234, 1, 1, '2024-11-02', '23:05:00', 1, '2024-11-06 05:05:29'),
(120, 'SUcvKKpfYBbEIYi4', '652160ad3aea88bab5d71765d157c1290c14375fb585ed7a7b52be37e1a5592e42c9488aa7d81b6c1d1dd1e2c81f91b585eb0437c418168f344c3ed5a45a5980', 134, 1, 1, '2024-11-02', '23:06:00', 1, '2024-11-06 05:06:24'),
(121, 'sRodIvlh35uRTNZI', '048d40dee059722e1d09df863f31f07ea70c39532dc2858c7f15c4deb6636917f54f61acd805320ffa62741e0580ada4a12bb95557e8a70621535092a7b6e5f1', 216, 1, 2, '2024-11-02', '23:07:00', 1, '2024-11-06 05:07:22'),
(122, 'UJPBtzdHmWOp73yt', '4706b4ec0092645718cd3df4d8cfd4ed11e4d3cb1c38d920a597b7c5a53410f5cd9e0831300e03b879683d59c4afeba9dbfe9706cfce9d346fccb891715a5138', 101, 1, 2, '2024-11-02', '23:16:00', 1, '2024-11-06 05:16:23'),
(123, 'qW1v4tU9PIeKqoh5', '6cfc5a6e448ff6b868eb562b663831191af823e3cbdab7b022a290155801b59fa6719c83508235f1405eb054002b6d413855eb93dd61df8da0732143d37b0f35', 235, 1, 2, '2024-11-02', '23:18:00', 1, '2024-11-06 05:18:35'),
(124, 'qL07TP9bgNQgNusb', 'c64af97092a29ce786c85c7b7d3e48405deff2ef953bd2298f0baf3f6f6554fe5a213c8f8fb9fc9a947289d4efcb9a2f50b89b3b2323fa0af1c1c8affb0f1ad7', 203, 1, 2, '2024-11-03', '23:22:00', 1, '2024-11-06 05:22:22'),
(125, '4HSx1rSP90yuU2rA', '050fdf54362652432c36c66bcb3c3858d40972703bf21bfe2214d2c0fbc7cf3af3ebe25e2784e50f39d127816f92eda4d84d1cc881cf43b0c88fb8765741f2db', 197, 1, 2, '2024-11-03', '23:22:00', 1, '2024-11-06 05:22:56'),
(126, 'YLaiHXEBWtlvw3ns', 'a9a342506a16e0af82f63554153339867ad41af7647ed465ca2e731c278f36a5711df636531364baf5b93f10e2b814e82d9d203473baeb86afbc37465927f3ba', 113, 1, 1, '2024-11-03', '23:25:00', 1, '2024-11-06 05:25:04'),
(127, 'vrLsbuAHpwyPPkxS', 'e358de428b36424caf22b94cf38a377c28b3553422244ffefc7027011e01701c43a091ea863d4e1b2becdd442617bede8b33e81a693c82f574008f396fd24931', 73, 1, 1, '2024-11-03', '23:27:00', 1, '2024-11-06 05:27:29'),
(128, 'mh55NZWcTBtWKGH1', 'ce4db2f661b0dc99c896e173cf9e308500d025ecedc487df9a3d0264d33fe777c52d9607982a1fee1328aed623babda9ac6ec96dec3f4a7fea039216f424c82e', 141, 1, 1, '2024-11-03', '23:28:00', 1, '2024-11-06 05:28:36'),
(129, 'gZ1MCBfeZCYt6rAl', '385d0f6c3b1ed35f9e7ca591e83ad31f59155e1aef83eb1d170b6fc74f7ed525ded90e133572d37e35c875821e53b68dc7decf11abdb6ec3a51746cebe034a1c', 185, 1, 1, '2024-11-03', '22:19:00', 1, '2024-11-22 04:19:38'),
(130, 'n4yJYwIVr4OuBSsZ', '67414cd0b380ea2fe19aa31999320aaedcb1be2f12e1aa9364ef955867b1138d74aa7060dca67a12e6cfbac8d78bc8b7d1378958f33fc40cd30f7499e74f4ed2', 156, 13, 1, '2024-11-06', '22:20:00', 1, '2024-11-22 04:20:41'),
(131, 'Pi6sCGTorb0DTiD9', '1fbac5803e1fc607f236f988592fe80e8437efd70b4ce8c3cc2dcd74598e44bff8b2441da2a9fc84533db80b704fbac59436f9a9695bcc08efaa7be36ad72d24', 125, 1, 1, '2024-11-06', '22:23:00', 1, '2024-11-22 04:23:40'),
(132, 'JdOTgqFGF0MoyK0W', 'fe2af40a3fc8a1a0f856010372aebeb23d9aa50d726067fbeffbad26ee4535ac4c48f68f39a178012a3ea6ad0c3c6a9d567f01c05791a1641006420b2396b0e2', 245, 1, 1, '2024-11-06', '22:25:00', 1, '2024-11-22 04:25:50'),
(133, 's1fe1lxpUllCarzH', 'c507e4b26e717f50bc8bc5127b89360ebbd174c6730e95a2081248abcabce5c1a16da1f0b342d3ff0b2f0d6953e2b4cc1cac9f2c00cd1867333d1b11300e68f6', 112, 1, 1, '2024-11-07', '22:49:00', 1, '2024-11-22 04:49:58'),
(134, '6pRJ9AfvPHXg4tUJ', '1363f2020fe7f32b57f9403a58c17d245ad9dced1bb0d7bbd95786ef871256dacdaa7132d9acb7f50901c60237baf383867aac2b342d8e3752c9411762f3de4d', 145, 1, 2, '2024-11-07', '22:52:00', 1, '2024-11-22 04:52:52'),
(135, 'ZKODQVpoA3gJ4aws', '28fed3c99617cd42b5ed34871869c1dac2d258df86b75ca5d6d6649a2e65539e0b78be88ac268cbcd8faedb8ffcebb0374c8cdfceeab73a677ff3d06f0b1520e', 277, 1, 2, '2024-11-07', '22:53:00', 1, '2024-11-22 04:53:48'),
(136, 'SZwd2ay2NrenKA4b', '947ac24c0fb7f7c6856c40b181402e60fe530435b389e420dfff4dfac464d0366d902e7feef4f510b1184ccb8abe0ab50b0c7da700071c513e187a661c542f0d', 3, 1, 1, '2024-11-08', '22:54:00', 1, '2024-11-22 04:54:45'),
(137, 'mnH0ttKncCpKBgbx', '97466a938f13fde903be40d514ddf727f60a1b65f41e2f59fcf847ab01aed5a31d8c4743d89e81d1564fd5e53f5cc0f7794ee41c2733ea4b3bbd877fa41ad5f7', 261, 1, 1, '2024-11-08', '22:55:00', 1, '2024-11-22 04:55:27'),
(138, 'Vbc6kiCKOvAelliV', 'ab623ec26e732ffb21a0fbec5f023effee06d2ca6257265312a0e709dd6d7ba89bf53e6e30898cda1073e88c3987287e3e80f1a1aef9f920dc9676ae3f173585', 218, 1, 2, '2024-11-08', '22:56:00', 1, '2024-11-22 04:56:14'),
(139, '8qo4ykEHxGZ9Jg84', 'fbed7c596721f58c2734ab8c1fa3e0700b7ff4dcebd47f45b2b85b69419e92e9a979d6768c7ba2ad2fd5db4b9bbb4ffb6e6604086cd85865fecb9b96c2bd2716', 262, 1, 1, '2024-11-08', '22:56:00', 1, '2024-11-22 04:56:43'),
(140, 'qC38CovHwNVMQ2Hr', '9d7332ccfc92a750ca1abc0c681f1f13d06a1cc728c275a26db45c4f04d2eb790469844e0f6b7e0374c5f9b15fb26c3481fda9f7d7c6c861ddb1f98e5f51acae', 6, 1, 1, '2024-11-09', '22:57:00', 1, '2024-11-22 04:57:21'),
(141, 'frqoD8NvgwX63fl4', '1137f14cf7882ff65000777fb08beb54d3aacda17aee51586ecbbe0ed482294fbc8c3aa519f32b1a1e095c940080990b9c43d19be589692a1ee06adbae866cff', 209, 1, 1, '2024-11-09', '22:57:00', 1, '2024-11-22 04:58:00'),
(142, 'Y03A292i1Om4fzhL', '6d42003b6e53c7fd1aef050364476bfb9d42589b8ab1f568d49f2eaa3bab053bd37436351ddc29b23f648051784da900a836ec8e8a4f879a19cc6c80bd4fc239', 263, 1, 1, '2024-11-10', '22:58:00', 1, '2024-11-22 04:58:48'),
(143, 'vTZjEu4pBkPG61Hl', '35e33af7daa4acb663886c86327d3898cd5da56dd6071f4d44f1db58262f4deabf21ce6e3a62946e0fab2921134f1858fc3818a200dd41878e3729e8d16a9c58', 49, 1, 2, '2024-11-10', '23:01:00', 1, '2024-11-22 05:01:48'),
(144, 'ytHAfotR3aouZLZK', '88389b87c1cf81ab1ab6c9222872ea1dc1f2844ada2dfe0770c78ead6e242debcdc651cc4e1d2973c043fe6cff79ee1bb902e9c01b7bc78cb91b1055d6e573e1', 180, 1, 2, '2024-11-10', '23:02:00', 1, '2024-11-22 05:02:25'),
(145, 'JNsEvcUJgXYtf8wv', '714e5ae353dee10d2cc22263ad2d67268162961a00568b78bd69bf43f05c793eba392e2a4ebe5e1d5bdb33f32617318ca836f649ec4f01019499349e6754bab1', 17, 1, 1, '2024-11-15', '23:04:00', 1, '2024-11-22 05:04:16'),
(146, '8HVOAf82pioLs7wL', '8e7ceac8bd5b066f1a70ea43468672fce80461e3715ce12726cafc158d5979cde094ddb1d6c49101a97035b2bc2241ed4fe2b6ed781f89b4234b3dd5d74e5bd3', 240, 14, 1, '2024-11-15', '23:04:00', 1, '2024-11-22 05:05:01'),
(147, 'uWwlgKtx0RfJ1WEH', '879e36091d4f519aad4ae3aa7fd4bb0c7a40da61d968dae9c52882b990a7c43b7edafcc58efc7058e8c4a53d5750d5464842b72b469a42ec73608e34e59a14d7', 70, 1, 1, '2024-11-15', '23:05:00', 1, '2024-11-22 05:05:39'),
(148, 'UaVYkpMtSIomFtNC', '8c7a2c4815311da3e324b9b774842a418d7f9dd44f775fb1668b5ae7b1dcbe057b73253b850d3daa0740a1510cb9d39eb1badb5ac00c53c15f1a741c21cfee5b', 205, 1, 1, '2024-11-17', '23:12:00', 1, '2024-11-22 05:12:56'),
(149, 'fEH7HYEKnP0ULwj2', 'ccb0039e7f9dccb0a6c2b3ff9167f893a2b539d0749f308f189259e8916cf99c26c6fb8c88029b2c8bdde0f0590a5e9e4a4d388666b35e7117c9ebe4b5d5c552', 244, 1, 1, '2024-11-17', '23:18:00', 1, '2024-11-22 05:18:19'),
(150, 'EhUZoHe2Un7GASk9', 'afd87e297a669f8ec7d4ee41eb8566c87fe26ed208989869a5ddcf29a2fe4355c5dfb23edefef409066a679471bf049f9366c407af41d99a9ecf54449f396211', 56, 1, 1, '2024-11-17', '23:18:00', 1, '2024-11-22 05:18:36'),
(151, 'gaaoV3QSGcSP6Nrl', '24e5fcbc1867979b883b16d9f8eaf9c6b5955ceb3f572f7d2c90248ee56be240bc0d27f1e643ae69984c469996080e7caf7fa864cbb687656623a63e3d89e114', 118, 19, 1, '2024-11-20', '23:30:00', 1, '2024-11-22 05:30:15'),
(152, '4ACuv340ABlOoHPM', 'e14632d625ddd22b0c33d3510c0f3ca82e63c83a55d44e4cbf6cb9b758a7746ea78b8168bb2fcb40260836a1f5167710a32f02e79173afbbeebf697ab1243215', 100, 19, 1, '2024-11-20', '23:30:00', 1, '2024-11-22 05:31:02'),
(153, 'eASmxy6UHRBxtylu', 'be9febfac7af5bb138a95b8bb4fe134a53214f03152827827fc3559c9d516b288ecde1007cd6743d9aa8407cdb8cde6af26581c40ab1edde7c0582d2129f9879', 147, 21, 1, '2024-11-21', '23:42:00', 1, '2024-11-22 05:42:23'),
(154, 'Z9Xyc5pZGZ9V1HkX', 'bfd404657332dba52289921f54a836e499491517642075f9361299a6935ece9f92ef1a5f4162a4045b6b925fd00672ace61141540218fb32710a2dd2b9c9d8e4', 175, 22, 2, '2024-11-09', '23:58:00', 1, '2024-11-22 05:58:05'),
(155, 'bDcd8PauJrPI71OL', 'be1c6e3f56f659da43b71c505da32f5f7d0b241f0e8e53cad2d29f7c73c16289f7347a6e8fa90136e86235c7820c89021f518dbac6c0e545b1272f7596db5c16', 28, 1, 1, '2024-11-09', '00:12:00', 1, '2024-11-22 06:12:39'),
(156, 'Tv0MwG3JL1SvhJEG', 'f5349cc367b43c42ca6d6941537c953b38a38d1ae48936c4a28807ea17cdd9a65df7bbacc5afbbc28bedfdd92592cafe61f04148bc75421422568dba5df25b5a', 208, 1, 1, '2024-11-09', '00:14:00', 1, '2024-11-22 06:14:49'),
(157, 'LqRf49wRMuU298UF', 'a026bebddd43bb660e3747f5d850aef023891d443b23d40b296299345db38ba7e730ad862ef18f2d396283075503c29c5a70213668672e09b4cdcbd9232e322b', 199, 21, 1, '2024-11-22', '20:10:00', 1, '2024-11-27 02:10:38'),
(158, 'Azx9iRw88m1ViXHl', '563691c3737061d186fce5d93fc9f754d07da948a8a5cf6cce8b62cdb2e82e1671a6a359724629a6a25c69979bce8249665ee16b8a609ce8f82e7111b885695c', 271, 1, 1, '2024-11-23', '20:13:00', 1, '2024-11-27 02:13:32'),
(159, 'GfiKIsbvU2ZInMon', '17ca28c5619a03a5d2c6fa65656e847e20813432f69cd60d3a093cc4f6c7fca0cdc1261d07cabd88fea426ec578a5a080b755d70a98b055001550d618c165ac7', 215, 40, 1, '2024-11-23', '20:14:00', 1, '2024-11-27 02:14:16'),
(160, 'cMH2MuUNmkHlFfd2', 'e4b9eeb5ed69b3a9a98451a776c714d900b7c41306c1323d03f1e84fb72e406a5c4cf1fc22171511b96e67c53e083489fb45211963e12fe90748ef956f84cd40', 187, 35, 2, '2024-11-24', '20:50:00', 1, '2024-11-27 02:50:47'),
(161, '4MIeqU9cbB2dom2n', '3747e67a7730d0eed6a7ca14bc75a7c7fc302dd71f8a2a882f911c7bf0290ff79fa0791152dcb224ca1301f74d777a82a4705743d984159ddfa418915ca30ca4', 204, 35, 1, '2024-11-24', '20:51:00', 1, '2024-11-27 02:51:21'),
(162, 'EVNrlIMdz5ZEInbL', 'c4425c3f08b1dbc370f9dafec9542db6e50247493bc7a4769551a0f2254ab1a813ec11746842e395984597d04f42c1603f8704ba822d1a2c6355d0f28f3b75ca', 63, 1, 1, '2024-11-25', '20:52:00', 1, '2024-11-27 02:52:43'),
(163, 'ZI1f6L2G5jlRVJ4V', '13f44080d6127b7b0a2bc37e96ba488fdf600d89465f1c612a7973554b8928b3e8f10a4eb6e9a8864238ec6824c04a53f1ec65991eaba3c1cd7200a24fa0dc57', 236, 1, 1, '2024-11-27', '22:54:00', 1, '2024-12-02 04:54:31'),
(164, 'fyt2yPs9YVdBloGX', '15dd3d2629cb9835055fe8ada1c6934905bd47797419924a5494220348dc32c985693ba9291ec06cf785be0a63d12df1ffcc035126200f2254d91345cb421f98', 293, 46, 2, '2024-11-28', '23:00:00', 1, '2024-12-02 05:00:50'),
(165, 'XYaJNblIasewtQ6a', '97273884ac8bf773541e75601341b81b528e120706f18d5c080e577d23224d2bc870b88638c198f7738bde7e4162b67d69e545aee7c7952c4d25ff6a45843746', 246, 1, 1, '2024-11-28', '23:01:00', 1, '2024-12-02 05:01:26'),
(166, 'PZSIM6bJLxMbM8k8', 'dda0d392dbe25cf74615287126ad1bcb80c930a049e99e797ac99aebe90f0e0a711096acd8767068c35d4897fbf58f1bfaf2be102b657355b65aedbf01154cf7', 177, 1, 1, '2024-10-28', '23:06:00', 1, '2024-12-02 05:06:42'),
(167, '8HDbbgPrImB7cTcx', '85fcb74157240018079d265a8d2dfc959a9a15c1ac1a06d87ff144d1d0d17f79b2a701f57f42da878eada33cd58b67e209111db39ff6b14a790fe6ad707ee9d7', 251, 23, 1, '2024-11-30', '23:07:00', 1, '2024-12-02 05:07:09'),
(168, 'wXymvCfAvO8j9uvt', '8d9434225ae290fb98aecb50846ed2d3231027ba15bc305d9e0b4b92311c61dd62a6c4083c11c1767b5e6533238bcc8e87c6aea39426628ec0f34a55f3d43100', 294, 18, 1, '2024-11-30', '23:08:00', 1, '2024-12-02 05:08:21'),
(169, 'Weu4zn1rgJot3EON', 'a887dfe31fcffc732b5575caeccea55a37cb3d190ddc507d1c691725c2bcb9c3b5e081d784f9cd33ade29e8e1d2fbc95bfed17ea7a685a44e16670731096a05f', 243, 47, 1, '2024-12-01', '23:14:00', 1, '2024-12-02 05:14:48'),
(170, 'rP5QUHWLqO7Yrx1h', '1e09b33efd660f484edc9fbcd81b261e6ca26448beea49c036fa42318abd7e6174d6dafdace89dbc1d8228a2fe3a09a4238c6860ca2b6c2f6eab247caab80801', 72, 12, 1, '2024-12-01', '23:17:00', 1, '2024-12-02 05:18:01'),
(171, 'aLrBZuo9LnCHmfP7', '21b45352bc14ad026c594894dddce19a5853d7affa02caa4d55be2f7e67689f673f5ab290413fe1397b650ca7ab976c3c11a80ab2a7412679a3391fb137dfd71', 269, 1, 1, '2024-12-01', '23:23:00', 1, '2024-12-02 05:23:29'),
(172, 'NspvXAUmcIiiNUg0', 'b2e9b1b26f294a78123f1360eaf56126bf76609a9c5005324315062470b23fa0d635b9247158726b79e2536dfb9395b1875d9d2f544b68d844066807c130ca28', 264, 28, 2, '2024-12-01', '23:24:00', 1, '2024-12-02 05:24:07'),
(173, 'tgb0XNfGvbrBFmy0', '739dd03927c94e5f2e9ea1df5f5d7c6fc3c46f420036d02049b177a46dda2a9355e3735485b1df7dbbb54affa502cac20bea3284c9ff6d99802ea1a9152efbcc', 40, 44, 1, '2024-12-01', '23:24:00', 1, '2024-12-02 05:24:37'),
(174, 'xR0zjnilGggGli16', '7873933f5462192f34ff626b44108708bd5ff735a6ab35c35848e82c699f54b59fe5309c0c4e7052effb19cdb860a42a7d162bddeddbc2bcee691e2b84290828', 163, 1, 1, '2024-12-03', '22:06:00', 1, '2024-12-10 04:06:10'),
(175, 'aS8EVvsgdFcepDZF', '2f9edb907ec7988394706ed9d476b417ae77858312a960197a77e339e243d10b0b746aae63bad7a57e00e280810c4f3e04d11d9810e11223c84c6169adb35cfe', 253, 5, 1, '2024-12-03', '22:07:00', 1, '2024-12-10 04:07:22'),
(176, 'w7xIEtbPttHTZzt7', 'fac57acc96f09ce47f24d5b48cab9772c981c32811452a5fb440a5c9f5da79d33fc47613e715e2f541684d6087598dd5eced2916f8f4ccb84f2ed6c01ff3d77d', 323, 6, 1, '2024-12-04', '22:08:00', 1, '2024-12-10 04:08:23'),
(177, 'BxfpqwsUwCXBheL0', 'da6d2e62dc8232c61525de0dbd0993e8261e4bd8c4e6dcf7902a9b861cc7b9727e8521663b8df35baefabc09c32adc58c389776dccff5846ef0c0ff0dd78866f', 86, 6, 1, '2024-12-04', '22:09:00', 1, '2024-12-10 04:09:39'),
(178, 'pZGi8viKiz1xkfNg', '87c435398eb3fa80ebcc6cc9204070fe4cd8a88648fbe0e717b18721bc18ad7f014911307d1dc113c4300d8362e4cf6e6cd6d4097ef8c68c1081cc3512fd74bd', 146, 1, 1, '2024-12-05', '22:14:00', 1, '2024-12-10 04:14:24'),
(179, 'gzcQVeyShJFBQepa', 'a7eb30eb650d67c3d27ef599f6825658183cd208fe828722ba66fb571665f587ff05d3b9786a0efd13dae5880d2ac78f6ac3dbd905c07c2f6980169a4f1c0640', 186, 1, 1, '2024-12-05', '22:15:00', 1, '2024-12-10 04:15:33'),
(180, 'pFpr3CP0Lrh5zvXf', 'e0eb7bbbe1c1d882e80934fa7cbd30d08ed9bc34f62a2952df14c513cae35465e53a11f6313c5c74a006ea3ec65b16fb735fba6f943fc5fcf50e65c441888c1c', 283, 1, 1, '2024-12-05', '22:16:00', 1, '2024-12-10 04:16:41'),
(181, '40DETTG1UR72ktaA', 'b96a80d3fa2ea21daefa66e7a1b70ac6b8b9588e1eef5401b49131354c2e3302e537526d4d074bff419feb49f8c0f71d5801e550848503eabf84b9d73ba35819', 143, 1, 1, '2024-12-05', '22:18:00', 1, '2024-12-10 04:18:06'),
(182, 'FSe5Y4dsnQj3lRD7', '816106aa2107774392bd649dbdf5e9c54daac30aeb3dde97bacd79be35ecba0c3292bd3a53ee91b015c5049645e23abfc7e558e5e650e21d27ec48d49d36886e', 16, 1, 1, '2024-12-05', '22:19:00', 1, '2024-12-10 04:19:54'),
(183, 'Vb6QX0yuCPT2eryH', '51d5a59c792c19fd5784f91c66b4ee3b75495f5e172b1781f767a1adabdc0077ac160e8fc53046c013764722b34cc9102404b944db9c679af205b92aab0aaa5a', 228, 1, 1, '2024-12-05', '22:20:00', 1, '2024-12-10 04:20:43'),
(184, 'Lbx8yIJ9ljyUfAc5', 'bb29cea0b0390c8b4c4e7b560750c2185225c4615446837e7777831ecf7b3eba35d18744702a52c17b828f4014fdf98f4950e39e07904fafcfc4a36cd284a3eb', 65, 2, 1, '2024-12-06', '22:21:00', 1, '2024-12-10 04:21:06'),
(185, 'W5J42RulSvPOca8B', '414aafaaf4220479373955f0da7ac63b1163c5c5e36fc672afc8ac3748d880e36e4e32dd89cf946b9503afe6f4c8cb8cce5e12c496c345264ab8a6fbca1ab546', 58, 1, 1, '2024-12-06', '22:21:00', 1, '2024-12-10 04:21:46'),
(186, '1wetRHCX0qtZd70F', 'b6357e455d41a3368986feb19af3024cc283db61e1ca87200be0f3e914d4512456cce215aa7bb804bfcbb949c0390bf2642f7d5d671ff24da9ce4a299e650787', 181, 45, 1, '2024-12-06', '22:23:00', 1, '2024-12-10 04:23:18'),
(187, 'Olbcm3XLDdE2TEai', 'da5db9ae4b77ce8f15bf77b6ff74704ba3ffdb16778b05c5dc4dc92ac56333c4ad1bd534379ac3d0b514e8aa42e889ab940724d781b93f0c3eea9ffc9f74f1f1', 301, 49, 1, '2024-12-08', '22:26:00', 1, '2024-12-10 04:26:29'),
(188, 'pLKqWUqrAdAgbR7e', '0f9dc45489cd0fb82520ec297600a345295eb4cf500695ff6c5f1656e57532b1065d32c2168b7042902c89075de1095eb841adc089b664dff02f215a32e09241', 142, 49, 1, '2024-12-08', '22:27:00', 1, '2024-12-10 04:27:54'),
(189, '1byH50lbV5ZqoF9s', 'e26c73a9b2c25727dfd2343afa13dcfa34921ae13702032842fd84dd5a07ed8838bac803ccf846512bd70d78e2cb9c4b9f172a34dcf1fdc1018c4a9378369c01', 7, 1, 1, '2024-12-08', '22:29:00', 1, '2024-12-10 04:29:17'),
(190, 'G5JNuNS9MPOvYEUR', 'cca1b78caf4f6b594b48d1afa78b1760a9521b33bb663822150038f969ad38a74c26b469f073cf816aca850feb2a3dcdb965dd41280401235f816ce85a0dd171', 1, 1, 1, '2024-12-08', '22:30:00', 1, '2024-12-10 04:30:39'),
(191, 'SDtsdFiPSdYgyoK4', '0268f542fdbbb3b619d3f86cc005b81335e559ecf038022890e2f252edc2ec583a945cfe9ae27d981d60c48d68275e3ef047c13b14d159b283e15ccefe4ebccd', 260, 1, 1, '2024-12-08', '22:31:00', 1, '2024-12-10 04:31:15'),
(192, 'vwUChwTHmTTsjXlW', '4c6f3fff0807204df7fdd8f8fae25f82208f0392ecc7cf61bfa83a931212a048958f91a8869ba6fbe7e68422ad5cde9164457d8ec00288874b5bbb00540e7c42', 267, 1, 1, '2024-12-08', '22:31:00', 1, '2024-12-10 04:31:52'),
(193, 'hlA7df4fkdSsPKWV', '73012b1113fb380720e48d20115f31fe6e769a3721f2f809a4c422150025fd691e5999fe71fff8a53b5c28c8cee0eece5471b4e678fc63a5d6b6af8e96115ac9', 316, 1, 1, '2024-12-08', '22:32:00', 1, '2024-12-10 04:32:32'),
(194, 'qexiDdL0OOLsYt8b', 'df2473612e6d5fd02aa585d4568619fd6dc105af9c533ffac4dbe7a5371e613e0a2b907e1c168eecdf55804c9cf5691a65f1f80519adddd928de5c70889939cd', 176, 1, 1, '2024-12-08', '22:33:00', 1, '2024-12-10 04:33:17'),
(195, 'pUrusuZwwjzrnUhC', '2908b5cbb170caa51b5858e2daa95574d850164ce2307cf8e4574cd363ca88ac6ffa31cf4fb8695720f6e66ed3d5c9f91f7b7f13b2f9401e40ed54919561951d', 270, 48, 1, '2024-12-11', '23:01:00', 1, '2024-12-16 05:01:29'),
(196, 'LEpUaQ2ClXHJaUq8', '0e0f606e0736aafc20407becbe664f5b4759922bac3197388aad1619064afe9a6a54f267bfdb86d8658e2d94e7424199198356a6807cb31aede30ba5ee76d59e', 255, 1, 1, '2024-12-12', '23:03:00', 1, '2024-12-16 05:03:54'),
(197, 'fFAZ56lPw5ASOFTJ', '8073fd592c1b3cacdf0069de1b4258256a72f2124410f591ec28f6b320b00a5fe9214ab67982f9f4343e84814818e24c5196d4c7249d2867d35fb19c89d83c1f', 250, 1, 1, '2024-12-13', '23:04:00', 1, '2024-12-16 05:04:19'),
(198, 'QVp1nRfxRaZXy9Zu', 'c5b347485524903ca565666b341cd33294118583558790425f4ae9ce1893bec09621ffc17fbe7224054194fdc92a33addcde843dbe4c8496db6e63abf26b661d', 317, 1, 1, '2024-12-13', '23:05:00', 1, '2024-12-16 05:05:10'),
(199, 'lIkkdNIYgRU2pdM0', 'b2f1177c679a8fd0af3316fdc95a07feaacec7fc4ff7ca3ee1c7995fe75f56fe8f3871c3d0546a3ca9d640b5870e84d02344a396d65adfab3dd5206dc924d1a4', 10, 1, 1, '2024-12-13', '23:06:00', 1, '2024-12-16 05:06:03'),
(200, '2zNz9G9VP88uBUmb', 'c8dccb72207770da44425a77c1f1827b29a7ad43132a39210840eed5417a5c00dc23ae07ec81d1ac9b4212a9f06e92043d53dfb4ad53f58f5a6f19462e8dd556', 238, 1, 1, '2024-12-13', '23:08:00', 1, '2024-12-16 05:08:57'),
(201, 'yWIPRjyje4D2rub8', '920ea811f15d28d831cd1841f3c67409bf1e6416b7377b65e4b4cfad8d90486f9565877bbc73d5144c75b56ba11c99293a2fcba0aaeb39b0a1d9d283da0ddba9', 226, 1, 1, '2024-12-14', '23:10:00', 1, '2024-12-16 05:11:00'),
(202, 'g42qBg0weSlT114k', '8b0ef0ac19c7f6210fae9abd0252905d7cd4dc88184ae238b579a3db20aa116c2b6028b34fa0dc37fe4e7b521fd1f26b27db726d23753ba815ede9835afd59fd', 249, 1, 1, '2024-12-14', '23:14:00', 1, '2024-12-16 05:14:56'),
(203, 'k2TAdoMUnUIzvclO', 'b5d76dccc4026f160cebd686f472a6610eceab7605166a21ec22277bf897b6be2377e515cac9a393120ff8a57bbfcb323aaf734d17f9ef71fa0f1b67ef4a115a', 71, 1, 1, '2024-12-15', '23:15:00', 1, '2024-12-16 05:15:52'),
(204, 'iH6pbuPvDNw1VOja', 'ee803b58a825111a265b6377eb7e95a72e4d43c11b729eca3bbbbe7f6ae381f745c39eb25b45a0b2595eacde6df10bbbee2237ef55d2571293e13c39c901bd77', 60, 1, 1, '2024-12-15', '23:17:00', 1, '2024-12-16 05:17:16'),
(205, '5GthUA87v3hekl9q', 'a71b179deed8facda020c125d4b0db3bf1abee6c647e018b5000f768c6acd4a4dbb0f6a661fd53c8c46c7001aa08266ca4440b2b2f00c4e07b751b893bf80f9c', 312, 1, 2, '2024-12-16', '20:37:00', 1, '2025-01-03 02:37:26'),
(206, 'OeNAwvh3i6WdkGxy', 'ec13140fada7192bc026288ff7f89c7625fd9f90904872fc61b24875b3022cef64e29e1c1c2fe9504d474f9f93b9a81eadaa0e42114320a284eefb247b414de0', 364, 1, 1, '2024-12-19', '20:40:00', 1, '2025-01-03 02:40:38'),
(207, '1MImZyZ3zGMiJqWt', 'a9e34c8943b07e98185d8ed16f7f636ea85e4fd46a79c76f2927861e4c99cf1480e148bc2fb3fba386b77508063647d6138e585b2b35b64f6fabe13775f76e2f', 83, 1, 1, '2024-12-19', '20:41:00', 1, '2025-01-03 02:41:40'),
(208, 'pIcEyuUdSHxvuTx5', '6261a6b9ea4168771c16a8918db30a485c5415ee66e0f33402072e9b380dc601f357453acc9ed70249178ece6f059b0588840b7938d611f26591d72b354abf5b', 229, 1, 1, '2024-12-19', '20:43:00', 1, '2025-01-03 02:44:00'),
(209, 'Pr99UObYqrIwdlFK', '9ec4c2c042df6994afef3e1b2908290bd0f6d1ae75350a3f3fd0248bfd5e4b19e2add3de3448a29dd5999334b39dbede350f3367a338009acadff745a5cf2b7e', 344, 1, 1, '2024-12-19', '20:45:00', 1, '2025-01-03 02:45:38'),
(210, 'TblSn9dBxWKmPkNN', '4d52d5cc8f2bd9007c8b4dfa54487ef65472b4391851f0d3073e4f70f3e511b381cc8e0a20bb7595d20c59892420ad3fa12611d28797feeab925f33771ee687e', 332, 1, 1, '2024-12-19', '20:46:00', 1, '2025-01-03 02:46:52'),
(211, 'RdDglG2enbnpBLeh', '83f5db9596c1a2f619de9cc2ef649d63218a82af7e48f16e891769232ef582035202adf2841a3aad2d75bc887b8928775d24e4ae32c163ef755270851f62b086', 268, 1, 2, '2024-12-20', '20:51:00', 1, '2025-01-03 02:51:36'),
(212, 'q8fo6VellY3mNpIw', 'f2deff3523652cf75c5ec336786d366368f6fb801f53e2eb14a1341905236a524a812c089d30839f41eabd9488736a33527edf3fd685dd9be3441c43fed7bf73', 347, 1, 1, '2024-12-20', '20:52:00', 1, '2025-01-03 02:52:31'),
(213, '9baXXU5fzomFeiyV', '7f41ca4debaaf64cd105c08590615ef82d86d08648b5525a7b0a18b7943a184516baca95e65eb4eab0cdf71bd4cf9578832ea689f90d9692565c45a320c60d7c', 126, 49, 1, '2024-12-20', '20:52:00', 1, '2025-01-03 02:53:03'),
(214, 'i6W7LkXdtW3jHGFg', 'bf3b7316a1f065528da575f05d8a1108c31b289522d563829414bfd82763800561394bbdc75aa3007a904f47ecc365b337c89ddad9becf803ead6f40a0543a19', 334, 1, 1, '2024-12-21', '20:53:00', 1, '2025-01-03 02:53:31'),
(215, 'C23yN5ouMVXZlNxY', '214b183fd6860642840ecfda9d0e106fc7a04ae97f56d47ee64c21d8f5aa2be75d38695733b4df03d5b7c766af39c3e61aab64098ee5ceeb11f84d59e74aa400', 248, 1, 1, '2024-12-21', '20:53:00', 1, '2025-01-03 02:53:58'),
(216, 'R3yWNHJvwyn9GagE', '719ef7b23c3be758222fbeea8e265461e4e9c9660c63c421468ce246fd854d74650dcd802e0e7a6a184a10a08b5a132fcb9f09a9b28059b478cb1209cef4a5f5', 342, 1, 1, '2024-12-21', '20:54:00', 1, '2025-01-03 02:54:52'),
(217, 'cf6qC6pvXGz4VFJx', '599f449bc866af6b612ba73259011146e2a4b2c8c1ac9ff7be78a1dd6179f1394b8fa2cb553cda2d01768131e4a73d9df5c4dfefebf3edd1137f4ea6b1c85382', 349, 1, 1, '2024-12-21', '20:55:00', 1, '2025-01-03 02:55:51'),
(218, '3bkHLJC4TEeswuRP', '237045bc43df54f08532a09b43e562a90ddbd6fb8ed56d7f23a249b1aa12e6373e8e86760932f944d9224eaa7d4778421d9d816757a2446b399c2f4bc3693a9c', 351, 1, 1, '2024-12-22', '20:56:00', 1, '2025-01-03 02:56:41'),
(219, 'tqo7vPsCLONlmpo3', 'a0c6f5280e32e6b2047824762670c6752637bb8a6375a09698c3aec232cda5e9db46d08d8830bfa5238bd7e7cd5a04f3563f1193665ea43d0eeeb10c21f45023', 231, 12, 1, '2024-12-22', '20:58:00', 1, '2025-01-03 02:58:39'),
(220, 'SKmkBYDlCpuS3pUm', '28bae47a499febc5a549f29ddd95fc9e04962509cb3dea77db0d50418dc8bdafdac339facae0a17b5358a42ed2339d9da80d1eea7c3bf23e6817f70fef075df3', 206, 1, 1, '2024-12-22', '20:59:00', 1, '2025-01-03 02:59:45'),
(221, 'LpA5cDvlAGN8AgIu', '6c40b4417804cd8f80696c37ccedd4932e5935e2fedf5a6e66133f4ff9913ebdff260999841da1c76f5c72d384f887adfec45d11b752a8bb09d66a22f27672ae', 194, 1, 1, '2024-12-22', '21:00:00', 1, '2025-01-03 03:01:12'),
(222, 'EyaUtxt0pwCFoA3M', '831b529acddcb7db5ac42ee8fbdaa74fde205fcea39cf32138ffe555be48a853055f3dcdcc83b665758925252ab61a63ac5c250154928d7241f13703ad187ebb', 266, 1, 1, '2024-12-22', '21:02:00', 1, '2025-01-03 03:02:35'),
(223, 'phAB13C8EqwCaxX5', 'a948789f80de78058cc7b86269de0a2d73a73ecbdc983815d983141b83b93e505818ee91b4bdf503aa50aff680cb3ae9daf733dee816a308c879e998b197a2cd', 350, 1, 1, '2024-12-22', '21:03:00', 1, '2025-01-03 03:03:43'),
(224, 'w9JT9EBwt5fFXe5y', 'f57a4ce81a54a7247c250d0bc3fc19969309114552fcc4b32a752a60c5c8e7f8219594be4978a09c9caed86491f5e36c9ac38a3e1a17b5fe570e88c0f43624f9', 36, 1, 1, '2024-12-23', '21:05:00', 1, '2025-01-03 03:05:08'),
(225, 'mwd9Kb3F9apmwsfx', '8aa94ae399f2231959f2a3859e5c4986d036ae0b069b0776c31381df2089ede7921085ae15659db0ef54b77b807507c99f32e8221ef321f5e044fd93823b66df', 258, 1, 1, '2024-12-23', '21:05:00', 1, '2025-01-03 03:05:40'),
(226, 'Jto8782KODVONBWs', '59d9d671a5faf8d547795ebc2f4c33f05f8e9f95e7ca39bf9c2f79b3e30f655749b9c124b3fb7bf364da73f99d1825d461ffbd1055249669a13b5b6bd9f2b18a', 288, 1, 1, '2024-12-23', '21:10:00', 1, '2025-01-03 03:10:13'),
(227, 'znNCGEiB85GzAe0i', '7b7970780ee8a35cfcf9c49dadd783fbbfdd59e0c87e3c9b6f033718ba8e6eb85ddff84e62b7c8409bd752518b8d1228bb3fb0622b35de810f63e5e60117fcf1', 50, 1, 1, '2024-12-23', '21:11:00', 1, '2025-01-03 03:11:51'),
(228, 'dvL876Q9GQ2LdhUx', '676ad5850045043d007aa62b58ccca92162ae427750c51476d6f5275dd1d8a318c7f58f82affe9f30ce1ce546e60ad9b5f8dfb110695080387a0783c7fda09f7', 221, 1, 1, '2024-12-24', '21:12:00', 1, '2025-01-03 03:12:34');
INSERT INTO `tbl_boutique_ventas` (`v_id`, `v_token`, `v_tokenEncrypt`, `v_producto`, `v_cliente`, `v_pago`, `v_fecha`, `v_hora`, `v_activo`, `v_fregistro`) VALUES
(229, 'iQffYnoG72yO9UZB', '9172591bbce9e1f616a831d0a2c6f40ba79fb80eef2a6c4b2e5f1311d9f5e6a0056c92709ee61cb0a4d86f46055110b6b53c69d995de1002e468fa89543764a6', 338, 1, 1, '2024-12-24', '21:13:00', 1, '2025-01-03 03:13:42'),
(230, 'kVUR73InPnHVWxCK', '3d4588e03c0744aab37afac0d718c44ddcdd68767b16aaf46b03dc2307baf1068a10fbc541d7e3e12a813f5761a44cefcc6e1e5bc6e27246850b9547ba144483', 273, 1, 1, '2024-12-24', '21:14:00', 1, '2025-01-03 03:14:37'),
(231, 'frTLkf9VANd0eyGw', '5a1e2f8da1a127fe926de8ba4186afe0db4b4b4eb545587948ff2b50fb0c66af08edfcade6ec20871813a39094fd2a1e3f87ca85ecb906a49ff88bccd1bf0c66', 375, 1, 1, '2024-12-24', '21:15:00', 1, '2025-01-03 03:15:24'),
(232, 'BfPFjES6tYRQsy9y', '7e7d6d6a13886d0c5cdd4f82c79a739af20fb55713a881dad4b4f7733da9feb6f22969f3801ffd672e42bdad860d683a077b966e8577764bf2a2a26b9d7d5ca6', 230, 1, 1, '2024-12-24', '21:17:00', 1, '2025-01-03 03:17:04'),
(233, 'I2dZhIH6ZlJAXZgj', '4929d64fece8388feebe4032e9e71f4469cc60b943209ae6a1cafd8ec40b33319175d8b1db02c6e889ebe0f679843f053a95759f1d656f9eabe16dc9cd0342fe', 278, 1, 1, '2024-12-24', '21:17:00', 1, '2025-01-03 03:17:47'),
(234, 't8FN6DEInwD1c73e', '17b30f6479a4ee8069e85ae4e87f079910655d8565ceeab86c87e3d3434fb96cf878c7f2cb97d6e9f82395e6d7103162f694fbc261453ee3a8a48c4d3684e0a9', 254, 1, 1, '2024-12-24', '21:18:00', 1, '2025-01-03 03:18:26'),
(235, '2O7UO7nFZ7zvejlH', '77aa4b679c36796c7334c05a83488df165c235a8a4af76778bdba255a43543e4d6545a26f050b5b92bc6f4cb5ce12e4cb1fb34da50d389d666c3703b810afd34', 376, 1, 1, '2024-12-24', '21:19:00', 1, '2025-01-03 03:19:13'),
(236, 'gq8mp9SfKSUky8IR', 'ae8fbc8585f1f793ddd96badee8ea9edef5f5fc339a1294f20de96faf81498115a6fbdf006554e7db6aadb632bddfe916d810b0b3d61eea24ddcb2de1d7fadea', 91, 1, 1, '2024-12-24', '21:19:00', 1, '2025-01-03 03:19:41'),
(237, 'sYGfEZ8LJh5yekPc', 'e31801aed7a9405ad4a033e2160e4f9095ec27541b3385f68b45472b3afab745bdc421e0cfdf76685b45eac4124ba690597facaa8f3a3e4a76a3c12ee9e54eed', 374, 1, 1, '2024-12-24', '21:20:00', 1, '2025-01-03 03:20:17'),
(238, 'G6HzOIEgMFzXntJ1', '9c3d99ca38d58b4463c4c1ec398278b0614dc322352a0a8cb7bfd4c116c873162bc36002b84c3b681da95c1045736e709b06d23c12b95e2aeee8666b66cec4cf', 372, 1, 1, '2024-12-24', '21:20:00', 1, '2025-01-03 03:20:44'),
(239, 'ewQXgKlMNRSbUUyS', 'ebbb2c81158f4bf3006a3e5d6111ac551dae69e15297346eb134e5c879021bcba380cb6ad9ee6403973cc0d36e7d966a621e1a3075e8369d3ea415e03b81ed96', 331, 1, 1, '2024-12-26', '21:21:00', 1, '2025-01-03 03:21:22'),
(240, 'xBbgO6q31N2azNMl', '48e69d0c0d47781ed2b2914d66ed4f79b358e660a2d00f98f3753f2e86e1003f00232ef06bcd63206ea93a19ce20b831b0c752cba2c1da53233b292b5334a203', 35, 1, 1, '2024-12-26', '21:22:00', 1, '2025-01-03 03:22:16'),
(241, 'i5GVLkpiws9XgYg9', 'f97956baa64af24f5092a06f9ca96939c611d2f6076d6e11762ab81a766d81eec2aa21813e567016d574f0958fecacb7623601ade7648720bb61efa05b022050', 329, 1, 1, '2024-12-26', '21:22:00', 1, '2025-01-03 03:22:52'),
(242, 'g6bfI42GIYP5BaTe', '11d70a7ab4c480ea7f8ec4b2a371d05d815c33e366540b16dcdb2d147e2da1b195337a005c386159ee0d5047ad65e741fe613cee7c8b1996212f10e00343c224', 286, 1, 1, '2024-12-26', '21:23:00', 1, '2025-01-03 03:24:01'),
(243, 'MYzXaxO29DIDchs0', 'a2b2f0af3e5bc89bac45c6f4f1168a931ac3abd4629752fcebfa12576752c869a5dbc60436215eca2cc71b174fe005986486bb9f5d42116e0c6408c6dc18602c', 353, 7, 2, '2024-12-26', '21:25:00', 1, '2025-01-03 03:25:31'),
(244, 'tfHYQVaGARBLTxpT', '8cf8aeee031e8ecbceb4b794f6b99da86413d15166083a524fe04c614070c39cfb00b2153e2aa0816594e0c8c37807d950adc56f9c742f5b52e948d8878162f3', 214, 7, 1, '2024-12-26', '21:26:00', 1, '2025-01-03 03:26:34'),
(245, 'C8dj9VDvAKHY1tL1', '1415f7492fb3ddaae06f6cb23400a5e922e25da985e7b17b1621b4bc6f338375b1d46af7a8cca88174924c01e871f976856ee31145fcda8102b15b0d4d92fa2e', 345, 1, 1, '2024-12-27', '21:27:00', 1, '2025-01-03 03:27:22'),
(246, 'v8s5A2fF8WewSl5U', '5c1400a035cf6cf980f939094609086465e80aa6ae6b8de4e4e6553d2bc7865abcfb083d10f716fa834e82a9d3ac3ddeee4677912ee232942c14c1bcf9cf5b30', 82, 1, 1, '2024-12-30', '21:32:00', 1, '2025-01-03 03:32:25'),
(247, 'scoDcCMmg5UVLZBW', 'cf6379c50d19b69b7a99ee009aad8923c613cce49d6c5259815a97d608a901c4934e72adcf7fcc28074ff5559042dd57461ee1e02a9bb9f1243dc04400c64c12', 300, 1, 1, '2024-12-30', '21:32:00', 1, '2025-01-03 03:32:58'),
(248, 'Pf1y1C9R52J2W71h', 'd853708c3d6608a37fed151c0619732c658d207d9a6d98f9947c827d27b49581b67a6e0fa07c0fc21ba8700153af60f85afd8039f52cd0415c85521322b97950', 26, 55, 2, '2024-12-30', '21:33:00', 1, '2025-01-03 03:33:39'),
(249, 'GJV258FSI70KQKtL', 'c9b29f2c9cfd7b487b0ce545265e8b698d6ba51056f3cd8ae9fce6d6f9f1ea435e660f19a093d7603a8e0d719d7a04386e70b8797867fa6a89324a2acd0bad5d', 222, 1, 1, '2024-12-30', '21:34:00', 1, '2025-01-03 03:34:13'),
(250, 'MwLa4U8rfPllgOId', '43b857da78876ab23d8ca0f636f5ea04347364691a33d824bc32ad591c2f04ad261fef5c8ddec7b7b486b4f938d8cb44b457801f0ff71ad99d930cd209809775', 223, 1, 1, '2024-12-31', '21:35:00', 1, '2025-01-03 03:35:46'),
(251, 'kpGTskTQoF7v9Lvw', '9c953fd640e9e7b861b2a2bfd6b87843e7488f8f67ece5c6e557bab905b98039370b3f4d8e187f02c1f49913d11cf3da173131623e6bb270e8a676d834cdceac', 156, 1, 1, '2024-12-31', '21:37:00', 1, '2025-01-03 03:37:05'),
(252, 'Kg11Z5WeZWcfS9hm', '8407be063e8c4edcde775d196aadc6216a5055d7d6493008318b3931f23eb729ce1aba632cfe7feb0764b817120b00dbbac86ab028c67a6a5ac263122ff9d487', 368, 1, 2, '2024-12-31', '21:37:00', 1, '2025-01-03 03:37:43'),
(253, 'K4CWYGKuVGqEdWt0', '48a316ede8bc85393c91f8b8215eecfac5f45ed4e96b2428c7827166f25553162550781ea0bbcced11da0c65a6cb21dcfd4140f7cf22223ddb598d598742b30b', 369, 1, 1, '2024-12-31', '21:38:00', 1, '2025-01-03 03:38:22'),
(254, 'nBHSYH0rP2vGTBrC', '5dd8705e8e6036254810f96d734d0b6b62c97ad4966c4601b247b11535f3599f7c4922b5f43326bbfb3e5048ae2e81cf3feeeb40c1154eeb4816c876ff8f69c3', 296, 1, 1, '2024-12-31', '21:39:00', 1, '2025-01-03 03:39:11'),
(255, '3D6tzninXjD0RxBc', '748e1e07ffe2d32dc089c1ed8fd2fce03280ab80ace6f2b51351772835be3a0745fb04c8e5eef775e62dd145350386f05f7a7a014f733f664dfe746b1f4d8286', 309, 1, 1, '2024-12-31', '21:39:00', 1, '2025-01-03 03:39:54'),
(256, 'zW9vLLO14KH14qIY', 'b4a9fad6cef407b2f6bcfd024e73759ca40079eabe4e9bbed43b55188fe03ca83b9e2b002e94c4160ef8453b158f3b42d390a38846000bb9e94044385460c5cb', 310, 1, 1, '2024-12-31', '21:40:00', 1, '2025-01-03 03:40:29'),
(257, '1fpoN44t7k9p0QMp', '42b178ff607d3b4136ee1ead327f302493e3156cae39f3b376e85c9bedb0c6c27bff3ba97ca79d2822b2acc04773f02057d7a2f74d6cdaec91e211d98693f596', 379, 6, 1, '2024-12-31', '21:41:00', 1, '2025-01-03 03:41:14'),
(258, 'VO90tVYYRwR1xQq9', 'a52c039f1bd1128b8ee20db391288e35f5373f07e5787bcb10f98441902bf1aae59f364a14ce5726212f71f3d32c05280a07296dd24554f18118c0ac908927de', 157, 1, 1, '2024-12-31', '21:42:00', 1, '2025-01-03 03:42:07'),
(259, 'sA4f6Q5vKSBuxWhW', 'a5b78723f8dd474d6a0a768f44015a693cfb3bf42beb85311029e834b5f31ac68d81ec8e1102d2829fd6a1544ff7cb994755821234161ab5968a626761f5edf0', 220, 20, 1, '2025-01-02', '21:42:00', 1, '2025-01-03 03:42:39'),
(260, '1uCt5xSiDoyLOe4V', '9f94bfdb2d15ce78be132f007fa5b177aab8d5e10039b84a03ba6a2e6f41145f55802bc65146f738398d5ed4d75213bd5d08aba5f2b9cdeaad817d429f448977', 256, 1, 1, '2025-02-05', '22:59:00', 1, '2025-01-27 04:59:22'),
(261, '9jtkYoN2XGMVET9E', '9f0a4243f01d2288d560588cab9b91db66d8495342ad3c5d4b068a8de368019dba12205fc20e3fa3675722a5114946776a02053c516476346589f3050214326b', 162, 3, 1, '2025-02-04', '23:35:00', 1, '2025-01-27 05:42:08'),
(262, 'Ze9aD2Ic5mFKrAXc', '9499375af877724c53a17ed9d3232a63cc047dd9f5d61832498a4e56194aed6a531a082b37924a7ab5a8082df02f2aa74128cc115a2fde74d06f6fb53099f927', 162, 3, 1, '2025-02-04', '23:35:00', 1, '2025-01-27 05:42:44'),
(263, 'Lg09eyVZDtmnapwN', '27c565bf940e1be98bbd0c79c0b5479a061b145d3f86dc5bbbfce325a78daedae5f9277094a5f66b07c0630667e09279b02062c1d3210114dcff751c00d46031', 161, 3, 1, '2025-02-04', '23:35:00', 1, '2025-01-27 05:51:40'),
(264, '1RmWwvFX70Ax18jm', '6c8bd7ceafb24ae0748a12eaf3f586ed5f36f2977695aa3d0e5610ca2dca9ff890cff391099c530773bb726d628e460371c79c16ca9b44ba05d00e9d889d6e4e', 161, 3, 1, '2025-02-04', '23:35:00', 1, '2025-01-27 06:02:49'),
(265, 'z3tCHHAoUZv6JOsg', '70838f83c5fdf50a8d8de8325d311e316e678343373a2f89cbb6654e5708a45d44d29a0372927df1167a68a51e3d8ebfd2ba82438b9a600e68a0eed4d24cb638', 161, 3, 1, '2025-02-04', '23:35:00', 1, '2025-01-27 06:11:32'),
(266, '6T8CqrvVbDllJtOT', 'a53bee30b14f25c735c4db073fd9a57323b01ef86a5bc9a03a009163bb175fe48164965c03965196805a07f360238c36ee0ff2003d08f80cda2049771a0ea042', 161, 3, 1, '2025-02-04', '23:35:00', 1, '2025-01-27 06:11:39'),
(267, 'E9ZxmMtvh2AV5rjc', '1b7f8c45db066e131d281f5a4d7b432c3441a34f0b310c19d7da7838a70f5577b081c677bff8805dd10473fe0ef66154c83aaafde40d9731a660e38ef4d8b008', 161, 3, 1, '2025-02-04', '23:35:00', 1, '2025-01-27 06:13:13'),
(268, 'MtjsrNzyQZRFPT9V', '07facdddbd425d26c1488fbac1a766d69dd88db1b0a54d3f0374895f9618580690d50103512df396479d9ee6bb387aaafd3a15b622fa2b24c37d5f4caf662a80', 161, 3, 1, '2025-02-04', '23:35:00', 0, '2025-01-27 06:19:47'),
(269, 'CuzsFwfG215wj2jf', 'e242f155fc043321b8979c5f953231712065e608ad5af1e0f6e08c74081bd44d47d9555e80f879bab5f2568bbce8c542e381b10f9fc9a11b046a15d5b21ead25', 443, 3, 1, '2025-01-29', '12:40:00', 1, '2025-01-27 18:48:01'),
(270, 'rX4eTGwvykQob566', 'c45ec8799976fea8bde1b6f9f48d865a97eca7729c9069064003c1ac9b4ff3568017ec6cf5bc6d082fb3bd8fbe7833f7207f989a634d2922fa4ab29aa837d600', 443, 3, 1, '2025-01-29', '12:40:00', 1, '2025-01-27 18:48:37'),
(271, 'jdu7BOncdHHH6OZt', '3eb7b01006b38d167750aca69471304990de43746310e7888bae957a4a94ea4f7417e1aeafb17568502679e160b6c58692d662e654d5c5679bd314a97ec9cfd9', 443, 3, 1, '2025-01-28', '12:51:00', 1, '2025-01-27 18:51:15'),
(272, 'kXTeykxJmYAIYiW7', '363cd814f33f2e80c7b7a85842af42803c142c1ba47f7e85404f7d780f9e484b69a0fa91d827e25b3c44d78b1a24ca79197fe8dabc643b85584d8c91844e5d8c', 407, 3, 1, '2025-02-08', '14:40:00', 1, '2025-01-27 20:41:05'),
(273, 'noiHbiiuZMGstYjg', 'dc9e511de8074aa4646df261d7d94a8fc92754ee6925dce6472f9aa52dad0c31a59861000ccadac771c7263c3cea9129cdedd5c92d503a1b1eca70ee48e43bb6', 252, 56, 1, '2025-01-27', '15:18:00', 1, '2025-01-27 21:18:30'),
(274, 'jdDdXgfyUR5u4Pry', '3bcffceaa046feed9263401b147641c340b4f37c52df0227546ab20dcd0fd2762b60526a200b2d515eecb1e5d077c665668c43592a86bd7af1b82c7a95d497f4', 354, 56, 1, '2025-01-27', '15:18:00', 1, '2025-01-27 21:23:54'),
(275, 'ngY8sYuJ9KQ9b9TU', '08fb2c3ac2d3894a83305e32a67ab8ff483e819d2cf9736ce9ef57890782573da38979732ced0ea09d05cdd6e903ba13340bb9be286b3f3f6ba7856d4848b388', 354, 56, 1, '2025-01-27', '15:18:00', 1, '2025-01-27 21:25:40'),
(276, '7mHYTebVvVMYtmru', '367fd8267cef552210bb2d013351087286b8ec1fc6a1c98afab4e769408c3186d9888bd189eab3afd946e07850d6765ce60ce5729cebbd9dd0a169e83d032af5', 354, 56, 1, '2025-01-27', '15:18:00', 1, '2025-01-27 21:26:32'),
(277, 'GLlUsDm4dq6Zdxex', '8570f7ba4a355c959c52c50626fdc6d6ebb270b4369e79fc858fd0262de49f596aa588aa4dc916437beaf497cc703ae5f755852c14f27bd736bd66314dd455e2', 354, 56, 1, '2025-01-27', '15:18:00', 1, '2025-01-27 21:39:12'),
(278, 'hSY3ItCqCCfDiX74', '544bfb138d2fbdf53cc3d6f2ccd4a3764c516010213a73e641ec6c48fc7f91391610f49f3907369ea1bc07572fbb0f8121671332d19eb85a23ad6d08db1e90cb', 354, 56, 1, '2025-01-27', '15:18:00', 1, '2025-01-27 21:40:52'),
(279, 'T5LyCO9yyjBAqCKN', 'f33f289e4b55160edc9a6b0a3866ae62b6439e7f7495aee6ff3b0b4810d88dbff933efcf82d4264b5fbbcf589844bf3272e8fae1ff08922e0c6cdbbeab87e336', 354, 56, 1, '2025-01-27', '15:18:00', 1, '2025-01-27 21:45:39'),
(280, 'h9QDgpkqtaukAJOJ', 'fea444f724a3843e33a6c8d3a0715b3d90bca9422e870bde9a8db8efca10bf9cd322e8961d15b600720e0d5593918fdfd40074bf2b1fd126a17ba568ebf2cc6a', 354, 56, 1, '2025-01-27', '15:18:00', 1, '2025-01-27 21:48:15'),
(281, 'ZHf47RFhyvSZmEK2', '999ecccf67dc68b44461c9ce35b495125447e95192439629c271495cc34f5b0d819d5daf47acaf688ff77b39b53001f4d9e47e036998b0da8f8f9b2b8e6e4b68', 354, 56, 1, '2025-01-27', '15:18:00', 1, '2025-01-27 21:50:44'),
(282, 'PDNnxpnA5tLsAuHS', 'e75c4c21aa0d401393552693b6be816cae25efc4b5ba18b27f9b3166b53eba9c22eac97d3db1387aa53da21b81a16110158fa4afec0390007258f6b2e4e8e16c', 354, 56, 1, '2025-01-27', '15:18:00', 1, '2025-01-27 21:52:06'),
(283, 'X7Ig6XCZBoRczxm3', 'e54dbbf7989059634a928c1f79f4f6ad62bb30ef04b3f5cdc4cd94951659c693534c5be4f3fd3251db61bd4875f7db343209e69ce16b8785c6863de2276e2a84', 354, 56, 1, '2025-01-27', '15:18:00', 1, '2025-01-27 21:52:24'),
(284, 'JjJaHddCQ6Lep0T6', 'eb73619bf29ee3186a8420a6465929bb1777c370b23c523932b6b1cf0131ed0301d0f96c50451ff421da36f6055fa7d2ba038ab69bbcac3bafff52cb7fd4dea4', 354, 56, 1, '2025-01-27', '15:18:00', 1, '2025-01-27 21:53:50'),
(285, 'lr4haokrczbu6c3x', '930d2cc09da18f173eb5ef26950b613518374fdf9fb1ef4b19a8852fa3db70fd3fbacbefab4bdec9794af64182dbe3fcc51d78fd94e0e8866c8997530b102a29', 354, 56, 1, '2025-01-27', '15:18:00', 1, '2025-01-27 21:58:46'),
(286, 'u6CRQwP22pwY66xu', '01645c8c0d671ef97103aaea4bc720bc87b1e6ad40242179ef9ecd93228d0d1a5b8528c744c0642788d5953b41858aaae93af7042845645d55bdc68a04c77fdd', 354, 56, 1, '2025-01-27', '15:18:00', 1, '2025-01-27 22:01:43'),
(287, 'krf12fhms87MMkV7', 'de7320d7943f8e616d5c17dcb54f917559500193dc67a8d4e9fe641c882426fcd32e376f0b16201eae54f5c34d16e6b535c94d0db44c6b65f114187ef19bcd9a', 354, 56, 1, '2025-01-27', '15:18:00', 1, '2025-01-27 22:03:53'),
(288, '18cxTnau4AphxGlT', 'e271402a0dbc581d3af675bbf93665dc0df7f5f10d4b2bfab82ecb2e8d8ee2b68ef3bf086417cc689bd439d15fddd5317274f4443f736e0274c41d0b1ff4f518', 354, 56, 1, '2025-01-27', '15:18:00', 1, '2025-01-27 22:09:46'),
(289, 'EgL71adEMALsptLV', 'e2d449face09e329da273909578e8a4d9b074245c38063533b2684a82f053fcd815521f0b71b3476d495ca9e2fd3410d7773b0791d23d6da93b2e22b745a6536', 354, 56, 1, '2025-01-27', '15:18:00', 1, '2025-01-27 22:16:44'),
(290, 'CKVYtlORggf1hssl', '80fe368491e21d576f20420e72d5ea904004fda6c4e176b0ee94d3b863b8890e187d8f6bed66b145795b5d8ba6d802e0613dd1aaf22e327ac5397ca12bffcf18', 354, 56, 1, '2025-01-27', '15:18:00', 1, '2025-01-27 22:16:56'),
(291, 'LokNT7yxeL7kOR0m', '895f6fd9489e452c7bdb11bcaf449a644551c6db1afb5fc39699967c86ff6959ad9ee267c07c031a154bf44a33b102bdeee86bd7a561725e9fe82f0f5b9959de', 354, 56, 1, '2025-01-27', '15:18:00', 1, '2025-01-27 22:31:55');

--
-- Índices para tablas volcadas
--

--
-- Indices de la tabla `tbl_boutique_abonos`
--
ALTER TABLE `tbl_boutique_abonos`
  ADD PRIMARY KEY (`ab_id`),
  ADD KEY `fk_ab_apartado` (`ab_apartado`),
  ADD KEY `fk_ab_tipoPago` (`ab_tipoPago`);

--
-- Indices de la tabla `tbl_boutique_apartados`
--
ALTER TABLE `tbl_boutique_apartados`
  ADD PRIMARY KEY (`a_id`),
  ADD KEY `fk_a_producto` (`a_producto`),
  ADD KEY `fk_a_cliente` (`a_cliente`);

--
-- Indices de la tabla `tbl_boutique_categoriagastos`
--
ALTER TABLE `tbl_boutique_categoriagastos`
  ADD PRIMARY KEY (`cg_id`);

--
-- Indices de la tabla `tbl_boutique_clientes`
--
ALTER TABLE `tbl_boutique_clientes`
  ADD PRIMARY KEY (`cl_id`);

--
-- Indices de la tabla `tbl_boutique_colores`
--
ALTER TABLE `tbl_boutique_colores`
  ADD PRIMARY KEY (`c_id`);

--
-- Indices de la tabla `tbl_boutique_gastos`
--
ALTER TABLE `tbl_boutique_gastos`
  ADD PRIMARY KEY (`g_id`),
  ADD KEY `fk_g_categoria` (`g_categoria`);

--
-- Indices de la tabla `tbl_boutique_ingresos`
--
ALTER TABLE `tbl_boutique_ingresos`
  ADD PRIMARY KEY (`i_id`);

--
-- Indices de la tabla `tbl_boutique_productos`
--
ALTER TABLE `tbl_boutique_productos`
  ADD PRIMARY KEY (`p_id`);

--
-- Indices de la tabla `tbl_boutique_protal`
--
ALTER TABLE `tbl_boutique_protal`
  ADD PRIMARY KEY (`pt_id`),
  ADD KEY `fk_pt_producto` (`pt_producto`),
  ADD KEY `fk_pt_talla` (`pt_talla`);

--
-- Indices de la tabla `tbl_boutique_protalcolstock`
--
ALTER TABLE `tbl_boutique_protalcolstock`
  ADD PRIMARY KEY (`ptcs_id`),
  ADD KEY `fk_ptcs_protal` (`ptcs_protal`),
  ADD KEY `fk_ptcs_color` (`ptcs_color`);

--
-- Indices de la tabla `tbl_boutique_protie`
--
ALTER TABLE `tbl_boutique_protie`
  ADD PRIMARY KEY (`pti_id`),
  ADD KEY `fk_pti_producto` (`pti_producto`),
  ADD KEY `fk_pti_tienda` (`pti_tienda`);

--
-- Indices de la tabla `tbl_boutique_tallas`
--
ALTER TABLE `tbl_boutique_tallas`
  ADD PRIMARY KEY (`t_id`);

--
-- Indices de la tabla `tbl_boutique_tiendas`
--
ALTER TABLE `tbl_boutique_tiendas`
  ADD PRIMARY KEY (`ti_id`);

--
-- Indices de la tabla `tbl_boutique_tipospago`
--
ALTER TABLE `tbl_boutique_tipospago`
  ADD PRIMARY KEY (`tp_id`);

--
-- Indices de la tabla `tbl_boutique_ventas`
--
ALTER TABLE `tbl_boutique_ventas`
  ADD PRIMARY KEY (`v_id`),
  ADD KEY `fk_v_producto` (`v_producto`),
  ADD KEY `fk_v_cliente` (`v_cliente`),
  ADD KEY `fk_v_pago` (`v_pago`);

--
-- AUTO_INCREMENT de las tablas volcadas
--

--
-- AUTO_INCREMENT de la tabla `tbl_boutique_abonos`
--
ALTER TABLE `tbl_boutique_abonos`
  MODIFY `ab_id` int(11) NOT NULL AUTO_INCREMENT, AUTO_INCREMENT=261;

--
-- AUTO_INCREMENT de la tabla `tbl_boutique_apartados`
--
ALTER TABLE `tbl_boutique_apartados`
  MODIFY `a_id` int(11) NOT NULL AUTO_INCREMENT, AUTO_INCREMENT=122;

--
-- AUTO_INCREMENT de la tabla `tbl_boutique_categoriagastos`
--
ALTER TABLE `tbl_boutique_categoriagastos`
  MODIFY `cg_id` int(11) NOT NULL AUTO_INCREMENT, AUTO_INCREMENT=12;

--
-- AUTO_INCREMENT de la tabla `tbl_boutique_clientes`
--
ALTER TABLE `tbl_boutique_clientes`
  MODIFY `cl_id` int(11) NOT NULL AUTO_INCREMENT, AUTO_INCREMENT=96;

--
-- AUTO_INCREMENT de la tabla `tbl_boutique_colores`
--
ALTER TABLE `tbl_boutique_colores`
  MODIFY `c_id` int(11) NOT NULL AUTO_INCREMENT, AUTO_INCREMENT=28;

--
-- AUTO_INCREMENT de la tabla `tbl_boutique_gastos`
--
ALTER TABLE `tbl_boutique_gastos`
  MODIFY `g_id` int(11) NOT NULL AUTO_INCREMENT, AUTO_INCREMENT=168;

--
-- AUTO_INCREMENT de la tabla `tbl_boutique_ingresos`
--
ALTER TABLE `tbl_boutique_ingresos`
  MODIFY `i_id` int(11) NOT NULL AUTO_INCREMENT, AUTO_INCREMENT=522;

--
-- AUTO_INCREMENT de la tabla `tbl_boutique_productos`
--
ALTER TABLE `tbl_boutique_productos`
  MODIFY `p_id` int(11) NOT NULL AUTO_INCREMENT, AUTO_INCREMENT=528;

--
-- AUTO_INCREMENT de la tabla `tbl_boutique_protal`
--
ALTER TABLE `tbl_boutique_protal`
  MODIFY `pt_id` int(11) NOT NULL AUTO_INCREMENT, AUTO_INCREMENT=519;

--
-- AUTO_INCREMENT de la tabla `tbl_boutique_protalcolstock`
--
ALTER TABLE `tbl_boutique_protalcolstock`
  MODIFY `ptcs_id` int(11) NOT NULL AUTO_INCREMENT, AUTO_INCREMENT=519;

--
-- AUTO_INCREMENT de la tabla `tbl_boutique_protie`
--
ALTER TABLE `tbl_boutique_protie`
  MODIFY `pti_id` int(11) NOT NULL AUTO_INCREMENT, AUTO_INCREMENT=519;

--
-- AUTO_INCREMENT de la tabla `tbl_boutique_tallas`
--
ALTER TABLE `tbl_boutique_tallas`
  MODIFY `t_id` int(11) NOT NULL AUTO_INCREMENT, AUTO_INCREMENT=27;

--
-- AUTO_INCREMENT de la tabla `tbl_boutique_tiendas`
--
ALTER TABLE `tbl_boutique_tiendas`
  MODIFY `ti_id` int(11) NOT NULL AUTO_INCREMENT, AUTO_INCREMENT=33;

--
-- AUTO_INCREMENT de la tabla `tbl_boutique_tipospago`
--
ALTER TABLE `tbl_boutique_tipospago`
  MODIFY `tp_id` int(11) NOT NULL AUTO_INCREMENT, AUTO_INCREMENT=3;

--
-- AUTO_INCREMENT de la tabla `tbl_boutique_ventas`
--
ALTER TABLE `tbl_boutique_ventas`
  MODIFY `v_id` int(11) NOT NULL AUTO_INCREMENT, AUTO_INCREMENT=292;

--
-- Restricciones para tablas volcadas
--

--
-- Filtros para la tabla `tbl_boutique_abonos`
--
ALTER TABLE `tbl_boutique_abonos`
  ADD CONSTRAINT `fk_ab_apartado` FOREIGN KEY (`ab_apartado`) REFERENCES `tbl_boutique_apartados` (`a_id`),
  ADD CONSTRAINT `fk_ab_tipoPago` FOREIGN KEY (`ab_tipoPago`) REFERENCES `tbl_boutique_tipospago` (`tp_id`);

--
-- Filtros para la tabla `tbl_boutique_apartados`
--
ALTER TABLE `tbl_boutique_apartados`
  ADD CONSTRAINT `fk_a_cliente` FOREIGN KEY (`a_cliente`) REFERENCES `tbl_boutique_clientes` (`cl_id`),
  ADD CONSTRAINT `fk_a_producto` FOREIGN KEY (`a_producto`) REFERENCES `tbl_boutique_productos` (`p_id`);

--
-- Filtros para la tabla `tbl_boutique_gastos`
--
ALTER TABLE `tbl_boutique_gastos`
  ADD CONSTRAINT `fk_g_categoria` FOREIGN KEY (`g_categoria`) REFERENCES `tbl_boutique_categoriagastos` (`cg_id`);

--
-- Filtros para la tabla `tbl_boutique_protal`
--
ALTER TABLE `tbl_boutique_protal`
  ADD CONSTRAINT `fk_pt_producto` FOREIGN KEY (`pt_producto`) REFERENCES `tbl_boutique_productos` (`p_id`),
  ADD CONSTRAINT `fk_pt_talla` FOREIGN KEY (`pt_talla`) REFERENCES `tbl_boutique_tallas` (`t_id`);

--
-- Filtros para la tabla `tbl_boutique_protalcolstock`
--
ALTER TABLE `tbl_boutique_protalcolstock`
  ADD CONSTRAINT `fk_ptcs_color` FOREIGN KEY (`ptcs_color`) REFERENCES `tbl_boutique_colores` (`c_id`),
  ADD CONSTRAINT `fk_ptcs_protal` FOREIGN KEY (`ptcs_protal`) REFERENCES `tbl_boutique_protal` (`pt_id`);

--
-- Filtros para la tabla `tbl_boutique_protie`
--
ALTER TABLE `tbl_boutique_protie`
  ADD CONSTRAINT `fk_pti_producto` FOREIGN KEY (`pti_producto`) REFERENCES `tbl_boutique_productos` (`p_id`),
  ADD CONSTRAINT `fk_pti_tienda` FOREIGN KEY (`pti_tienda`) REFERENCES `tbl_boutique_tiendas` (`ti_id`);

--
-- Filtros para la tabla `tbl_boutique_ventas`
--
ALTER TABLE `tbl_boutique_ventas`
  ADD CONSTRAINT `fk_v_cliente` FOREIGN KEY (`v_cliente`) REFERENCES `tbl_boutique_clientes` (`cl_id`),
  ADD CONSTRAINT `fk_v_pago` FOREIGN KEY (`v_pago`) REFERENCES `tbl_boutique_tipospago` (`tp_id`),
  ADD CONSTRAINT `fk_v_producto` FOREIGN KEY (`v_producto`) REFERENCES `tbl_boutique_productos` (`p_id`);
COMMIT;

/*!40101 SET CHARACTER_SET_CLIENT=@OLD_CHARACTER_SET_CLIENT */;
/*!40101 SET CHARACTER_SET_RESULTS=@OLD_CHARACTER_SET_RESULTS */;
/*!40101 SET COLLATION_CONNECTION=@OLD_COLLATION_CONNECTION */;
